"hex_id","region","state","state_name","county_fips","county_name","center_x_m","center_y_m","center_lon","center_lat","land_fraction","neighbor_ids","facility_count","reported_mw","known_mw_count","operating_count","pipeline_count","direct_opposition_count","plant_count","plant_operating_mw","plant_nameplate_mw","hv_line_km","queue_active_mw","water_factor","water_class","water_withdrawal_mgd","risk_score","drought_score","wildfire_score","flood_score","heat_score","cbp_establishments","incentive","electricity_tax","moratoriums","policy_bills","policy_passed","local_action_count"
"HEX_AK_-5038_4017","AK","AK","Alaska","02016","Aleutians West",-5037936,4016755,173.95,52.1,0.07,"HEX_AK_-4988_3930;HEX_AK_-4988_4103;HEX_AK_-4938_4017",0,0,0,0,0,0,0,0,0,0,,,"Unknown",3.02,2.86,0,,0,0,,0,0,0,2,0,0
"HEX_AK_-5038_4190","AK","AK","Alaska","02016","Aleutians West",-5037936,4189960,171.75,52.95,0.02,"HEX_AK_-4988_4103",0,0,0,0,0,0,0,0,0,0,,,"Unknown",3.02,2.86,0,,0,0,,0,0,0,2,0,0
"HEX_AK_-4988_3930","AK","AK","Alaska","02016","Aleutians West",-4987936,3930152,175.47,52.01,0.01,"HEX_AK_-5038_4017;HEX_AK_-4938_3844;HEX_AK_-4938_4017;HEX_AK_-4888_3930",0,0,0,0,0,0,0,0,0,0,,,"Unknown",3.02,2.86,0,,0,0,,0,0,0,2,0,0
"HEX_AK_-4988_4103","AK","AK","Alaska","02016","Aleutians West",-4987936,4103357,173.3,52.88,0.3,"HEX_AK_-5038_4017;HEX_AK_-5038_4190;HEX_AK_-4938_4017",0,0,0,0,0,0,0,0,0,0,,,"Unknown",3.02,2.86,0,,0,0,,0,0,0,2,0,0
"HEX_AK_-4938_3670","AK","AK","Alaska","02016","Aleutians West",-4937936,3670344,179.05,50.99,0.05,"HEX_AK_-4888_3584;HEX_AK_-4888_3757;HEX_AK_-4838_3670",0,0,0,0,0,0,0,0,0,0,,,"Unknown",3.02,2.86,0,,0,0,,0,0,0,2,0,0
"HEX_AK_-4938_3844","AK","AK","Alaska","02016","Aleutians West",-4937936,3843550,176.98,51.91,0.14,"HEX_AK_-4988_3930;HEX_AK_-4888_3757;HEX_AK_-4888_3930;HEX_AK_-4838_3844",0,0,0,0,0,0,0,0,0,0,,,"Unknown",3.02,2.86,0,,0,0,,0,0,0,2,0,0
"HEX_AK_-4938_4017","AK","AK","Alaska","02016","Aleutians West",-4937936,4016755,174.85,52.8,0.02,"HEX_AK_-5038_4017;HEX_AK_-4988_3930;HEX_AK_-4988_4103;HEX_AK_-4888_3930",0,0,0,0,0,0,0,0,0,0,,,"Unknown",3.02,2.86,0,,0,0,,0,0,0,2,0,0
"HEX_AK_-4888_3584","AK","AK","Alaska","02016","Aleutians West",-4887936,3583742,-179.48,50.86,0.01,"HEX_AK_-4938_3670;HEX_AK_-4838_3670;HEX_AK_-4788_3584",0,0,0,0,0,0,0,0,0,0,,,"Unknown",3.02,2.86,0,,0,0,,0,0,0,2,0,0
"HEX_AK_-4888_3757","AK","AK","Alaska","02016","Aleutians West",-4887936,3756947,178.49,51.79,0.24,"HEX_AK_-4938_3670;HEX_AK_-4938_3844;HEX_AK_-4838_3670;HEX_AK_-4838_3844;HEX_AK_-4788_3757",0,0,0,0,0,0,0,0,0,0,,,"Unknown",3.02,2.86,0,,0,0,,0,0,0,2,0,0
"HEX_AK_-4888_3930","AK","AK","Alaska","02016","Aleutians West",-4887936,3930152,176.39,52.7,0.02,"HEX_AK_-4988_3930;HEX_AK_-4938_3844;HEX_AK_-4938_4017;HEX_AK_-4838_3844",0,0,0,0,0,0,0,0,0,0,,,"Unknown",3.02,2.86,0,,0,0,,0,0,0,2,0,0
"HEX_AK_-4838_3670","AK","AK","Alaska","02016","Aleutians West",-4837936,3670344,179.99,51.66,0.09,"HEX_AK_-4938_3670;HEX_AK_-4888_3584;HEX_AK_-4888_3757;HEX_AK_-4788_3584;HEX_AK_-4788_3757",0,0,0,0,0,0,0,0,0,0,,,"Unknown",3.02,2.86,0,,0,0,,0,0,0,2,0,0
"HEX_AK_-4838_3844","AK","AK","Alaska","02016","Aleutians West",-4837936,3843550,177.92,52.59,0,"HEX_AK_-4938_3844;HEX_AK_-4888_3757;HEX_AK_-4888_3930;HEX_AK_-4788_3757",0,0,0,0,0,0,0,0,0,0,,,"Unknown",3.02,2.86,0,,0,0,,0,0,0,2,0,0
"HEX_AK_-4788_3584","AK","AK","Alaska","02016","Aleutians West",-4787936,3583742,-178.51,51.52,0.29,"HEX_AK_-4888_3584;HEX_AK_-4838_3670;HEX_AK_-4738_3497;HEX_AK_-4688_3584",0,0,0,0,0,0,0,0,0,0,,,"Unknown",3.02,2.86,0,,0,0,,0,0,0,2,0,0
"HEX_AK_-4788_3757","AK","AK","Alaska","02016","Aleutians West",-4787936,3756947,179.45,52.46,0.01,"HEX_AK_-4888_3757;HEX_AK_-4838_3670;HEX_AK_-4838_3844",0,0,0,0,0,0,0,0,0,0,,,"Unknown",3.02,2.86,0,,0,0,,0,0,0,2,0,0
"HEX_AK_-4738_3497","AK","AK","Alaska","02016","Aleutians West",-4737936,3497139,-177.03,51.36,0.16,"HEX_AK_-4788_3584;HEX_AK_-4688_3584;HEX_AK_-4638_3497",0,0,0,0,0,0,0,0,0,0,,,"Unknown",3.02,2.86,0,,0,0,,0,0,0,2,0,0
"HEX_AK_-4688_3584","AK","AK","Alaska","02016","Aleutians West",-4687936,3583742,-177.52,52.17,0.19,"HEX_AK_-4788_3584;HEX_AK_-4738_3497;HEX_AK_-4638_3497",0,0,0,0,0,0,0,0,0,0,,,"Unknown",3.02,2.86,0,,0,0,,0,0,0,2,0,0
"HEX_AK_-4638_3497","AK","AK","Alaska","02016","Aleutians West",-4637936,3497139,-176.02,52,0.37,"HEX_AK_-4738_3497;HEX_AK_-4688_3584;HEX_AK_-4588_3411;HEX_AK_-4538_3497",0,0,0,0,0,0,0,0,0,0,,,"Unknown",3.02,2.86,0,,0,0,,0,0,0,2,0,0
"HEX_AK_-4588_3411","AK","AK","Alaska","02016","Aleutians West",-4587936,3410537,-174.53,51.82,0.25,"HEX_AK_-4638_3497;HEX_AK_-4538_3324;HEX_AK_-4538_3497;HEX_AK_-4488_3411",0,0,0,0,0,0,0,0,0,0,,,"Unknown",3.02,2.86,0,,0,0,,0,0,0,2,0,0
"HEX_AK_-4538_3324","AK","AK","Alaska","02016","Aleutians West",-4537936,3323934,-173.05,51.63,0.04,"HEX_AK_-4588_3411;HEX_AK_-4488_3411;HEX_AK_-4438_3324",0,0,0,0,0,0,0,0,0,0,,,"Unknown",3.02,2.86,0,,0,0,,0,0,0,2,0,0
"HEX_AK_-4538_3497","AK","AK","Alaska","02016","Aleutians West",-4537936,3497139,-175,52.64,0.03,"HEX_AK_-4638_3497;HEX_AK_-4588_3411;HEX_AK_-4488_3411",0,0,0,0,0,0,0,0,0,0,,,"Unknown",3.02,2.86,0,,0,0,,0,0,0,2,0,0
"HEX_AK_-4488_3411","AK","AK","Alaska","02016","Aleutians West",-4487936,3410537,-173.49,52.45,0.21,"HEX_AK_-4588_3411;HEX_AK_-4538_3324;HEX_AK_-4538_3497;HEX_AK_-4438_3324",0,0,0,0,0,0,0,0,0,0,,,"Unknown",3.02,2.86,0,,0,0,,0,0,0,2,0,0
"HEX_AK_-4438_3324","AK","AK","Alaska","02016","Aleutians West",-4437936,3323934,-172,52.25,0.09,"HEX_AK_-4538_3324;HEX_AK_-4488_3411;HEX_AK_-4338_3324",0,0,0,0,0,0,0,0,0,0,,,"Unknown",3.02,2.86,0,,0,0,,0,0,0,2,0,0
"HEX_AK_-4338_3324","AK","AK","Alaska","02016","Aleutians West",-4337936,3323934,-170.92,52.86,0.13,"HEX_AK_-4438_3324;HEX_AK_-4288_3237;HEX_AK_-4238_3324",0,0,0,0,0,0,0,0,0,0,,,"Unknown",3.02,2.86,0,,0,0,,0,0,0,2,0,0
"HEX_AK_-4288_3237","AK","AK","Alaska","02016","Aleutians West",-4287936,3237332,-169.42,52.64,0.2,"HEX_AK_-4338_3324;HEX_AK_-4238_3324;HEX_AK_-4188_3237",0,0,0,0,0,0,0,0,0,0,,,"Unknown",3.02,2.86,0,,0,0,,0,0,0,2,0,0
"HEX_AK_-4238_3324","AK","AK","Alaska","02016","Aleutians West",-4237936,3323934,-169.81,53.47,0.02,"HEX_AK_-4338_3324;HEX_AK_-4288_3237;HEX_AK_-4188_3237;HEX_AK_-4138_3324",0,0,0,0,0,0,0,0,0,0,,,"Unknown",3.02,2.86,0,,0,0,,0,0,0,2,0,0
"HEX_AK_-4188_3237","AK","AK","Alaska","02016","Aleutians West",-4187936,3237332,-168.3,53.23,0.48,"HEX_AK_-4288_3237;HEX_AK_-4238_3324;HEX_AK_-4138_3151;HEX_AK_-4138_3324;HEX_AK_-4088_3237",0,0,0,0,0,0,0,0,0,0,,,"Unknown",3.02,2.86,0,,0,0,,0,0,0,2,0,0
"HEX_AK_-4138_3151","AK","AK","Alaska","02016","Aleutians West",-4137936,3150729,-166.81,52.99,0.04,"HEX_AK_-4188_3237;HEX_AK_-4088_3237;HEX_AK_-4038_3151",0,0,0,0,0,0,0,0,0,0,,,"Unknown",3.02,2.86,0,,0,0,,0,0,0,2,0,0
"HEX_AK_-4138_3324","AK","AK","Alaska","02016","Aleutians West",-4137936,3323934,-168.68,54.07,0.01,"HEX_AK_-4238_3324;HEX_AK_-4188_3237;HEX_AK_-4088_3237",0,0,0,0,0,0,0,0,0,0,,,"Unknown",3.02,2.86,0,,0,0,,0,0,0,2,0,0
"HEX_AK_-4088_3237","AK","AK","Alaska","02016","Aleutians West",-4087936,3237332,-167.16,53.83,0.46,"HEX_AK_-4188_3237;HEX_AK_-4138_3151;HEX_AK_-4138_3324;HEX_AK_-4038_3151;HEX_AK_-3988_3237",0,0,0,0,0,0,4,46.8,47.1,0,,,"Unknown",3.02,2.86,0,,0,0,,0,0,0,2,0,0
"HEX_AK_-4038_3151","AK","AK","Alaska","02016","Aleutians West",-4037936,3150729,-165.65,53.57,0.11,"HEX_AK_-4138_3151;HEX_AK_-4088_3237;HEX_AK_-3988_3237;HEX_AK_-3938_3151",0,0,0,0,0,0,0,0,0,0,,,"Unknown",3.02,2.86,0,,0,0,,0,0,0,2,0,0
"HEX_AK_-3988_3237","AK","AK","Alaska","02013","Aleutians East",-3987936,3237332,-165.99,54.41,0.23,"HEX_AK_-4088_3237;HEX_AK_-4038_3151;HEX_AK_-3938_3151;HEX_AK_-3888_3237",0,0,0,0,0,0,0,0,0,0,,,"Unknown",2.77,4.54,0,,0,0,,0,0,0,2,0,0
"HEX_AK_-3988_3584","AK","AK","Alaska","02016","Aleutians West",-3987936,3583742,-169.89,56.6,0.05,"HEX_AK_-3938_3670",0,0,0,0,0,0,0,0,0,0,,,"Unknown",3.02,2.86,0,,0,0,,0,0,0,2,0,0
"HEX_AK_-3938_3151","AK","AK","Alaska","02013","Aleutians East",-3937936,3150729,-164.47,54.14,0.22,"HEX_AK_-4038_3151;HEX_AK_-3988_3237;HEX_AK_-3888_3064;HEX_AK_-3888_3237;HEX_AK_-3838_3151",0,0,0,0,0,0,0,0,0,0,,,"Unknown",2.77,4.54,0,,0,0,,0,0,0,2,0,0
"HEX_AK_-3938_3670","AK","AK","Alaska","02016","Aleutians West",-3937936,3670344,-170.32,57.45,0.09,"HEX_AK_-3988_3584",0,0,0,0,0,0,0,0,0,0,,,"Unknown",3.02,2.86,0,,0,0,,0,0,0,2,0,0
"HEX_AK_-3888_3064","AK","AK","Alaska","02013","Aleutians East",-3887936,3064127,-162.97,53.86,0.01,"HEX_AK_-3938_3151;HEX_AK_-3838_3151;HEX_AK_-3788_3064",0,0,0,0,0,0,0,0,0,0,,,"Unknown",2.77,4.54,0,,0,0,,0,0,0,2,0,0
"HEX_AK_-3888_3237","AK","AK","Alaska","02013","Aleutians East",-3887936,3237332,-164.79,54.99,0.24,"HEX_AK_-3988_3237;HEX_AK_-3938_3151;HEX_AK_-3838_3151;HEX_AK_-3788_3237",0,0,0,0,0,0,0,0,0,0,,,"Unknown",2.77,4.54,0,,0,0,,0,0,0,2,0,0
"HEX_AK_-3838_3151","AK","AK","Alaska","02013","Aleutians East",-3837936,3150729,-163.27,54.71,0.63,"HEX_AK_-3938_3151;HEX_AK_-3888_3064;HEX_AK_-3888_3237;HEX_AK_-3788_3064;HEX_AK_-3788_3237;HEX_AK_-3738_3151",0,0,0,0,0,0,0,0,0,0,,,"Unknown",2.77,4.54,0,,0,0,,0,0,0,2,0,0
"HEX_AK_-3838_4017","AK","AK","Alaska","02050","Bethel",-3837936,4016755,-173.45,60.23,0.12,"HEX_AK_-3788_3930;HEX_AK_-3738_4017",0,0,0,0,0,0,0,0,0,0,,,"Unknown",0.41,9.37,0,,14.75,0,,0,0,0,2,0,0
"HEX_AK_-3788_3064","AK","AK","Alaska","02013","Aleutians East",-3787936,3064127,-161.76,54.42,0.17,"HEX_AK_-3888_3064;HEX_AK_-3838_3151;HEX_AK_-3738_3151;HEX_AK_-3688_3064",0,0,0,0,0,0,0,0,0,0,,,"Unknown",2.77,4.54,0,,0,0,,0,0,0,2,0,0
"HEX_AK_-3788_3237","AK","AK","Alaska","02013","Aleutians East",-3787936,3237332,-163.57,55.56,0.07,"HEX_AK_-3888_3237;HEX_AK_-3838_3151;HEX_AK_-3738_3151;HEX_AK_-3688_3237",0,0,0,0,0,0,0,0,0,0,,,"Unknown",2.77,4.54,0,,0,0,,0,0,0,2,0,0
"HEX_AK_-3788_3930","AK","AK","Alaska","02050","Bethel",-3787936,3930152,-171.7,60.02,0.03,"HEX_AK_-3838_4017;HEX_AK_-3738_4017",0,0,0,0,0,0,0,0,0,0,,,"Unknown",0.41,9.37,0,,14.75,0,,0,0,0,2,0,0
"HEX_AK_-3738_3151","AK","AK","Alaska","02013","Aleutians East",-3737936,3150729,-162.03,55.27,0.94,"HEX_AK_-3838_3151;HEX_AK_-3788_3064;HEX_AK_-3788_3237;HEX_AK_-3688_3064;HEX_AK_-3688_3237;HEX_AK_-3638_3151",0,0,0,0,0,0,1,3.3,3.9,0,,,"Unknown",2.77,4.54,0,,0,0,,0,0,0,2,0,0
"HEX_AK_-3738_4017","AK","AK","Alaska","02050","Bethel",-3737936,4016755,-172.2,60.88,0.02,"HEX_AK_-3838_4017;HEX_AK_-3788_3930",0,0,0,0,0,0,0,0,0,0,,,"Unknown",0.41,9.37,0,,14.75,0,,0,0,0,2,0,0
"HEX_AK_-3688_3064","AK","AK","Alaska","02013","Aleutians East",-3687936,3064127,-160.51,54.97,0.4,"HEX_AK_-3788_3064;HEX_AK_-3738_3151;HEX_AK_-3638_2978;HEX_AK_-3638_3151;HEX_AK_-3588_3064",0,0,0,0,0,0,1,1.8,3.7,0,,,"Unknown",2.77,4.54,0,,0,0,,0,0,0,2,0,0
"HEX_AK_-3688_3237","AK","AK","Alaska","02013","Aleutians East",-3687936,3237332,-162.32,56.13,0.08,"HEX_AK_-3788_3237;HEX_AK_-3738_3151;HEX_AK_-3638_3151;HEX_AK_-3588_3237",0,0,0,0,0,0,0,0,0,0,,,"Unknown",2.77,4.54,0,,0,0,,0,0,0,2,0,0
"HEX_AK_-3638_2978","AK","AK","Alaska","02013","Aleutians East",-3637936,2977524,-159.01,54.65,0.11,"HEX_AK_-3688_3064;HEX_AK_-3588_3064",0,0,0,0,0,0,0,0,0,0,,,"Unknown",2.77,4.54,0,,0,0,,0,0,0,2,0,0
"HEX_AK_-3638_3151","AK","AK","Alaska","02013","Aleutians East",-3637936,3150729,-160.77,55.82,0.86,"HEX_AK_-3738_3151;HEX_AK_-3688_3064;HEX_AK_-3688_3237;HEX_AK_-3588_3064;HEX_AK_-3588_3237;HEX_AK_-3538_3151",0,0,0,0,0,0,0,0,0,0,,,"Unknown",2.77,4.54,0,,0,0,,0,0,0,2,0,0
"HEX_AK_-3638_3670","AK","AK","Alaska","02050","Bethel",-3637936,3670344,-166.56,59.29,0,"HEX_AK_-3588_3757;HEX_AK_-3538_3670",0,0,0,0,0,0,0,0,0,0,,,"Unknown",0.41,9.37,0,,14.75,0,,0,0,0,2,0,0
"HEX_AK_-3588_3064","AK","AK","Alaska","02164","Lake and Peninsula",-3587936,3064127,-159.24,55.51,0.48,"HEX_AK_-3688_3064;HEX_AK_-3638_2978;HEX_AK_-3638_3151;HEX_AK_-3538_3151;HEX_AK_-3488_3064",0,0,0,0,0,0,0,0,0,0,,,"Unknown",0.34,9.29,0,,0,0,,0,0,0,2,0,0
"HEX_AK_-3588_3237","AK","AK","Alaska","02013","Aleutians East",-3587936,3237332,-161.04,56.69,0,"HEX_AK_-3688_3237;HEX_AK_-3638_3151;HEX_AK_-3538_3151",0,0,0,0,0,0,0,0,0,0,,,"Unknown",2.77,4.54,0,,0,0,,0,0,0,2,0,0
"HEX_AK_-3588_3757","AK","AK","Alaska","02050","Bethel",-3587936,3756947,-166.96,60.16,0.48,"HEX_AK_-3638_3670;HEX_AK_-3538_3670;HEX_AK_-3488_3757",0,0,0,0,0,0,0,0,0,0,,,"Unknown",0.41,9.37,0,,14.75,0,,0,0,0,2,0,0
"HEX_AK_-3538_3151","AK","AK","Alaska","02164","Lake and Peninsula",-3537936,3150729,-159.48,56.37,0.87,"HEX_AK_-3638_3151;HEX_AK_-3588_3064;HEX_AK_-3588_3237;HEX_AK_-3488_3064;HEX_AK_-3438_3151",0,0,0,0,0,0,0,0,0,0,,,"Unknown",0.34,9.29,0,,0,0,,0,0,0,2,0,0
"HEX_AK_-3538_3670","AK","AK","Alaska","02050","Bethel",-3537936,3670344,-165.25,59.89,0.26,"HEX_AK_-3638_3670;HEX_AK_-3588_3757;HEX_AK_-3488_3584;HEX_AK_-3488_3757;HEX_AK_-3438_3670",0,0,0,0,0,0,0,0,0,0,,,"Unknown",0.41,9.37,0,,14.75,0,,0,0,0,2,0,0
"HEX_AK_-3538_4190","AK","AK","Alaska","02180","Nome",-3537936,4189960,-171.92,63.31,0.24,"HEX_AK_-3488_4103;HEX_AK_-3488_4277;HEX_AK_-3438_4190",0,0,0,0,0,0,1,1.8,1.8,0,,,"Unknown",0.75,8.34,0,,6.01,0,,0,0,0,2,0,0
"HEX_AK_-3488_3064","AK","AK","Alaska","02164","Lake and Peninsula",-3487936,3064127,-157.94,56.04,0.79,"HEX_AK_-3588_3064;HEX_AK_-3538_3151;HEX_AK_-3438_2978;HEX_AK_-3438_3151;HEX_AK_-3388_3064",0,0,0,0,0,0,0,0,0,0,,,"Unknown",0.34,9.29,0,,0,0,,0,0,0,2,0,0
"HEX_AK_-3488_3411","AK","AK","Alaska","02050","Bethel",-3487936,3410537,-161.6,58.42,0.28,"HEX_AK_-3438_3324;HEX_AK_-3438_3497;HEX_AK_-3388_3411",0,0,0,0,0,0,0,0,0,0,,,"Unknown",0.41,9.37,0,,14.75,0,,0,0,0,2,0,0
"HEX_AK_-3488_3584","AK","AK","Alaska","02050","Bethel",-3487936,3583742,-163.56,59.6,0.3,"HEX_AK_-3538_3670;HEX_AK_-3438_3497;HEX_AK_-3438_3670;HEX_AK_-3388_3584",0,0,0,0,0,0,0,0,0,0,,,"Unknown",0.41,9.37,0,,14.75,0,,0,0,0,2,0,0
"HEX_AK_-3488_3757","AK","AK","Alaska","02050","Bethel",-3487936,3756947,-165.62,60.77,0.4,"HEX_AK_-3588_3757;HEX_AK_-3538_3670;HEX_AK_-3438_3670;HEX_AK_-3438_3844;HEX_AK_-3388_3757",0,0,0,0,0,0,1,2.1,2.1,0,,,"Unknown",0.41,9.37,0,,14.75,0,,0,0,0,2,0,0
"HEX_AK_-3488_4103","AK","AK","Alaska","02180","Nome",-3487936,4103357,-170.07,63.07,0.41,"HEX_AK_-3538_4190;HEX_AK_-3438_4017;HEX_AK_-3438_4190;HEX_AK_-3388_4103",0,0,0,0,0,0,0,0,0,0,,,"Unknown",0.75,8.34,0,,6.01,0,,0,0,0,2,0,0
"HEX_AK_-3488_4277","AK","AK","Alaska","02180","Nome",-3487936,4276562,-172.46,64.2,0,"HEX_AK_-3538_4190;HEX_AK_-3438_4190",0,0,0,0,0,0,0,0,0,0,,,"Unknown",0.75,8.34,0,,6.01,0,,0,0,0,2,0,0
"HEX_AK_-3438_2978","AK","AK","Alaska","02150","Kodiak Island",-3437936,2977524,-156.43,55.7,0.07,"HEX_AK_-3488_3064;HEX_AK_-3388_2891;HEX_AK_-3388_3064;HEX_AK_-3338_2978",0,0,0,0,0,0,0,0,0,0,,,"Unknown",16.14,9.13,0,,0,0,,0,0,0,2,0,0
"HEX_AK_-3438_3151","AK","AK","Alaska","02164","Lake and Peninsula",-3437936,3150729,-158.16,56.91,0.97,"HEX_AK_-3538_3151;HEX_AK_-3488_3064;HEX_AK_-3388_3064;HEX_AK_-3388_3237;HEX_AK_-3338_3151",0,0,0,0,0,0,0,0,0,0,,,"Unknown",0.34,9.29,0,,0,0,,0,0,0,2,0,0
"HEX_AK_-3438_3324","AK","AK","Alaska","02070","Dillingham",-3437936,3323934,-159.98,58.11,0,"HEX_AK_-3488_3411;HEX_AK_-3388_3237;HEX_AK_-3388_3411;HEX_AK_-3338_3324",0,0,0,0,0,0,0,0,0,0,,,"Unknown",0.35,5.87,0,,7.91,0,,0,0,0,2,0,0
"HEX_AK_-3438_3497","AK","AK","Alaska","02050","Bethel",-3437936,3497139,-161.89,59.3,0.58,"HEX_AK_-3488_3411;HEX_AK_-3488_3584;HEX_AK_-3388_3411;HEX_AK_-3388_3584;HEX_AK_-3338_3497",0,0,0,0,0,0,1,1.3,1.3,0,,,"Unknown",0.41,9.37,0,,14.75,0,,0,0,0,2,0,0
"HEX_AK_-3438_3670","AK","AK","Alaska","02050","Bethel",-3437936,3670344,-163.9,60.48,1,"HEX_AK_-3538_3670;HEX_AK_-3488_3584;HEX_AK_-3488_3757;HEX_AK_-3388_3584;HEX_AK_-3388_3757;HEX_AK_-3338_3670",0,0,0,0,0,0,0,0,0,0,,,"Unknown",0.41,9.37,0,,14.75,0,,0,0,0,2,0,0
"HEX_AK_-3438_3844","AK","AK","Alaska","02158","Kusilvak",-3437936,3843550,-166.01,61.65,0.57,"HEX_AK_-3488_3757;HEX_AK_-3388_3757;HEX_AK_-3388_3930;HEX_AK_-3338_3844",0,0,0,0,0,0,3,5.3,5.3,0,,,"Unknown",0.66,6.24,0,,12.55,0,,0,0,0,2,0,0
"HEX_AK_-3438_4017","AK","AK","Alaska","02180","Nome",-3437936,4016755,-168.23,62.82,0.04,"HEX_AK_-3488_4103;HEX_AK_-3388_3930;HEX_AK_-3388_4103",0,0,0,0,0,0,0,0,0,0,,,"Unknown",0.75,8.34,0,,6.01,0,,0,0,0,2,0,0
"HEX_AK_-3438_4190","AK","AK","Alaska","02180","Nome",-3437936,4189960,-170.57,63.97,0.15,"HEX_AK_-3538_4190;HEX_AK_-3488_4103;HEX_AK_-3488_4277;HEX_AK_-3388_4103",0,0,0,0,0,0,1,1.7,1.7,0,,,"Unknown",0.75,8.34,0,,6.01,0,,0,0,0,2,0,0
"HEX_AK_-3388_2891","AK","AK","Alaska","02150","Kodiak Island",-3387936,2890922,-154.93,55.35,0,"HEX_AK_-3438_2978;HEX_AK_-3338_2978",0,0,0,0,0,0,0,0,0,0,,,"Unknown",16.14,9.13,0,,0,0,,0,0,0,2,0,0
"HEX_AK_-3388_3064","AK","AK","Alaska","02164","Lake and Peninsula",-3387936,3064127,-156.62,56.57,0.5,"HEX_AK_-3488_3064;HEX_AK_-3438_2978;HEX_AK_-3438_3151;HEX_AK_-3338_2978;HEX_AK_-3338_3151;HEX_AK_-3288_3064",0,0,0,0,0,0,0,0,0,0,,,"Unknown",0.34,9.29,0,,0,0,,0,0,0,2,0,0
"HEX_AK_-3388_3237","AK","AK","Alaska","02164","Lake and Peninsula",-3387936,3237332,-158.39,57.78,0.55,"HEX_AK_-3438_3151;HEX_AK_-3438_3324;HEX_AK_-3338_3151;HEX_AK_-3338_3324;HEX_AK_-3288_3237",0,0,0,0,0,0,0,0,0,0,,,"Unknown",0.34,9.29,0,,0,0,,0,0,0,2,0,0
"HEX_AK_-3388_3411","AK","AK","Alaska","02070","Dillingham",-3387936,3410537,-160.25,58.98,0.86,"HEX_AK_-3488_3411;HEX_AK_-3438_3324;HEX_AK_-3438_3497;HEX_AK_-3338_3324;HEX_AK_-3338_3497;HEX_AK_-3288_3411",0,0,0,0,0,0,1,2.8,2.8,0,,,"Unknown",0.35,5.87,0,,7.91,0,,0,0,0,2,0,0
"HEX_AK_-3388_3584","AK","AK","Alaska","02050","Bethel",-3387936,3583742,-162.2,60.18,0.94,"HEX_AK_-3488_3584;HEX_AK_-3438_3497;HEX_AK_-3438_3670;HEX_AK_-3338_3497;HEX_AK_-3338_3670;HEX_AK_-3288_3584",0,0,0,0,0,0,0,0,0,0,,,"Unknown",0.41,9.37,0,,14.75,0,,0,0,0,2,0,0
"HEX_AK_-3388_3757","AK","AK","Alaska","02158","Kusilvak",-3387936,3756947,-164.25,61.37,1,"HEX_AK_-3488_3757;HEX_AK_-3438_3670;HEX_AK_-3438_3844;HEX_AK_-3338_3670;HEX_AK_-3338_3844;HEX_AK_-3288_3757",0,0,0,0,0,0,0,0,0,0,,,"Unknown",0.66,6.24,0,,12.55,0,,0,0,0,2,0,0
"HEX_AK_-3388_3930","AK","AK","Alaska","02158","Kusilvak",-3387936,3930152,-166.42,62.55,0.01,"HEX_AK_-3438_3844;HEX_AK_-3438_4017;HEX_AK_-3338_3844;HEX_AK_-3288_3930",0,0,0,0,0,0,0,0,0,0,,,"Unknown",0.66,6.24,0,,12.55,0,,0,0,0,2,0,0
"HEX_AK_-3388_4103","AK","AK","Alaska","02180","Nome",-3387936,4103357,-168.69,63.72,0.06,"HEX_AK_-3488_4103;HEX_AK_-3438_4017;HEX_AK_-3438_4190;HEX_AK_-3288_4103",0,0,0,0,0,0,0,0,0,0,,,"Unknown",0.75,8.34,0,,6.01,0,,0,0,0,2,0,0
"HEX_AK_-3338_2978","AK","AK","Alaska","02150","Kodiak Island",-3337936,2977524,-155.1,56.21,0.07,"HEX_AK_-3438_2978;HEX_AK_-3388_2891;HEX_AK_-3388_3064;HEX_AK_-3288_3064;HEX_AK_-3238_2978",0,0,0,0,0,0,0,0,0,0,,,"Unknown",16.14,9.13,0,,0,0,,0,0,0,2,0,0
"HEX_AK_-3338_3151","AK","AK","Alaska","02164","Lake and Peninsula",-3337936,3150729,-156.81,57.44,0.96,"HEX_AK_-3438_3151;HEX_AK_-3388_3064;HEX_AK_-3388_3237;HEX_AK_-3288_3064;HEX_AK_-3288_3237;HEX_AK_-3238_3151",0,0,0,0,0,0,0,0,0,0,,,"Unknown",0.34,9.29,0,,0,0,,0,0,0,2,0,0
"HEX_AK_-3338_3324","AK","AK","Alaska","02070","Dillingham",-3337936,3323934,-158.62,58.66,0.78,"HEX_AK_-3438_3324;HEX_AK_-3388_3237;HEX_AK_-3388_3411;HEX_AK_-3288_3411;HEX_AK_-3288_3237;HEX_AK_-3238_3324",0,0,0,0,0,0,1,11,11,0,,,"Unknown",0.35,5.87,0,,7.91,0,,0,0,0,2,0,0
"HEX_AK_-3338_3497","AK","AK","Alaska","02050","Bethel",-3337936,3497139,-160.52,59.87,1,"HEX_AK_-3438_3497;HEX_AK_-3388_3411;HEX_AK_-3388_3584;HEX_AK_-3288_3411;HEX_AK_-3288_3584;HEX_AK_-3238_3497",0,0,0,0,0,0,0,0,0,0,,,"Unknown",0.41,9.37,0,,14.75,0,,0,0,0,2,0,0
"HEX_AK_-3338_3670","AK","AK","Alaska","02050","Bethel",-3337936,3670344,-162.52,61.07,1,"HEX_AK_-3438_3670;HEX_AK_-3388_3584;HEX_AK_-3388_3757;HEX_AK_-3288_3584;HEX_AK_-3288_3757;HEX_AK_-3238_3670",0,0,0,0,0,0,3,12.8,15.4,0,,,"Unknown",0.41,9.37,0,,14.75,0,,0,0,0,2,0,0
"HEX_AK_-3338_3844","AK","AK","Alaska","02158","Kusilvak",-3337936,3843550,-164.62,62.27,0.98,"HEX_AK_-3438_3844;HEX_AK_-3388_3757;HEX_AK_-3388_3930;HEX_AK_-3288_3757;HEX_AK_-3288_3930;HEX_AK_-3238_3844",0,0,0,0,0,0,1,0,0.8,0,,,"Unknown",0.66,6.24,0,,12.55,0,,0,0,0,2,0,0
"HEX_AK_-3288_3411","AK","AK","Alaska","02070","Dillingham",-3287936,3410537,-158.86,59.54,1,"HEX_AK_-3388_3411;HEX_AK_-3338_3324;HEX_AK_-3338_3497;HEX_AK_-3238_3324;HEX_AK_-3238_3497;HEX_AK_-3188_3411",0,0,0,0,0,0,0,0,0,0,,,"Unknown",0.35,5.87,0,,7.91,0,,0,0,0,2,0,0
"HEX_AK_-3288_3064","AK","AK","Alaska","02150","Kodiak Island",-3287936,3064127,-155.26,57.09,0.11,"HEX_AK_-3388_3064;HEX_AK_-3338_2978;HEX_AK_-3338_3151;HEX_AK_-3238_2978;HEX_AK_-3238_3151;HEX_AK_-3188_3064",0,0,0,0,0,0,0,0,0,0,,,"Unknown",16.14,9.13,0,,0,0,,0,0,0,2,0,0
"HEX_AK_-3288_3237","AK","AK","Alaska","02164","Lake and Peninsula",-3287936,3237332,-157.02,58.32,1,"HEX_AK_-3388_3237;HEX_AK_-3338_3151;HEX_AK_-3338_3324;HEX_AK_-3238_3151;HEX_AK_-3238_3324;HEX_AK_-3188_3237",0,0,0,0,0,0,1,16.5,16.5,0,,,"Unknown",0.34,9.29,0,,0,0,,0,0,0,2,0,0
"HEX_AK_-3288_3584","AK","AK","Alaska","02050","Bethel",-3287936,3583742,-160.8,60.76,1,"HEX_AK_-3388_3584;HEX_AK_-3338_3497;HEX_AK_-3338_3670;HEX_AK_-3238_3497;HEX_AK_-3238_3670;HEX_AK_-3188_3584",0,0,0,0,0,0,0,0,0,0,,,"Unknown",0.41,9.37,0,,14.75,0,,0,0,0,2,0,0
"HEX_AK_-3288_3757","AK","AK","Alaska","02158","Kusilvak",-3287936,3756947,-162.85,61.97,1,"HEX_AK_-3388_3757;HEX_AK_-3338_3670;HEX_AK_-3338_3844;HEX_AK_-3238_3670;HEX_AK_-3238_3844;HEX_AK_-3188_3757",0,0,0,0,0,0,4,8.8,8.8,0,,,"Unknown",0.66,6.24,0,,12.55,0,,0,0,0,2,0,0
"HEX_AK_-3288_3930","AK","AK","Alaska","02158","Kusilvak",-3287936,3930152,-165,63.17,0.27,"HEX_AK_-3388_3930;HEX_AK_-3338_3844;HEX_AK_-3238_3844;HEX_AK_-3238_4017;HEX_AK_-3188_3930",0,0,0,0,0,0,1,1.4,3.2,0,,,"Unknown",0.66,6.24,0,,12.55,0,,0,0,0,2,0,0
"HEX_AK_-3288_4103","AK","AK","Alaska","02180","Nome",-3287936,4103357,-167.27,64.37,0.01,"HEX_AK_-3388_4103;HEX_AK_-3238_4017;HEX_AK_-3238_4190;HEX_AK_-3188_4103",0,0,0,0,0,0,0,0,0,0,,,"Unknown",0.75,8.34,0,,6.01,0,,0,0,0,2,0,0
"HEX_AK_-3288_4277","AK","AK","Alaska","02180","Nome",-3287936,4276562,-169.66,65.56,0.03,"HEX_AK_-3238_4190;HEX_AK_-3188_4277",0,0,0,0,0,0,0,0,0,0,,,"Unknown",0.75,8.34,0,,6.01,0,,0,0,0,2,0,0
"HEX_AK_-3238_2978","AK","AK","Alaska","02150","Kodiak Island",-3237936,2977524,-153.74,56.72,0.46,"HEX_AK_-3338_2978;HEX_AK_-3288_3064;HEX_AK_-3188_3064;HEX_AK_-3138_2978",0,0,0,0,0,0,0,0,0,0,,,"Unknown",16.14,9.13,0,,0,0,,0,0,0,2,0,0
"HEX_AK_-3238_3151","AK","AK","Alaska","02164","Lake and Peninsula",-3237936,3150729,-155.44,57.96,0.81,"HEX_AK_-3338_3151;HEX_AK_-3288_3064;HEX_AK_-3288_3237;HEX_AK_-3188_3064;HEX_AK_-3188_3237;HEX_AK_-3138_3151",0,0,0,0,0,0,0,0,0,0,,,"Unknown",0.34,9.29,0,,0,0,,0,0,0,2,0,0
"HEX_AK_-3238_3324","AK","AK","Alaska","02164","Lake and Peninsula",-3237936,3323934,-157.23,59.2,1,"HEX_AK_-3338_3324;HEX_AK_-3288_3411;HEX_AK_-3288_3237;HEX_AK_-3188_3411;HEX_AK_-3188_3237;HEX_AK_-3138_3324",0,0,0,0,0,0,1,1.3,1.3,0,,,"Unknown",0.34,9.29,0,,0,0,,0,0,0,2,0,0
"HEX_AK_-3238_3497","AK","AK","Alaska","02070","Dillingham",-3237936,3497139,-159.11,60.43,1,"HEX_AK_-3338_3497;HEX_AK_-3288_3411;HEX_AK_-3288_3584;HEX_AK_-3188_3411;HEX_AK_-3188_3584;HEX_AK_-3138_3497",0,0,0,0,0,0,0,0,0,0,,,"Unknown",0.35,5.87,0,,7.91,0,,0,0,0,2,0,0
"HEX_AK_-3238_3670","AK","AK","Alaska","02158","Kusilvak",-3237936,3670344,-161.1,61.65,1,"HEX_AK_-3338_3670;HEX_AK_-3288_3584;HEX_AK_-3288_3757;HEX_AK_-3188_3584;HEX_AK_-3188_3757;HEX_AK_-3138_3670",0,0,0,0,0,0,1,1.1,1.1,0,,,"Unknown",0.66,6.24,0,,12.55,0,,0,0,0,2,0,0
"HEX_AK_-3238_3844","AK","AK","Alaska","02158","Kusilvak",-3237936,3843550,-163.19,62.87,0.9,"HEX_AK_-3338_3844;HEX_AK_-3288_3757;HEX_AK_-3288_3930;HEX_AK_-3188_3757;HEX_AK_-3188_3930;HEX_AK_-3138_3844",0,0,0,0,0,0,1,1.4,1.4,0,,,"Unknown",0.66,6.24,0,,12.55,0,,0,0,0,2,0,0
"HEX_AK_-3238_4017","AK","AK","Alaska","02180","Nome",-3237936,4016755,-165.4,64.08,0.08,"HEX_AK_-3288_3930;HEX_AK_-3288_4103;HEX_AK_-3188_3930;HEX_AK_-3188_4103;HEX_AK_-3138_4017",0,0,0,0,0,0,1,18.4,18.4,0,,,"Unknown",0.75,8.34,0,,6.01,0,,0,0,0,2,0,0
"HEX_AK_-3238_4190","AK","AK","Alaska","02180","Nome",-3237936,4189960,-167.73,65.29,0.36,"HEX_AK_-3288_4103;HEX_AK_-3288_4277;HEX_AK_-3188_4103;HEX_AK_-3188_4277;HEX_AK_-3138_4190",0,0,0,0,0,0,0,0,0,0,,,"Unknown",0.75,8.34,0,,6.01,0,,0,0,0,2,0,0
"HEX_AK_-3188_3411","AK","AK","Alaska","02070","Dillingham",-3187936,3410537,-157.45,60.09,1,"HEX_AK_-3288_3411;HEX_AK_-3238_3324;HEX_AK_-3238_3497;HEX_AK_-3138_3324;HEX_AK_-3138_3497;HEX_AK_-3088_3411",0,0,0,0,0,0,0,0,0,0,,,"Unknown",0.35,5.87,0,,7.91,0,,0,0,0,2,0,0
"HEX_AK_-3188_3064","AK","AK","Alaska","02150","Kodiak Island",-3187936,3064127,-153.88,57.6,0.8,"HEX_AK_-3288_3064;HEX_AK_-3238_2978;HEX_AK_-3238_3151;HEX_AK_-3138_2978;HEX_AK_-3138_3151;HEX_AK_-3088_3064",0,0,0,0,0,0,0,0,0,0,,,"Unknown",16.14,9.13,0,,0,0,,0,0,0,2,0,0
"HEX_AK_-3188_3237","AK","AK","Alaska","02164","Lake and Peninsula",-3187936,3237332,-155.62,58.84,1,"HEX_AK_-3288_3237;HEX_AK_-3238_3151;HEX_AK_-3238_3324;HEX_AK_-3138_3151;HEX_AK_-3138_3324;HEX_AK_-3088_3237",0,0,0,0,0,0,0,0,0,0,,,"Unknown",0.34,9.29,0,,0,0,,0,0,0,2,0,0
"HEX_AK_-3188_3584","AK","AK","Alaska","02050","Bethel",-3187936,3583742,-159.37,61.32,1,"HEX_AK_-3288_3584;HEX_AK_-3238_3497;HEX_AK_-3238_3670;HEX_AK_-3138_3497;HEX_AK_-3138_3670;HEX_AK_-3088_3584",0,0,0,0,0,0,1,1.7,1.7,0,,,"Unknown",0.41,9.37,0,,14.75,0,,0,0,0,2,0,0
"HEX_AK_-3188_3757","AK","AK","Alaska","02158","Kusilvak",-3187936,3756947,-161.41,62.56,1,"HEX_AK_-3288_3757;HEX_AK_-3238_3670;HEX_AK_-3238_3844;HEX_AK_-3138_3670;HEX_AK_-3138_3844;HEX_AK_-3088_3757",0,0,0,0,0,0,0,0,0,0,,,"Unknown",0.66,6.24,0,,12.55,0,,0,0,0,2,0,0
"HEX_AK_-3188_3930","AK","AK","Alaska","02180","Nome",-3187936,3930152,-163.55,63.79,0.01,"HEX_AK_-3288_3930;HEX_AK_-3238_3844;HEX_AK_-3238_4017;HEX_AK_-3138_3844;HEX_AK_-3138_4017;HEX_AK_-3088_3930",0,0,0,0,0,0,0,0,0,0,,,"Unknown",0.75,8.34,0,,6.01,0,,0,0,0,2,0,0
"HEX_AK_-3188_4103","AK","AK","Alaska","02180","Nome",-3187936,4103357,-165.81,65.01,0.96,"HEX_AK_-3288_4103;HEX_AK_-3238_4017;HEX_AK_-3238_4190;HEX_AK_-3138_4017;HEX_AK_-3138_4190;HEX_AK_-3088_4103",0,0,0,0,0,0,1,1,1,0,,,"Unknown",0.75,8.34,0,,6.01,0,,0,0,0,2,0,0
"HEX_AK_-3188_4277","AK","AK","Alaska","02180","Nome",-3187936,4276562,-168.2,66.23,0.02,"HEX_AK_-3288_4277;HEX_AK_-3238_4190;HEX_AK_-3138_4190",0,0,0,0,0,0,0,0,0,0,,,"Unknown",0.75,8.34,0,,6.01,0,,0,0,0,2,0,0
"HEX_AK_-3138_2978","AK","AK","Alaska","02150","Kodiak Island",-3137936,2977524,-152.35,57.22,0.33,"HEX_AK_-3238_2978;HEX_AK_-3188_3064;HEX_AK_-3088_3064",0,0,0,0,0,0,0,0,0,0,,,"Unknown",16.14,9.13,0,,0,0,,0,0,0,2,0,0
"HEX_AK_-3138_3151","AK","AK","Alaska","02150","Kodiak Island",-3137936,3150729,-154.03,58.48,0.7,"HEX_AK_-3238_3151;HEX_AK_-3188_3064;HEX_AK_-3188_3237;HEX_AK_-3088_3064;HEX_AK_-3088_3237;HEX_AK_-3038_3151",0,0,0,0,0,0,0,0,0,0,,,"Unknown",16.14,9.13,0,,0,0,,0,0,0,2,0,0
"HEX_AK_-3138_3324","AK","AK","Alaska","02164","Lake and Peninsula",-3137936,3323934,-155.81,59.73,1,"HEX_AK_-3238_3324;HEX_AK_-3188_3411;HEX_AK_-3188_3237;HEX_AK_-3088_3237;HEX_AK_-3088_3411;HEX_AK_-3038_3324",0,0,0,0,0,0,0,0,0,0,,,"Unknown",0.34,9.29,0,,0,0,,0,0,0,2,0,0
"HEX_AK_-3138_3497","AK","AK","Alaska","02050","Bethel",-3137936,3497139,-157.67,60.98,1,"HEX_AK_-3238_3497;HEX_AK_-3188_3411;HEX_AK_-3188_3584;HEX_AK_-3088_3584;HEX_AK_-3088_3411;HEX_AK_-3038_3497",0,0,0,0,0,0,0,0,0,0,,,"Unknown",0.41,9.37,0,,14.75,0,,0,0,0,2,0,0
"HEX_AK_-3138_3670","AK","AK","Alaska","02290","Yukon-Koyukuk",-3137936,3670344,-159.65,62.23,1,"HEX_AK_-3238_3670;HEX_AK_-3188_3584;HEX_AK_-3188_3757;HEX_AK_-3088_3584;HEX_AK_-3088_3757;HEX_AK_-3038_3670",0,0,0,0,0,0,0,0,0,0,,,"Unknown",0.33,13.33,0,,23.46,0,,0,0,0,2,0,0
"HEX_AK_-3138_3844","AK","AK","Alaska","02180","Nome",-3137936,3843550,-161.73,63.47,0.65,"HEX_AK_-3238_3844;HEX_AK_-3188_3757;HEX_AK_-3188_3930;HEX_AK_-3088_3757;HEX_AK_-3088_3930;HEX_AK_-3038_3844",0,0,0,0,0,0,2,2,2.7,0,,,"Unknown",0.75,8.34,0,,6.01,0,,0,0,0,2,0,0
"HEX_AK_-3138_4017","AK","AK","Alaska","02180","Nome",-3137936,4016755,-163.92,64.71,0.79,"HEX_AK_-3238_4017;HEX_AK_-3188_3930;HEX_AK_-3188_4103;HEX_AK_-3088_3930;HEX_AK_-3088_4103;HEX_AK_-3038_4017",0,0,0,0,0,0,0,0,0,0,,,"Unknown",0.75,8.34,0,,6.01,0,,0,0,0,2,0,0
"HEX_AK_-3138_4190","AK","AK","Alaska","02180","Nome",-3137936,4189960,-166.24,65.95,0.83,"HEX_AK_-3238_4190;HEX_AK_-3188_4103;HEX_AK_-3188_4277;HEX_AK_-3088_4103;HEX_AK_-3038_4190",0,0,0,0,0,0,1,1.5,2,0,,,"Unknown",0.75,8.34,0,,6.01,0,,0,0,0,2,0,0
"HEX_AK_-3088_3064","AK","AK","Alaska","02150","Kodiak Island",-3087936,3064127,-152.47,58.1,0.77,"HEX_AK_-3188_3064;HEX_AK_-3138_2978;HEX_AK_-3138_3151;HEX_AK_-3038_3151;HEX_AK_-2988_3064",0,0,0,0,0,0,8,84.8,84.8,0,,,"Unknown",16.14,9.13,0,,0,0,,0,0,0,2,0,0
"HEX_AK_-3088_3237","AK","AK","Alaska","02122","Kenai Peninsula",-3087936,3237332,-154.19,59.36,1,"HEX_AK_-3188_3237;HEX_AK_-3138_3151;HEX_AK_-3138_3324;HEX_AK_-3038_3151;HEX_AK_-3038_3324;HEX_AK_-2988_3237",0,0,0,0,0,0,0,0,0,0,,,"Unknown",15.53,14.15,0,,6.81,0,,0,0,0,2,0,0
"HEX_AK_-3088_3584","AK","AK","Alaska","02050","Bethel",-3087936,3583742,-157.91,61.88,1,"HEX_AK_-3188_3584;HEX_AK_-3138_3497;HEX_AK_-3138_3670;HEX_AK_-3038_3497;HEX_AK_-3038_3670;HEX_AK_-2988_3584",0,0,0,0,0,0,0,0,0,0,,,"Unknown",0.41,9.37,0,,14.75,0,,0,0,0,2,0,0
"HEX_AK_-3088_3757","AK","AK","Alaska","02290","Yukon-Koyukuk",-3087936,3756947,-159.93,63.14,1,"HEX_AK_-3188_3757;HEX_AK_-3138_3670;HEX_AK_-3138_3844;HEX_AK_-3038_3670;HEX_AK_-3038_3844;HEX_AK_-2988_3757",0,0,0,0,0,0,0,0,0,0,,,"Unknown",0.33,13.33,0,,23.46,0,,0,0,0,2,0,0
"HEX_AK_-3088_3930","AK","AK","Alaska","02180","Nome",-3087936,3930152,-162.06,64.39,0.54,"HEX_AK_-3188_3930;HEX_AK_-3138_3844;HEX_AK_-3138_4017;HEX_AK_-3038_3844;HEX_AK_-3038_4017;HEX_AK_-2988_3930",0,0,0,0,0,0,1,1.1,1.5,0,,,"Unknown",0.75,8.34,0,,6.01,0,,0,0,0,2,0,0
"HEX_AK_-3088_4103","AK","AK","Alaska","02180","Nome",-3087936,4103357,-164.31,65.65,1,"HEX_AK_-3188_4103;HEX_AK_-3138_4017;HEX_AK_-3138_4190;HEX_AK_-3038_4017;HEX_AK_-3038_4190;HEX_AK_-2988_4103",0,0,0,0,0,0,0,0,0,0,,,"Unknown",0.75,8.34,0,,6.01,0,,0,0,0,2,0,0
"HEX_AK_-3088_3411","AK","AK","Alaska","02164","Lake and Peninsula",-3087936,3410537,-156,60.62,1,"HEX_AK_-3188_3411;HEX_AK_-3138_3324;HEX_AK_-3138_3497;HEX_AK_-3038_3324;HEX_AK_-3038_3497;HEX_AK_-2988_3411",0,0,0,0,0,0,0,0,0,0,,,"Unknown",0.34,9.29,0,,0,0,,0,0,0,2,0,0
"HEX_AK_-3038_3151","AK","AK","Alaska","02122","Kenai Peninsula",-3037936,3150729,-152.6,58.98,0.63,"HEX_AK_-3138_3151;HEX_AK_-3088_3064;HEX_AK_-3088_3237;HEX_AK_-2988_3064;HEX_AK_-2988_3237;HEX_AK_-2938_3151",0,0,0,0,0,0,0,0,0,0,,,"Unknown",15.53,14.15,0,,6.81,0,,0,0,0,2,0,0
"HEX_AK_-3038_3324","AK","AK","Alaska","02164","Lake and Peninsula",-3037936,3323934,-154.35,60.25,1,"HEX_AK_-3138_3324;HEX_AK_-3088_3237;HEX_AK_-3088_3411;HEX_AK_-2988_3411;HEX_AK_-2988_3237;HEX_AK_-2938_3324",0,0,0,0,0,0,1,1.7,1.7,0,,,"Unknown",0.34,9.29,0,,0,0,,0,0,0,2,0,0
"HEX_AK_-3038_3497","AK","AK","Alaska","02050","Bethel",-3037936,3497139,-156.2,61.52,1,"HEX_AK_-3138_3497;HEX_AK_-3088_3584;HEX_AK_-3088_3411;HEX_AK_-2988_3411;HEX_AK_-2988_3584;HEX_AK_-2938_3497",0,0,0,0,0,0,0,0,0,0,,,"Unknown",0.41,9.37,0,,14.75,0,,0,0,0,2,0,0
"HEX_AK_-3038_3670","AK","AK","Alaska","02290","Yukon-Koyukuk",-3037936,3670344,-158.16,62.79,1,"HEX_AK_-3138_3670;HEX_AK_-3088_3584;HEX_AK_-3088_3757;HEX_AK_-2988_3584;HEX_AK_-2988_3757;HEX_AK_-2938_3670",0,0,0,0,0,0,0,0,0,0,,,"Unknown",0.33,13.33,0,,23.46,0,,0,0,0,2,0,0
"HEX_AK_-3038_3844","AK","AK","Alaska","02180","Nome",-3037936,3843550,-160.22,64.06,0.94,"HEX_AK_-3138_3844;HEX_AK_-3088_3757;HEX_AK_-3088_3930;HEX_AK_-2988_3757;HEX_AK_-2988_3930;HEX_AK_-2938_3844",0,0,0,0,0,0,1,2,2,0,,,"Unknown",0.75,8.34,0,,6.01,0,,0,0,0,2,0,0
"HEX_AK_-3038_4017","AK","AK","Alaska","02180","Nome",-3037936,4016755,-162.41,65.33,1,"HEX_AK_-3138_4017;HEX_AK_-3088_3930;HEX_AK_-3088_4103;HEX_AK_-2988_3930;HEX_AK_-2988_4103;HEX_AK_-2938_4017",0,0,0,0,0,0,0,0,0,0,,,"Unknown",0.75,8.34,0,,6.01,0,,0,0,0,2,0,0
"HEX_AK_-3038_4363","AK","AK","Alaska","02185","North Slope",-3037936,4363165,-167.16,67.86,0.02,"HEX_AK_-2988_4277;HEX_AK_-2938_4363",0,0,0,0,0,0,1,3.1,3.1,0,,,"Unknown",126.57,5.03,0,,0,0,,0,0,0,2,0,0
"HEX_AK_-3038_4190","AK","AK","Alaska","02180","Nome",-3037936,4189960,-164.72,66.6,0.46,"HEX_AK_-3138_4190;HEX_AK_-3088_4103;HEX_AK_-2988_4103;HEX_AK_-2988_4277;HEX_AK_-2938_4190",0,0,0,0,0,0,0,0,0,0,,,"Unknown",0.75,8.34,0,,6.01,0,,0,0,0,2,0,0
"HEX_AK_-2988_3411","AK","AK","Alaska","02050","Bethel",-2987936,3410537,-154.52,61.15,1,"HEX_AK_-3088_3411;HEX_AK_-3038_3324;HEX_AK_-3038_3497;HEX_AK_-2938_3324;HEX_AK_-2938_3497;HEX_AK_-2888_3411",0,0,0,0,0,0,0,0,0,0,,,"Unknown",0.41,9.37,0,,14.75,0,,0,0,0,2,0,0
"HEX_AK_-2988_3064","AK","AK","Alaska","02150","Kodiak Island",-2987936,3064127,-151.03,58.59,0,"HEX_AK_-3088_3064;HEX_AK_-3038_3151;HEX_AK_-2938_3151;HEX_AK_-2888_3064",0,0,0,0,0,0,0,0,0,0,,,"Unknown",16.14,9.13,0,,0,0,,0,0,0,2,0,0
"HEX_AK_-2988_3237","AK","AK","Alaska","02122","Kenai Peninsula",-2987936,3237332,-152.73,59.87,1,"HEX_AK_-3088_3237;HEX_AK_-3038_3151;HEX_AK_-3038_3324;HEX_AK_-2938_3151;HEX_AK_-2938_3324;HEX_AK_-2888_3237",0,0,0,0,0,0,0,0,0,0,,,"Unknown",15.53,14.15,0,,6.81,0,,0,0,0,2,0,0
"HEX_AK_-2988_3584","AK","AK","Alaska","02290","Yukon-Koyukuk",-2987936,3583742,-156.41,62.43,1,"HEX_AK_-3088_3584;HEX_AK_-3038_3497;HEX_AK_-3038_3670;HEX_AK_-2938_3497;HEX_AK_-2938_3670;HEX_AK_-2888_3584",0,0,0,0,0,0,0,0,0,0,,,"Unknown",0.33,13.33,0,,23.46,0,,0,0,0,2,0,0
"HEX_AK_-2988_3757","AK","AK","Alaska","02290","Yukon-Koyukuk",-2987936,3756947,-158.41,63.72,1,"HEX_AK_-3088_3757;HEX_AK_-3038_3670;HEX_AK_-3038_3844;HEX_AK_-2938_3670;HEX_AK_-2938_3844;HEX_AK_-2888_3757",0,0,0,0,0,0,0,0,0,0,,,"Unknown",0.33,13.33,0,,23.46,0,,0,0,0,2,0,0
"HEX_AK_-2988_3930","AK","AK","Alaska","02180","Nome",-2987936,3930152,-160.53,65,1,"HEX_AK_-3088_3930;HEX_AK_-3038_3844;HEX_AK_-3038_4017;HEX_AK_-2938_3844;HEX_AK_-2938_4017;HEX_AK_-2888_3930",0,0,0,0,0,0,1,1.1,1.1,0,,,"Unknown",0.75,8.34,0,,6.01,0,,0,0,0,2,0,0
"HEX_AK_-2988_4103","AK","AK","Alaska","02188","Northwest Arctic",-2987936,4103357,-162.77,66.28,1,"HEX_AK_-3088_4103;HEX_AK_-3038_4017;HEX_AK_-3038_4190;HEX_AK_-2938_4190;HEX_AK_-2938_4017;HEX_AK_-2888_4103",0,0,0,0,0,0,0,0,0,0,,,"Unknown",5.45,7.09,0,,7.28,0,,0,0,0,2,0,0
"HEX_AK_-2988_4277","AK","AK","Alaska","02188","Northwest Arctic",-2987936,4276562,-165.14,67.56,0.2,"HEX_AK_-3038_4363;HEX_AK_-3038_4190;HEX_AK_-2938_4190;HEX_AK_-2938_4363;HEX_AK_-2888_4277",0,0,0,0,0,0,1,1.1,1.1,0,,,"Unknown",5.45,7.09,0,,7.28,0,,0,0,0,2,0,0
"HEX_AK_-2938_4190","AK","AK","Alaska","02188","Northwest Arctic",-2937936,4189960,-163.15,67.24,0.79,"HEX_AK_-3038_4190;HEX_AK_-2988_4103;HEX_AK_-2988_4277;HEX_AK_-2888_4103;HEX_AK_-2888_4277;HEX_AK_-2838_4190",0,0,0,0,0,0,2,19.3,19.3,0,,,"Unknown",5.45,7.09,0,,7.28,0,,0,0,0,2,0,0
"HEX_AK_-2938_3151","AK","AK","Alaska","02122","Kenai Peninsula",-2937936,3150729,-151.13,59.48,0.86,"HEX_AK_-3038_3151;HEX_AK_-2988_3064;HEX_AK_-2988_3237;HEX_AK_-2888_3064;HEX_AK_-2888_3237;HEX_AK_-2838_3151",0,0,0,0,0,0,2,128.2,128.2,0,,,"Unknown",15.53,14.15,0,,6.81,0,,0,0,0,2,0,0
"HEX_AK_-2938_3324","AK","AK","Alaska","02122","Kenai Peninsula",-2937936,3323934,-152.86,60.77,1,"HEX_AK_-3038_3324;HEX_AK_-2988_3411;HEX_AK_-2988_3237;HEX_AK_-2888_3237;HEX_AK_-2888_3411;HEX_AK_-2838_3324",0,0,0,0,0,0,0,0,0,0,,,"Unknown",15.53,14.15,0,,6.81,0,,0,0,0,2,0,0
"HEX_AK_-2938_3497","AK","AK","Alaska","02290","Yukon-Koyukuk",-2937936,3497139,-154.69,62.06,1,"HEX_AK_-3038_3497;HEX_AK_-2988_3411;HEX_AK_-2988_3584;HEX_AK_-2888_3584;HEX_AK_-2888_3411;HEX_AK_-2838_3497",0,0,0,0,0,0,0,0,0,0,,,"Unknown",0.33,13.33,0,,23.46,0,,0,0,0,2,0,0
"HEX_AK_-2938_3670","AK","AK","Alaska","02290","Yukon-Koyukuk",-2937936,3670344,-156.63,63.35,1,"HEX_AK_-3038_3670;HEX_AK_-2988_3584;HEX_AK_-2988_3757;HEX_AK_-2888_3584;HEX_AK_-2888_3757;HEX_AK_-2838_3670",0,0,0,0,0,0,0,0,0,0,,,"Unknown",0.33,13.33,0,,23.46,0,,0,0,0,2,0,0
"HEX_AK_-2938_3844","AK","AK","Alaska","02290","Yukon-Koyukuk",-2937936,3843550,-158.68,64.65,1,"HEX_AK_-3038_3844;HEX_AK_-2988_3757;HEX_AK_-2988_3930;HEX_AK_-2888_3757;HEX_AK_-2888_3930;HEX_AK_-2838_3844",0,0,0,0,0,0,0,0,0,0,,,"Unknown",0.33,13.33,0,,23.46,0,,0,0,0,2,0,0
"HEX_AK_-2938_4017","AK","AK","Alaska","02188","Northwest Arctic",-2937936,4016755,-160.85,65.94,1,"HEX_AK_-3038_4017;HEX_AK_-2988_3930;HEX_AK_-2988_4103;HEX_AK_-2888_3930;HEX_AK_-2888_4103;HEX_AK_-2838_4017",0,0,0,0,0,0,0,0,0,0,,,"Unknown",5.45,7.09,0,,7.28,0,,0,0,0,2,0,0
"HEX_AK_-2938_4363","AK","AK","Alaska","02185","North Slope",-2937936,4363165,-165.58,68.55,0.81,"HEX_AK_-3038_4363;HEX_AK_-2988_4277;HEX_AK_-2888_4277;HEX_AK_-2838_4363",0,0,0,0,0,0,0,0,0,0,,,"Unknown",126.57,5.03,0,,0,0,,0,0,0,2,0,0
"HEX_AK_-2888_3064","AK","AK","Alaska","02122","Kenai Peninsula",-2887936,3064127,-149.56,59.07,0.02,"HEX_AK_-2988_3064;HEX_AK_-2938_3151;HEX_AK_-2838_3151;HEX_AK_-2788_3064",0,0,0,0,0,0,0,0,0,0,,,"Unknown",15.53,14.15,0,,6.81,0,,0,0,0,2,0,0
"HEX_AK_-2888_3237","AK","AK","Alaska","02122","Kenai Peninsula",-2887936,3237332,-151.23,60.37,1,"HEX_AK_-2988_3237;HEX_AK_-2938_3151;HEX_AK_-2938_3324;HEX_AK_-2838_3151;HEX_AK_-2838_3324;HEX_AK_-2788_3237",0,0,0,0,0,0,5,262.6,275.1,0,,,"Unknown",15.53,14.15,0,,6.81,0,,0,0,0,2,0,0
"HEX_AK_-2888_3584","AK","AK","Alaska","02290","Yukon-Koyukuk",-2887936,3583742,-154.88,62.98,1,"HEX_AK_-2988_3584;HEX_AK_-2938_3497;HEX_AK_-2938_3670;HEX_AK_-2838_3497;HEX_AK_-2838_3670;HEX_AK_-2788_3584",0,0,0,0,0,0,1,1.6,1.6,0,,,"Unknown",0.33,13.33,0,,23.46,0,,0,0,0,2,0,0
"HEX_AK_-2888_3757","AK","AK","Alaska","02290","Yukon-Koyukuk",-2887936,3756947,-156.86,64.28,1,"HEX_AK_-2988_3757;HEX_AK_-2938_3670;HEX_AK_-2938_3844;HEX_AK_-2838_3670;HEX_AK_-2838_3844;HEX_AK_-2788_3757",0,0,0,0,0,0,1,3.1,3.1,0,,,"Unknown",0.33,13.33,0,,23.46,0,,0,0,0,2,0,0
"HEX_AK_-2888_3930","AK","AK","Alaska","02290","Yukon-Koyukuk",-2887936,3930152,-158.96,65.59,1,"HEX_AK_-2988_3930;HEX_AK_-2938_3844;HEX_AK_-2938_4017;HEX_AK_-2838_3844;HEX_AK_-2838_4017;HEX_AK_-2788_3930",0,0,0,0,0,0,0,0,0,0,,,"Unknown",0.33,13.33,0,,23.46,0,,0,0,0,2,0,0
"HEX_AK_-2888_4103","AK","AK","Alaska","02188","Northwest Arctic",-2887936,4103357,-161.18,66.91,1,"HEX_AK_-2988_4103;HEX_AK_-2938_4190;HEX_AK_-2938_4017;HEX_AK_-2838_4017;HEX_AK_-2838_4190;HEX_AK_-2788_4103",0,0,0,0,0,0,2,3.2,3.9,0,,,"Unknown",5.45,7.09,0,,7.28,0,,0,0,0,2,0,0
"HEX_AK_-2888_3411","AK","AK","Alaska","02050","Bethel",-2887936,3410537,-153,61.67,1,"HEX_AK_-2988_3411;HEX_AK_-2938_3324;HEX_AK_-2938_3497;HEX_AK_-2838_3324;HEX_AK_-2838_3497;HEX_AK_-2788_3411",0,0,0,0,0,0,0,0,0,0,,,"Unknown",0.41,9.37,0,,14.75,0,,0,0,0,2,0,0
"HEX_AK_-2888_4277","AK","AK","Alaska","02185","North Slope",-2887936,4276562,-163.54,68.22,1,"HEX_AK_-2988_4277;HEX_AK_-2938_4190;HEX_AK_-2938_4363;HEX_AK_-2838_4190;HEX_AK_-2838_4363;HEX_AK_-2788_4277",0,0,0,0,0,0,0,0,0,0,,,"Unknown",126.57,5.03,0,,0,0,,0,0,0,2,0,0
"HEX_AK_-2838_3151","AK","AK","Alaska","02122","Kenai Peninsula",-2837936,3150729,-149.63,59.96,0.85,"HEX_AK_-2938_3151;HEX_AK_-2888_3064;HEX_AK_-2888_3237;HEX_AK_-2788_3064;HEX_AK_-2788_3237;HEX_AK_-2738_3151",0,0,0,0,0,0,2,35,35,0,,,"Unknown",15.53,14.15,0,,6.81,0,,0,0,0,2,0,0
"HEX_AK_-2838_3324","AK","AK","Alaska","02122","Kenai Peninsula",-2837936,3323934,-151.34,61.27,1,"HEX_AK_-2938_3324;HEX_AK_-2888_3237;HEX_AK_-2888_3411;HEX_AK_-2788_3237;HEX_AK_-2788_3411;HEX_AK_-2738_3324",0,0,0,0,0,0,1,0,312.4,102.07,,,"Unknown",15.53,14.15,0,,6.81,0,,0,0,0,2,0,0
"HEX_AK_-2838_3497","AK","AK","Alaska","02290","Yukon-Koyukuk",-2837936,3497139,-153.15,62.59,1,"HEX_AK_-2938_3497;HEX_AK_-2888_3584;HEX_AK_-2888_3411;HEX_AK_-2788_3411;HEX_AK_-2788_3584;HEX_AK_-2738_3497",0,0,0,0,0,0,0,0,0,0,,,"Unknown",0.33,13.33,0,,23.46,0,,0,0,0,2,0,0
"HEX_AK_-2838_3670","AK","AK","Alaska","02290","Yukon-Koyukuk",-2837936,3670344,-155.07,63.9,1,"HEX_AK_-2938_3670;HEX_AK_-2888_3584;HEX_AK_-2888_3757;HEX_AK_-2788_3584;HEX_AK_-2788_3757;HEX_AK_-2738_3670",0,0,0,0,0,0,0,0,0,0,,,"Unknown",0.33,13.33,0,,23.46,0,,0,0,0,2,0,0
"HEX_AK_-2838_3844","AK","AK","Alaska","02290","Yukon-Koyukuk",-2837936,3843550,-157.09,65.23,1,"HEX_AK_-2938_3844;HEX_AK_-2888_3757;HEX_AK_-2888_3930;HEX_AK_-2788_3757;HEX_AK_-2788_3930;HEX_AK_-2738_3844",0,0,0,0,0,0,0,0,0,0,,,"Unknown",0.33,13.33,0,,23.46,0,,0,0,0,2,0,0
"HEX_AK_-2838_4017","AK","AK","Alaska","02188","Northwest Arctic",-2837936,4016755,-159.25,66.55,1,"HEX_AK_-2938_4017;HEX_AK_-2888_3930;HEX_AK_-2888_4103;HEX_AK_-2788_3930;HEX_AK_-2788_4103;HEX_AK_-2738_4017",0,0,0,0,0,0,1,2.2,2.2,0,,,"Unknown",5.45,7.09,0,,7.28,0,,0,0,0,2,0,0
"HEX_AK_-2838_4190","AK","AK","Alaska","02188","Northwest Arctic",-2837936,4189960,-161.53,67.88,1,"HEX_AK_-2938_4190;HEX_AK_-2888_4103;HEX_AK_-2888_4277;HEX_AK_-2788_4103;HEX_AK_-2788_4277;HEX_AK_-2738_4190",0,0,0,0,0,0,0,0,0,0,,,"Unknown",5.45,7.09,0,,7.28,0,,0,0,0,2,0,0
"HEX_AK_-2838_4363","AK","AK","Alaska","02185","North Slope",-2837936,4363165,-163.95,69.23,0.43,"HEX_AK_-2938_4363;HEX_AK_-2888_4277;HEX_AK_-2788_4277;HEX_AK_-2738_4363",0,0,0,0,0,0,0,0,0,0,,,"Unknown",126.57,5.03,0,,0,0,,0,0,0,2,0,0
"HEX_AK_-2788_3064","AK","AK","Alaska","02063","Chugach",-2787936,3064127,-148.06,59.54,0.15,"HEX_AK_-2888_3064;HEX_AK_-2838_3151;HEX_AK_-2738_2978;HEX_AK_-2738_3151;HEX_AK_-2688_3064",0,0,0,0,0,0,0,0,0,0,,,,,,,,,,,0,0,0,2,0,0
"HEX_AK_-2788_3237","AK","AK","Alaska","02122","Kenai Peninsula",-2787936,3237332,-149.71,60.86,1,"HEX_AK_-2888_3237;HEX_AK_-2838_3151;HEX_AK_-2838_3324;HEX_AK_-2738_3151;HEX_AK_-2738_3324;HEX_AK_-2688_3237",0,0,0,0,0,0,6,518.2,698.2,78.62,,,"Unknown",15.53,14.15,0,,6.81,0,,0,0,0,2,0,1
"HEX_AK_-2788_3411","AK","AK","Alaska","02170","Matanuska-Susitna",-2787936,3410537,-151.46,62.19,1,"HEX_AK_-2888_3411;HEX_AK_-2838_3324;HEX_AK_-2838_3497;HEX_AK_-2738_3324;HEX_AK_-2738_3497;HEX_AK_-2688_3411",0,0,0,0,0,0,0,0,0,0,,,"Unknown",8.46,9.55,0,,4.13,0,,0,0,0,2,0,0
"HEX_AK_-2788_3584","AK","AK","Alaska","02290","Yukon-Koyukuk",-2787936,3583742,-153.3,63.51,1,"HEX_AK_-2888_3584;HEX_AK_-2838_3497;HEX_AK_-2838_3670;HEX_AK_-2738_3497;HEX_AK_-2738_3670;HEX_AK_-2688_3584",0,0,0,0,0,0,0,0,0,0,,,"Unknown",0.33,13.33,0,,23.46,0,,0,0,0,2,0,0
"HEX_AK_-2788_3757","AK","AK","Alaska","02290","Yukon-Koyukuk",-2787936,3756947,-155.26,64.84,1,"HEX_AK_-2888_3757;HEX_AK_-2838_3670;HEX_AK_-2838_3844;HEX_AK_-2738_3670;HEX_AK_-2738_3844;HEX_AK_-2688_3757",0,0,0,0,0,0,0,0,0,0,,,"Unknown",0.33,13.33,0,,23.46,0,,0,0,0,2,0,0
"HEX_AK_-2788_3930","AK","AK","Alaska","02290","Yukon-Koyukuk",-2787936,3930152,-157.34,66.18,1,"HEX_AK_-2888_3930;HEX_AK_-2838_3844;HEX_AK_-2838_4017;HEX_AK_-2738_3844;HEX_AK_-2738_4017;HEX_AK_-2688_3930",0,0,0,0,0,0,0,0,0,0,,,"Unknown",0.33,13.33,0,,23.46,0,,0,0,0,2,0,0
"HEX_AK_-2788_4103","AK","AK","Alaska","02188","Northwest Arctic",-2787936,4103357,-159.55,67.53,1,"HEX_AK_-2888_4103;HEX_AK_-2838_4017;HEX_AK_-2838_4190;HEX_AK_-2738_4017;HEX_AK_-2738_4190;HEX_AK_-2688_4103",0,0,0,0,0,0,0,0,0,0,,,"Unknown",5.45,7.09,0,,7.28,0,,0,0,0,2,0,0
"HEX_AK_-2788_4277","AK","AK","Alaska","02185","North Slope",-2787936,4276562,-161.89,68.88,1,"HEX_AK_-2888_4277;HEX_AK_-2838_4190;HEX_AK_-2838_4363;HEX_AK_-2738_4363;HEX_AK_-2738_4190;HEX_AK_-2688_4277",0,0,0,0,0,0,0,0,0,0,,,"Unknown",126.57,5.03,0,,0,0,,0,0,0,2,0,0
"HEX_AK_-2738_2978","AK","AK","Alaska","02063","Chugach",-2737936,2977524,-146.52,59.11,0.04,"HEX_AK_-2788_3064;HEX_AK_-2688_3064;HEX_AK_-2638_2978",0,0,0,0,0,0,0,0,0,0,,,,,,,,,,,0,0,0,2,0,0
"HEX_AK_-2738_3151","AK","AK","Alaska","02063","Chugach",-2737936,3150729,-148.11,60.44,1,"HEX_AK_-2838_3151;HEX_AK_-2788_3064;HEX_AK_-2788_3237;HEX_AK_-2688_3064;HEX_AK_-2688_3237;HEX_AK_-2638_3151",0,0,0,0,0,0,0,0,0,0,,,,,,,,,,,0,0,0,2,0,0
"HEX_AK_-2738_3324","AK","AK","Alaska","02170","Matanuska-Susitna",-2737936,3323934,-149.79,61.77,1,"HEX_AK_-2838_3324;HEX_AK_-2788_3237;HEX_AK_-2788_3411;HEX_AK_-2688_3237;HEX_AK_-2688_3411;HEX_AK_-2638_3324",0,0,0,0,0,0,3,221.4,221.4,93.09,,,"Unknown",8.46,9.55,0,,4.13,0,,0,0,0,2,0,0
"HEX_AK_-2738_3497","AK","AK","Alaska","02068","Denali",-2737936,3497139,-151.57,63.11,1,"HEX_AK_-2838_3497;HEX_AK_-2788_3411;HEX_AK_-2788_3584;HEX_AK_-2688_3411;HEX_AK_-2688_3584;HEX_AK_-2638_3497",0,0,0,0,0,0,0,0,0,0,,,"Unknown",32.63,4.54,0,,0,0,,0,0,0,2,0,0
"HEX_AK_-2738_3670","AK","AK","Alaska","02290","Yukon-Koyukuk",-2737936,3670344,-153.46,64.45,1,"HEX_AK_-2838_3670;HEX_AK_-2788_3584;HEX_AK_-2788_3757;HEX_AK_-2688_3584;HEX_AK_-2688_3757;HEX_AK_-2638_3670",0,0,0,0,0,0,0,0,0,0,,,"Unknown",0.33,13.33,0,,23.46,0,,0,0,0,2,0,0
"HEX_AK_-2738_3844","AK","AK","Alaska","02290","Yukon-Koyukuk",-2737936,3843550,-155.47,65.8,1,"HEX_AK_-2838_3844;HEX_AK_-2788_3757;HEX_AK_-2788_3930;HEX_AK_-2688_3757;HEX_AK_-2688_3930;HEX_AK_-2638_3844",0,0,0,0,0,0,0,0,0,0,,,"Unknown",0.33,13.33,0,,23.46,0,,0,0,0,2,0,0
"HEX_AK_-2738_4017","AK","AK","Alaska","02188","Northwest Arctic",-2737936,4016755,-157.6,67.15,1,"HEX_AK_-2838_4017;HEX_AK_-2788_3930;HEX_AK_-2788_4103;HEX_AK_-2688_3930;HEX_AK_-2688_4103;HEX_AK_-2638_4017",0,0,0,0,0,0,2,2.3,2.3,0,,,"Unknown",5.45,7.09,0,,7.28,0,,0,0,0,2,0,0
"HEX_AK_-2738_4363","AK","AK","Alaska","02185","North Slope",-2737936,4363165,-162.27,69.9,0.77,"HEX_AK_-2838_4363;HEX_AK_-2788_4277;HEX_AK_-2688_4277;HEX_AK_-2638_4363",0,0,0,0,0,0,1,2.4,2.4,0,,,"Unknown",126.57,5.03,0,,0,0,,0,0,0,2,0,0
"HEX_AK_-2738_4190","AK","AK","Alaska","02185","North Slope",-2737936,4189960,-159.86,68.52,1,"HEX_AK_-2838_4190;HEX_AK_-2788_4103;HEX_AK_-2788_4277;HEX_AK_-2688_4103;HEX_AK_-2688_4277;HEX_AK_-2638_4190",0,0,0,0,0,0,0,0,0,0,,,"Unknown",126.57,5.03,0,,0,0,,0,0,0,2,0,0
"HEX_AK_-2688_3064","AK","AK","Alaska","02063","Chugach",-2687936,3064127,-146.53,60,0.3,"HEX_AK_-2788_3064;HEX_AK_-2738_2978;HEX_AK_-2738_3151;HEX_AK_-2638_2978;HEX_AK_-2638_3151;HEX_AK_-2588_3064",0,0,0,0,0,0,0,0,0,0,,,,,,,,,,,0,0,0,2,0,0
"HEX_AK_-2688_3237","AK","AK","Alaska","02063","Chugach",-2687936,3237332,-148.15,61.34,1,"HEX_AK_-2788_3237;HEX_AK_-2738_3151;HEX_AK_-2738_3324;HEX_AK_-2638_3151;HEX_AK_-2638_3324;HEX_AK_-2588_3237",0,0,0,0,0,0,0,0,0,0,,,,,,,,,,,0,0,0,2,0,0
"HEX_AK_-2688_3411","AK","AK","Alaska","02170","Matanuska-Susitna",-2687936,3410537,-149.87,62.69,1,"HEX_AK_-2788_3411;HEX_AK_-2738_3324;HEX_AK_-2738_3497;HEX_AK_-2638_3324;HEX_AK_-2638_3497;HEX_AK_-2588_3411",0,0,0,0,0,0,0,0,0,116.4,,,"Unknown",8.46,9.55,0,,4.13,0,,0,0,0,2,0,0
"HEX_AK_-2688_3584","AK","AK","Alaska","02068","Denali",-2687936,3583742,-151.7,64.04,1,"HEX_AK_-2788_3584;HEX_AK_-2738_3497;HEX_AK_-2738_3670;HEX_AK_-2638_3497;HEX_AK_-2638_3670;HEX_AK_-2588_3584",0,0,0,0,0,0,0,0,0,0,,,"Unknown",32.63,4.54,0,,0,0,,0,0,0,2,0,0
"HEX_AK_-2688_3757","AK","AK","Alaska","02290","Yukon-Koyukuk",-2687936,3756947,-153.63,65.4,1,"HEX_AK_-2788_3757;HEX_AK_-2738_3670;HEX_AK_-2738_3844;HEX_AK_-2638_3670;HEX_AK_-2638_3844;HEX_AK_-2588_3757",0,0,0,0,0,0,0,0,0,0,,,"Unknown",0.33,13.33,0,,23.46,0,,0,0,0,2,0,0
"HEX_AK_-2688_3930","AK","AK","Alaska","02188","Northwest Arctic",-2687936,3930152,-155.68,66.76,1,"HEX_AK_-2788_3930;HEX_AK_-2738_3844;HEX_AK_-2738_4017;HEX_AK_-2638_3844;HEX_AK_-2638_4017;HEX_AK_-2588_3930",0,0,0,0,0,0,0,0,0,0,,,"Unknown",5.45,7.09,0,,7.28,0,,0,0,0,2,0,0
"HEX_AK_-2688_4103","AK","AK","Alaska","02188","Northwest Arctic",-2687936,4103357,-157.87,68.14,1,"HEX_AK_-2788_4103;HEX_AK_-2738_4017;HEX_AK_-2738_4190;HEX_AK_-2638_4017;HEX_AK_-2638_4190;HEX_AK_-2588_4103",0,0,0,0,0,0,0,0,0,0,,,"Unknown",5.45,7.09,0,,7.28,0,,0,0,0,2,0,0
"HEX_AK_-2688_4277","AK","AK","Alaska","02185","North Slope",-2687936,4276562,-160.19,69.53,1,"HEX_AK_-2788_4277;HEX_AK_-2738_4363;HEX_AK_-2738_4190;HEX_AK_-2638_4363;HEX_AK_-2638_4190;HEX_AK_-2588_4277",0,0,0,0,0,0,0,0,0,0,,,"Unknown",126.57,5.03,0,,0,0,,0,0,0,2,0,0
"HEX_AK_-2638_2978","AK","AK","Alaska","02063","Chugach",-2637936,2977524,-144.99,59.55,0.06,"HEX_AK_-2738_2978;HEX_AK_-2688_3064;HEX_AK_-2588_3064;HEX_AK_-2538_2978",0,0,0,0,0,0,0,0,0,0,,,,,,,,,,,0,0,0,2,0,0
"HEX_AK_-2638_3151","AK","AK","Alaska","02063","Chugach",-2637936,3150729,-146.55,60.9,1,"HEX_AK_-2738_3151;HEX_AK_-2688_3064;HEX_AK_-2688_3237;HEX_AK_-2588_3064;HEX_AK_-2588_3237;HEX_AK_-2538_3151",0,0,0,0,0,0,4,32.4,32.4,0,,,,,,,,,,,0,0,0,2,0,0
"HEX_AK_-2638_3324","AK","AK","Alaska","02170","Matanuska-Susitna",-2637936,3323934,-148.2,62.26,1,"HEX_AK_-2738_3324;HEX_AK_-2688_3237;HEX_AK_-2688_3411;HEX_AK_-2588_3411;HEX_AK_-2588_3237;HEX_AK_-2538_3324",0,0,0,0,0,0,0,0,0,0,,,"Unknown",8.46,9.55,0,,4.13,0,,0,0,0,2,0,0
"HEX_AK_-2638_3497","AK","AK","Alaska","02068","Denali",-2637936,3497139,-149.96,63.61,1,"HEX_AK_-2738_3497;HEX_AK_-2688_3411;HEX_AK_-2688_3584;HEX_AK_-2588_3411;HEX_AK_-2588_3584;HEX_AK_-2538_3497",0,0,0,0,0,0,0,0,0,3.72,,,"Unknown",32.63,4.54,0,,0,0,,0,0,0,2,0,0
"HEX_AK_-2638_3670","AK","AK","Alaska","02290","Yukon-Koyukuk",-2637936,3670344,-151.82,64.98,1,"HEX_AK_-2738_3670;HEX_AK_-2688_3584;HEX_AK_-2688_3757;HEX_AK_-2588_3584;HEX_AK_-2588_3757;HEX_AK_-2538_3670",0,0,0,0,0,0,0,0,0,0,,,"Unknown",0.33,13.33,0,,23.46,0,,0,0,0,2,0,0
"HEX_AK_-2638_3844","AK","AK","Alaska","02290","Yukon-Koyukuk",-2637936,3843550,-153.8,66.36,1,"HEX_AK_-2738_3844;HEX_AK_-2688_3757;HEX_AK_-2688_3930;HEX_AK_-2588_3757;HEX_AK_-2588_3930;HEX_AK_-2538_3844",0,0,0,0,0,0,0,0,0,0,,,"Unknown",0.33,13.33,0,,23.46,0,,0,0,0,2,0,0
"HEX_AK_-2638_4017","AK","AK","Alaska","02188","Northwest Arctic",-2637936,4016755,-155.91,67.75,1,"HEX_AK_-2738_4017;HEX_AK_-2688_3930;HEX_AK_-2688_4103;HEX_AK_-2588_3930;HEX_AK_-2588_4103;HEX_AK_-2538_4017",0,0,0,0,0,0,0,0,0,0,,,"Unknown",5.45,7.09,0,,7.28,0,,0,0,0,2,0,0
"HEX_AK_-2638_4363","AK","AK","Alaska","02185","North Slope",-2637936,4363165,-160.54,70.57,0.48,"HEX_AK_-2738_4363;HEX_AK_-2688_4277;HEX_AK_-2588_4277;HEX_AK_-2538_4363",0,0,0,0,0,0,1,3,3,0,,,"Unknown",126.57,5.03,0,,0,0,,0,0,0,2,0,0
"HEX_AK_-2638_4190","AK","AK","Alaska","02185","North Slope",-2637936,4189960,-158.15,69.15,1,"HEX_AK_-2738_4190;HEX_AK_-2688_4103;HEX_AK_-2688_4277;HEX_AK_-2588_4277;HEX_AK_-2588_4103;HEX_AK_-2538_4190",0,0,0,0,0,0,0,0,0,0,,,"Unknown",126.57,5.03,0,,0,0,,0,0,0,2,0,0
"HEX_AK_-2588_3411","AK","AK","Alaska","02170","Matanuska-Susitna",-2587936,3410537,-148.26,63.18,1,"HEX_AK_-2688_3411;HEX_AK_-2638_3324;HEX_AK_-2638_3497;HEX_AK_-2538_3324;HEX_AK_-2538_3497;HEX_AK_-2488_3411",0,0,0,0,0,0,0,0,0,62.24,,,"Unknown",8.46,9.55,0,,4.13,0,,0,0,0,2,0,0
"HEX_AK_-2588_4277","AK","AK","Alaska","02185","North Slope",-2587936,4276562,-158.45,70.18,1,"HEX_AK_-2688_4277;HEX_AK_-2638_4363;HEX_AK_-2638_4190;HEX_AK_-2538_4363;HEX_AK_-2538_4190;HEX_AK_-2488_4277",0,0,0,0,0,0,0,0,0,0,,,"Unknown",126.57,5.03,0,,0,0,,0,0,0,2,0,0
"HEX_AK_-2588_3064","AK","AK","Alaska","02063","Chugach",-2587936,3064127,-144.97,60.45,0.87,"HEX_AK_-2688_3064;HEX_AK_-2638_2978;HEX_AK_-2638_3151;HEX_AK_-2538_2978;HEX_AK_-2538_3151;HEX_AK_-2488_3064",0,0,0,0,0,0,4,15.8,19.3,0,,,,,,,,,,,0,0,0,2,0,0
"HEX_AK_-2588_3237","AK","AK","Alaska","02066","Copper River",-2587936,3237332,-146.57,61.81,1,"HEX_AK_-2688_3237;HEX_AK_-2638_3151;HEX_AK_-2638_3324;HEX_AK_-2538_3151;HEX_AK_-2538_3324;HEX_AK_-2488_3237",0,0,0,0,0,0,0,0,0,0,,,,,,,,,,,0,0,0,2,0,0
"HEX_AK_-2588_3584","AK","AK","Alaska","02290","Yukon-Koyukuk",-2587936,3583742,-150.05,64.55,1,"HEX_AK_-2688_3584;HEX_AK_-2638_3497;HEX_AK_-2638_3670;HEX_AK_-2538_3497;HEX_AK_-2538_3670;HEX_AK_-2488_3584",0,0,0,0,0,0,0,0,0,0,,,"Unknown",0.33,13.33,0,,23.46,0,,0,0,0,2,0,0
"HEX_AK_-2588_3757","AK","AK","Alaska","02290","Yukon-Koyukuk",-2587936,3756947,-151.96,65.94,1,"HEX_AK_-2688_3757;HEX_AK_-2638_3670;HEX_AK_-2638_3844;HEX_AK_-2538_3670;HEX_AK_-2538_3844;HEX_AK_-2488_3757",0,0,0,0,0,0,0,0,0,0,,,"Unknown",0.33,13.33,0,,23.46,0,,0,0,0,2,0,0
"HEX_AK_-2588_3930","AK","AK","Alaska","02290","Yukon-Koyukuk",-2587936,3930152,-153.98,67.34,1,"HEX_AK_-2688_3930;HEX_AK_-2638_3844;HEX_AK_-2638_4017;HEX_AK_-2538_3844;HEX_AK_-2538_4017;HEX_AK_-2488_3930",0,0,0,0,0,0,0,0,0,0,,,"Unknown",0.33,13.33,0,,23.46,0,,0,0,0,2,0,0
"HEX_AK_-2588_4103","AK","AK","Alaska","02185","North Slope",-2587936,4103357,-156.14,68.75,1,"HEX_AK_-2688_4103;HEX_AK_-2638_4017;HEX_AK_-2638_4190;HEX_AK_-2538_4017;HEX_AK_-2538_4190;HEX_AK_-2488_4103",0,0,0,0,0,0,0,0,0,0,,,"Unknown",126.57,5.03,0,,0,0,,0,0,0,2,0,0
"HEX_AK_-2538_2978","AK","AK","Alaska","02282","Yakutat",-2537936,2977524,-143.43,59.99,0.51,"HEX_AK_-2638_2978;HEX_AK_-2588_3064;HEX_AK_-2488_2891;HEX_AK_-2488_3064;HEX_AK_-2438_2978",0,0,0,0,0,0,0,0,0,0,,,"Unknown",0.51,2.39,0,,0,0,,0,0,0,2,0,0
"HEX_AK_-2538_3151","AK","AK","Alaska","02066","Copper River",-2537936,3150729,-144.96,61.36,1,"HEX_AK_-2638_3151;HEX_AK_-2588_3064;HEX_AK_-2588_3237;HEX_AK_-2488_3064;HEX_AK_-2488_3237;HEX_AK_-2438_3151",0,0,0,0,0,0,0,0,0,0,,,,,,,,,,,0,0,0,2,0,0
"HEX_AK_-2538_3324","AK","AK","Alaska","02170","Matanuska-Susitna",-2537936,3323934,-146.59,62.73,1,"HEX_AK_-2638_3324;HEX_AK_-2588_3411;HEX_AK_-2588_3237;HEX_AK_-2488_3411;HEX_AK_-2488_3237;HEX_AK_-2438_3324",0,0,0,0,0,0,0,0,0,0,,,"Unknown",8.46,9.55,0,,4.13,0,,0,0,0,2,0,0
"HEX_AK_-2538_3497","AK","AK","Alaska","02068","Denali",-2537936,3497139,-148.31,64.11,1,"HEX_AK_-2638_3497;HEX_AK_-2588_3411;HEX_AK_-2588_3584;HEX_AK_-2488_3411;HEX_AK_-2488_3584;HEX_AK_-2438_3497",0,0,0,0,0,0,2,117.4,117.4,133.75,,,"Unknown",32.63,4.54,0,,0,0,,0,0,0,2,0,0
"HEX_AK_-2538_3670","AK","AK","Alaska","02290","Yukon-Koyukuk",-2537936,3670344,-150.14,65.5,1,"HEX_AK_-2638_3670;HEX_AK_-2588_3584;HEX_AK_-2588_3757;HEX_AK_-2488_3584;HEX_AK_-2488_3757;HEX_AK_-2438_3670",0,0,0,0,0,0,0,0,0,0,,,"Unknown",0.33,13.33,0,,23.46,0,,0,0,0,2,0,0
"HEX_AK_-2538_3844","AK","AK","Alaska","02290","Yukon-Koyukuk",-2537936,3843550,-152.1,66.91,1,"HEX_AK_-2638_3844;HEX_AK_-2588_3757;HEX_AK_-2588_3930;HEX_AK_-2488_3757;HEX_AK_-2488_3930;HEX_AK_-2438_3844",0,0,0,0,0,0,0,0,0,0,,,"Unknown",0.33,13.33,0,,23.46,0,,0,0,0,2,0,0
"HEX_AK_-2538_4017","AK","AK","Alaska","02185","North Slope",-2537936,4016755,-154.17,68.33,1,"HEX_AK_-2638_4017;HEX_AK_-2588_3930;HEX_AK_-2588_4103;HEX_AK_-2488_3930;HEX_AK_-2488_4103;HEX_AK_-2438_4017",0,0,0,0,0,0,0,0,0,0,,,"Unknown",126.57,5.03,0,,0,0,,0,0,0,2,0,0
"HEX_AK_-2538_4363","AK","AK","Alaska","02185","North Slope",-2537936,4363165,-158.76,71.24,0.15,"HEX_AK_-2638_4363;HEX_AK_-2588_4277;HEX_AK_-2488_4277;HEX_AK_-2438_4363",0,0,0,0,0,0,0,0,0,0,,,"Unknown",126.57,5.03,0,,0,0,,0,0,0,2,0,0
"HEX_AK_-2538_4190","AK","AK","Alaska","02185","North Slope",-2537936,4189960,-156.39,69.78,1,"HEX_AK_-2638_4190;HEX_AK_-2588_4277;HEX_AK_-2588_4103;HEX_AK_-2488_4277;HEX_AK_-2488_4103;HEX_AK_-2438_4190",0,0,0,0,0,0,0,0,0,0,,,"Unknown",126.57,5.03,0,,0,0,,0,0,0,2,0,0
"HEX_AK_-2488_3411","AK","AK","Alaska","02240","Southeast Fairbanks",-2487936,3410537,-146.6,63.66,1,"HEX_AK_-2588_3411;HEX_AK_-2538_3324;HEX_AK_-2538_3497;HEX_AK_-2438_3324;HEX_AK_-2438_3497;HEX_AK_-2388_3411",0,0,0,0,0,0,0,0,0,0,,,"Unknown",0.95,3.51,0,,1.32,0,,0,0,0,2,0,0
"HEX_AK_-2488_4277","AK","AK","Alaska","02185","North Slope",-2487936,4276562,-156.65,70.83,0.94,"HEX_AK_-2588_4277;HEX_AK_-2538_4363;HEX_AK_-2538_4190;HEX_AK_-2438_4190;HEX_AK_-2438_4363;HEX_AK_-2388_4277",0,0,0,0,0,0,2,20.5,20.5,0,,,"Unknown",126.57,5.03,0,,0,0,,0,0,0,2,0,0
"HEX_AK_-2488_2891","AK","AK","Alaska","02282","Yakutat",-2487936,2890922,-141.91,59.52,0.04,"HEX_AK_-2538_2978;HEX_AK_-2438_2978;HEX_AK_-2388_2891",0,0,0,0,0,0,0,0,0,0,,,"Unknown",0.51,2.39,0,,0,0,,0,0,0,2,0,0
"HEX_AK_-2488_3064","AK","AK","Alaska","02066","Copper River",-2487936,3064127,-143.39,60.89,1,"HEX_AK_-2588_3064;HEX_AK_-2538_2978;HEX_AK_-2538_3151;HEX_AK_-2438_2978;HEX_AK_-2438_3151;HEX_AK_-2388_3064",0,0,0,0,0,0,0,0,0,0,,,,,,,,,,,0,0,0,2,0,0
"HEX_AK_-2488_3237","AK","AK","Alaska","02066","Copper River",-2487936,3237332,-144.95,62.27,1,"HEX_AK_-2588_3237;HEX_AK_-2538_3151;HEX_AK_-2538_3324;HEX_AK_-2438_3151;HEX_AK_-2438_3324;HEX_AK_-2388_3237",0,0,0,0,0,0,1,9.2,9.2,0,,,,,,,,,,,0,0,0,2,0,0
"HEX_AK_-2488_3584","AK","AK","Alaska","02090","Fairbanks North Star",-2487936,3583742,-148.37,65.06,1,"HEX_AK_-2588_3584;HEX_AK_-2538_3497;HEX_AK_-2538_3670;HEX_AK_-2438_3497;HEX_AK_-2438_3670;HEX_AK_-2388_3584",0,0,0,0,0,0,5,141.3,169.3,54.51,,,"Unknown",70.52,6.2,0,,4.09,0,3,0,0,0,2,0,0
"HEX_AK_-2488_3757","AK","AK","Alaska","02290","Yukon-Koyukuk",-2487936,3756947,-150.24,66.47,1,"HEX_AK_-2588_3757;HEX_AK_-2538_3670;HEX_AK_-2538_3844;HEX_AK_-2438_3670;HEX_AK_-2438_3844;HEX_AK_-2388_3757",0,0,0,0,0,0,0,0,0,0,,,"Unknown",0.33,13.33,0,,23.46,0,,0,0,0,2,0,0
"HEX_AK_-2488_3930","AK","AK","Alaska","02290","Yukon-Koyukuk",-2487936,3930152,-152.24,67.9,1,"HEX_AK_-2588_3930;HEX_AK_-2538_3844;HEX_AK_-2538_4017;HEX_AK_-2438_3844;HEX_AK_-2438_4017;HEX_AK_-2388_3930",0,0,0,0,0,0,1,2.7,2.7,0,,,"Unknown",0.33,13.33,0,,23.46,0,,0,0,0,2,0,0
"HEX_AK_-2488_4103","AK","AK","Alaska","02185","North Slope",-2487936,4103357,-154.37,69.35,1,"HEX_AK_-2588_4103;HEX_AK_-2538_4017;HEX_AK_-2538_4190;HEX_AK_-2438_4017;HEX_AK_-2438_4190;HEX_AK_-2388_4103",0,0,0,0,0,0,0,0,0,0,,,"Unknown",126.57,5.03,0,,0,0,,0,0,0,2,0,0
"HEX_AK_-2438_2978","AK","AK","Alaska","02282","Yakutat",-2437936,2977524,-141.84,60.42,0.97,"HEX_AK_-2538_2978;HEX_AK_-2488_2891;HEX_AK_-2488_3064;HEX_AK_-2388_2891;HEX_AK_-2388_3064;HEX_AK_-2338_2978",0,0,0,0,0,0,0,0,0,0,,,"Unknown",0.51,2.39,0,,0,0,,0,0,0,2,0,0
"HEX_AK_-2438_3151","AK","AK","Alaska","02066","Copper River",-2437936,3150729,-143.34,61.8,1,"HEX_AK_-2538_3151;HEX_AK_-2488_3064;HEX_AK_-2488_3237;HEX_AK_-2388_3064;HEX_AK_-2388_3237;HEX_AK_-2338_3151",0,0,0,0,0,0,0,0,0,0,,,,,,,,,,,0,0,0,2,0,0
"HEX_AK_-2438_3324","AK","AK","Alaska","02240","Southeast Fairbanks",-2437936,3323934,-144.93,63.19,1,"HEX_AK_-2538_3324;HEX_AK_-2488_3411;HEX_AK_-2488_3237;HEX_AK_-2388_3237;HEX_AK_-2388_3411;HEX_AK_-2338_3324",0,0,0,0,0,0,0,0,0,0,,,"Unknown",0.95,3.51,0,,1.32,0,,0,0,0,2,0,0
"HEX_AK_-2438_3497","AK","AK","Alaska","02090","Fairbanks North Star",-2437936,3497139,-146.63,64.6,1,"HEX_AK_-2538_3497;HEX_AK_-2488_3411;HEX_AK_-2488_3584;HEX_AK_-2388_3411;HEX_AK_-2388_3584;HEX_AK_-2338_3497",0,0,0,0,0,0,2,201,207,0,,,"Unknown",70.52,6.2,0,,4.09,0,3,0,0,0,2,0,0
"HEX_AK_-2438_3670","AK","AK","Alaska","02290","Yukon-Koyukuk",-2437936,3670344,-148.43,66.02,1,"HEX_AK_-2538_3670;HEX_AK_-2488_3584;HEX_AK_-2488_3757;HEX_AK_-2388_3584;HEX_AK_-2388_3757;HEX_AK_-2338_3670",0,0,0,0,0,0,0,0,0,0,,,"Unknown",0.33,13.33,0,,23.46,0,,0,0,0,2,0,0
"HEX_AK_-2438_3844","AK","AK","Alaska","02290","Yukon-Koyukuk",-2437936,3843550,-150.34,67.45,1,"HEX_AK_-2538_3844;HEX_AK_-2488_3757;HEX_AK_-2488_3930;HEX_AK_-2388_3757;HEX_AK_-2388_3930;HEX_AK_-2338_3844",0,0,0,0,0,0,0,0,0,0,,,"Unknown",0.33,13.33,0,,23.46,0,,0,0,0,2,0,0
"HEX_AK_-2438_4017","AK","AK","Alaska","02185","North Slope",-2437936,4016755,-152.39,68.91,1,"HEX_AK_-2538_4017;HEX_AK_-2488_3930;HEX_AK_-2488_4103;HEX_AK_-2388_3930;HEX_AK_-2388_4103;HEX_AK_-2338_4017",0,0,0,0,0,0,0,0,0,0,,,"Unknown",126.57,5.03,0,,0,0,,0,0,0,2,0,0
"HEX_AK_-2438_4190","AK","AK","Alaska","02185","North Slope",-2437936,4189960,-154.58,70.39,1,"HEX_AK_-2538_4190;HEX_AK_-2488_4277;HEX_AK_-2488_4103;HEX_AK_-2388_4103;HEX_AK_-2388_4277;HEX_AK_-2338_4190",0,0,0,0,0,0,0,0,0,0,,,"Unknown",126.57,5.03,0,,0,0,,0,0,0,2,0,0
"HEX_AK_-2438_4363","AK","AK","Alaska","02185","North Slope",-2437936,4363165,-156.92,71.91,0.01,"HEX_AK_-2538_4363;HEX_AK_-2488_4277;HEX_AK_-2388_4277",0,0,0,0,0,0,0,0,0,0,,,"Unknown",126.57,5.03,0,,0,0,,0,0,0,2,0,0
"HEX_AK_-2388_2891","AK","AK","Alaska","02282","Yakutat",-2387936,2890922,-140.33,59.93,0.77,"HEX_AK_-2488_2891;HEX_AK_-2438_2978;HEX_AK_-2338_2804;HEX_AK_-2338_2978;HEX_AK_-2288_2891",0,0,0,0,0,0,0,0,0,0,,,"Unknown",0.51,2.39,0,,0,0,,0,0,0,2,0,0
"HEX_AK_-2388_3064","AK","AK","Alaska","02066","Copper River",-2387936,3064127,-141.77,61.32,0.95,"HEX_AK_-2488_3064;HEX_AK_-2438_2978;HEX_AK_-2438_3151;HEX_AK_-2338_2978;HEX_AK_-2338_3151;HEX_AK_-2288_3064",0,0,0,0,0,0,0,0,0,0,,,,,,,,,,,0,0,0,2,0,0
"HEX_AK_-2388_3237","AK","AK","Alaska","02066","Copper River",-2387936,3237332,-143.3,62.72,1,"HEX_AK_-2488_3237;HEX_AK_-2438_3151;HEX_AK_-2438_3324;HEX_AK_-2338_3151;HEX_AK_-2338_3324;HEX_AK_-2288_3237",0,0,0,0,0,0,1,1.2,1.6,0,,,,,,,,,,,0,0,0,2,0,0
"HEX_AK_-2388_3411","AK","AK","Alaska","02240","Southeast Fairbanks",-2387936,3410537,-144.92,64.13,1,"HEX_AK_-2488_3411;HEX_AK_-2438_3324;HEX_AK_-2438_3497;HEX_AK_-2338_3324;HEX_AK_-2338_3497;HEX_AK_-2288_3411",0,0,0,0,0,0,3,1.9,32.4,0,,,"Unknown",0.95,3.51,0,,1.32,0,,0,0,0,2,0,0
"HEX_AK_-2388_3584","AK","AK","Alaska","02290","Yukon-Koyukuk",-2387936,3583742,-146.65,65.55,1,"HEX_AK_-2488_3584;HEX_AK_-2438_3497;HEX_AK_-2438_3670;HEX_AK_-2338_3497;HEX_AK_-2338_3670;HEX_AK_-2288_3584",0,0,0,0,0,0,0,0,0,0,,,"Unknown",0.33,13.33,0,,23.46,0,,0,0,0,2,0,0
"HEX_AK_-2388_3757","AK","AK","Alaska","02290","Yukon-Koyukuk",-2387936,3756947,-148.49,66.99,1,"HEX_AK_-2488_3757;HEX_AK_-2438_3670;HEX_AK_-2438_3844;HEX_AK_-2338_3670;HEX_AK_-2338_3844;HEX_AK_-2288_3757",0,0,0,0,0,0,0,0,0,0,,,"Unknown",0.33,13.33,0,,23.46,0,,0,0,0,2,0,0
"HEX_AK_-2388_3930","AK","AK","Alaska","02185","North Slope",-2387936,3930152,-150.45,68.46,1,"HEX_AK_-2488_3930;HEX_AK_-2438_3844;HEX_AK_-2438_4017;HEX_AK_-2338_3844;HEX_AK_-2338_4017;HEX_AK_-2288_3930",0,0,0,0,0,0,0,0,0,0,,,"Unknown",126.57,5.03,0,,0,0,,0,0,0,2,0,0
"HEX_AK_-2388_4103","AK","AK","Alaska","02185","North Slope",-2387936,4103357,-152.55,69.94,1,"HEX_AK_-2488_4103;HEX_AK_-2438_4017;HEX_AK_-2438_4190;HEX_AK_-2338_4017;HEX_AK_-2338_4190;HEX_AK_-2288_4103",0,0,0,0,0,0,0,0,0,0,,,"Unknown",126.57,5.03,0,,0,0,,0,0,0,2,0,0
"HEX_AK_-2388_4277","AK","AK","Alaska","02185","North Slope",-2387936,4276562,-154.8,71.47,0.17,"HEX_AK_-2488_4277;HEX_AK_-2438_4190;HEX_AK_-2438_4363;HEX_AK_-2338_4190",0,0,0,0,0,0,0,0,0,0,,,"Unknown",126.57,5.03,0,,0,0,,0,0,0,2,0,0
"HEX_AK_-2338_2458","AK","AK","Alaska","02220","Sitka",-2337936,2457909,-136.32,56.66,0.04,"HEX_AK_-2288_2371;HEX_AK_-2288_2545;HEX_AK_-2238_2458",0,0,0,0,0,0,0,0,0,0,,,"Unknown",48.44,6.67,0,,5.76,0,,0,0,0,2,0,0
"HEX_AK_-2338_2631","AK","AK","Alaska","02105","Hoonah-Angoon",-2337936,2631114,-137.55,58.04,0.06,"HEX_AK_-2288_2545;HEX_AK_-2288_2718;HEX_AK_-2238_2631",0,0,0,0,0,0,0,0,0,0,,,"Unknown",0.54,5.6,0,,0,0,,0,0,0,2,0,0
"HEX_AK_-2338_2804","AK","AK","Alaska","02282","Yakutat",-2337936,2804319,-138.85,59.43,0.7,"HEX_AK_-2388_2891;HEX_AK_-2288_2718;HEX_AK_-2288_2891",0,0,0,0,0,0,1,3.8,3.8,0,,,"Unknown",0.51,2.39,0,,0,0,,0,0,0,2,0,0
"HEX_AK_-2338_2978","AK","AK","Alaska","02066","Copper River",-2337936,2977524,-140.23,60.83,0.05,"HEX_AK_-2438_2978;HEX_AK_-2388_2891;HEX_AK_-2388_3064;HEX_AK_-2288_2891;HEX_AK_-2288_3064",0,0,0,0,0,0,0,0,0,0,,,,,,,,,,,0,0,0,2,0,0
"HEX_AK_-2338_3151","AK","AK","Alaska","02240","Southeast Fairbanks",-2337936,3150729,-141.69,62.23,0.91,"HEX_AK_-2438_3151;HEX_AK_-2388_3064;HEX_AK_-2388_3237;HEX_AK_-2288_3064;HEX_AK_-2288_3237;HEX_AK_-2238_3151",0,0,0,0,0,0,0,0,0,0,,,"Unknown",0.95,3.51,0,,1.32,0,,0,0,0,2,0,0
"HEX_AK_-2338_3324","AK","AK","Alaska","02240","Southeast Fairbanks",-2337936,3323934,-143.25,63.65,1,"HEX_AK_-2438_3324;HEX_AK_-2388_3237;HEX_AK_-2388_3411;HEX_AK_-2288_3237;HEX_AK_-2288_3411;HEX_AK_-2238_3324",0,0,0,0,0,0,1,7.3,7.8,0,,,"Unknown",0.95,3.51,0,,1.32,0,,0,0,0,2,0,0
"HEX_AK_-2338_3497","AK","AK","Alaska","02090","Fairbanks North Star",-2337936,3497139,-144.9,65.08,1,"HEX_AK_-2438_3497;HEX_AK_-2388_3411;HEX_AK_-2388_3584;HEX_AK_-2288_3584;HEX_AK_-2288_3411;HEX_AK_-2238_3497",0,0,0,0,0,0,0,0,0,0,,,"Unknown",70.52,6.2,0,,4.09,0,3,0,0,0,2,0,0
"HEX_AK_-2338_3670","AK","AK","Alaska","02290","Yukon-Koyukuk",-2337936,3670344,-146.67,66.52,1,"HEX_AK_-2438_3670;HEX_AK_-2388_3584;HEX_AK_-2388_3757;HEX_AK_-2288_3584;HEX_AK_-2288_3757;HEX_AK_-2238_3670",0,0,0,0,0,0,0,0,0,0,,,"Unknown",0.33,13.33,0,,23.46,0,,0,0,0,2,0,0
"HEX_AK_-2338_3844","AK","AK","Alaska","02290","Yukon-Koyukuk",-2337936,3843550,-148.55,67.99,1,"HEX_AK_-2438_3844;HEX_AK_-2388_3757;HEX_AK_-2388_3930;HEX_AK_-2288_3757;HEX_AK_-2288_3930;HEX_AK_-2238_3844",0,0,0,0,0,0,0,0,0,0,,,"Unknown",0.33,13.33,0,,23.46,0,,0,0,0,2,0,0
"HEX_AK_-2338_4017","AK","AK","Alaska","02185","North Slope",-2337936,4016755,-150.56,69.48,1,"HEX_AK_-2438_4017;HEX_AK_-2388_3930;HEX_AK_-2388_4103;HEX_AK_-2288_3930;HEX_AK_-2288_4103;HEX_AK_-2238_4017",0,0,0,0,0,0,0,0,0,0,,,"Unknown",126.57,5.03,0,,0,0,,0,0,0,2,0,0
"HEX_AK_-2338_4190","AK","AK","Alaska","02185","North Slope",-2337936,4189960,-152.72,71.01,0.38,"HEX_AK_-2438_4190;HEX_AK_-2388_4103;HEX_AK_-2388_4277;HEX_AK_-2288_4103",0,0,0,0,0,0,0,0,0,0,,,"Unknown",126.57,5.03,0,,0,0,,0,0,0,2,0,0
"HEX_AK_-2288_2198","AK","AK","Alaska","02198","Prince of Wales-Hyder",-2287936,2198101,-133.85,54.76,0.27,"HEX_AK_-2238_2111;HEX_AK_-2238_2285;HEX_AK_-2188_2198",0,0,0,0,0,0,0,0,0,0,,,"Unknown",0.47,1.63,0,,0,0,,0,0,0,2,0,0
"HEX_AK_-2288_2371","AK","AK","Alaska","02220","Sitka",-2287936,2371306,-134.97,56.15,0.37,"HEX_AK_-2338_2458;HEX_AK_-2238_2285;HEX_AK_-2238_2458;HEX_AK_-2188_2371",0,0,0,0,0,0,0,0,0,0,,,"Unknown",48.44,6.67,0,,5.76,0,,0,0,0,2,0,0
"HEX_AK_-2288_2545","AK","AK","Alaska","02220","Sitka",-2287936,2544511,-136.15,57.53,0.58,"HEX_AK_-2338_2458;HEX_AK_-2338_2631;HEX_AK_-2238_2458;HEX_AK_-2238_2631;HEX_AK_-2188_2545",0,0,0,0,0,0,1,1.6,2.6,0,,,"Unknown",48.44,6.67,0,,5.76,0,,0,0,0,2,0,0
"HEX_AK_-2288_2718","AK","AK","Alaska","02105","Hoonah-Angoon",-2287936,2717717,-137.4,58.93,0.68,"HEX_AK_-2338_2631;HEX_AK_-2338_2804;HEX_AK_-2238_2631;HEX_AK_-2188_2718",0,0,0,0,0,0,0,0,0,0,,,"Unknown",0.54,5.6,0,,0,0,,0,0,0,2,0,0
"HEX_AK_-2288_2891","AK","AK","Alaska","02282","Yakutat",-2287936,2890922,-138.72,60.33,0.15,"HEX_AK_-2388_2891;HEX_AK_-2338_2804;HEX_AK_-2338_2978",0,0,0,0,0,0,0,0,0,0,,,"Unknown",0.51,2.39,0,,0,0,,0,0,0,2,0,0
"HEX_AK_-2288_3064","AK","AK","Alaska","02066","Copper River",-2287936,3064127,-140.12,61.74,0.02,"HEX_AK_-2388_3064;HEX_AK_-2338_2978;HEX_AK_-2338_3151;HEX_AK_-2238_3151",0,0,0,0,0,0,0,0,0,0,,,,,,,,,,,0,0,0,2,0,0
"HEX_AK_-2288_3237","AK","AK","Alaska","02240","Southeast Fairbanks",-2287936,3237332,-141.61,63.15,0.86,"HEX_AK_-2388_3237;HEX_AK_-2338_3151;HEX_AK_-2338_3324;HEX_AK_-2238_3151;HEX_AK_-2238_3324;HEX_AK_-2188_3237",0,0,0,0,0,0,1,1.1,1.1,0,,,"Unknown",0.95,3.51,0,,1.32,0,,0,0,0,2,0,0
"HEX_AK_-2288_3584","AK","AK","Alaska","02290","Yukon-Koyukuk",-2287936,3583742,-144.89,66.04,1,"HEX_AK_-2388_3584;HEX_AK_-2338_3497;HEX_AK_-2338_3670;HEX_AK_-2238_3497;HEX_AK_-2238_3670;HEX_AK_-2188_3584",0,0,0,0,0,0,0,0,0,0,,,"Unknown",0.33,13.33,0,,23.46,0,,0,0,0,2,0,0
"HEX_AK_-2288_3757","AK","AK","Alaska","02290","Yukon-Koyukuk",-2287936,3756947,-146.69,67.51,1,"HEX_AK_-2388_3757;HEX_AK_-2338_3670;HEX_AK_-2338_3844;HEX_AK_-2238_3670;HEX_AK_-2238_3844;HEX_AK_-2188_3757",0,0,0,0,0,0,0,0,0,0,,,"Unknown",0.33,13.33,0,,23.46,0,,0,0,0,2,0,0
"HEX_AK_-2288_3930","AK","AK","Alaska","02185","North Slope",-2287936,3930152,-148.62,69,1,"HEX_AK_-2388_3930;HEX_AK_-2338_3844;HEX_AK_-2338_4017;HEX_AK_-2238_3844;HEX_AK_-2238_4017;HEX_AK_-2188_3930",0,0,0,0,0,0,0,0,0,0,,,"Unknown",126.57,5.03,0,,0,0,,0,0,0,2,0,0
"HEX_AK_-2288_4103","AK","AK","Alaska","02185","North Slope",-2287936,4103357,-150.68,70.53,0.55,"HEX_AK_-2388_4103;HEX_AK_-2338_4017;HEX_AK_-2338_4190;HEX_AK_-2238_4017;HEX_AK_-2188_4103",0,0,0,0,0,0,1,4.4,4.4,0,,,"Unknown",126.57,5.03,0,,0,0,,0,0,0,2,0,0
"HEX_AK_-2288_3411","AK","AK","Alaska","02240","Southeast Fairbanks",-2287936,3410537,-143.2,64.59,1,"HEX_AK_-2388_3411;HEX_AK_-2338_3324;HEX_AK_-2338_3497;HEX_AK_-2238_3324;HEX_AK_-2238_3497;HEX_AK_-2188_3411",0,0,0,0,0,0,0,0,0,0,,,"Unknown",0.95,3.51,0,,1.32,0,,0,0,0,2,0,0
"HEX_AK_-2238_2111","AK","AK","Alaska","02198","Prince of Wales-Hyder",-2237936,2111499,-132.58,54.24,0.01,"HEX_AK_-2288_2198;HEX_AK_-2188_2198;HEX_AK_-2138_2111",0,0,0,0,0,0,0,0,0,0,,,"Unknown",0.47,1.63,0,,0,0,,0,0,0,2,0,0
"HEX_AK_-2238_2285","AK","AK","Alaska","02198","Prince of Wales-Hyder",-2237936,2284704,-133.65,55.62,0.73,"HEX_AK_-2288_2198;HEX_AK_-2288_2371;HEX_AK_-2188_2198;HEX_AK_-2188_2371;HEX_AK_-2138_2285",0,0,0,0,0,0,6,15.6,16.6,0,,,"Unknown",0.47,1.63,0,,0,0,,0,0,0,2,0,0
"HEX_AK_-2238_2458","AK","AK","Alaska","02220","Sitka",-2237936,2457909,-134.78,57.02,1,"HEX_AK_-2338_2458;HEX_AK_-2288_2371;HEX_AK_-2288_2545;HEX_AK_-2188_2371;HEX_AK_-2188_2545;HEX_AK_-2138_2458",0,0,0,0,0,0,4,63.2,63.2,0,,,"Unknown",48.44,6.67,0,,5.76,0,,0,0,0,2,0,0
"HEX_AK_-2238_2631","AK","AK","Alaska","02105","Hoonah-Angoon",-2237936,2631114,-135.98,58.41,1,"HEX_AK_-2338_2631;HEX_AK_-2288_2545;HEX_AK_-2288_2718;HEX_AK_-2188_2545;HEX_AK_-2188_2718;HEX_AK_-2138_2631",0,0,0,0,0,0,2,3.4,3.4,0,,,"Unknown",0.54,5.6,0,,0,0,,0,0,0,2,0,0
"HEX_AK_-2238_3151","AK","AK","Alaska","02240","Southeast Fairbanks",-2237936,3150729,-140.01,62.65,0.01,"HEX_AK_-2338_3151;HEX_AK_-2288_3064;HEX_AK_-2288_3237;HEX_AK_-2188_3237",0,0,0,0,0,0,0,0,0,0,,,"Unknown",0.95,3.51,0,,1.32,0,,0,0,0,2,0,0
"HEX_AK_-2238_3324","AK","AK","Alaska","02240","Southeast Fairbanks",-2237936,3323934,-141.53,64.09,0.81,"HEX_AK_-2338_3324;HEX_AK_-2288_3237;HEX_AK_-2288_3411;HEX_AK_-2188_3237;HEX_AK_-2188_3411",0,0,0,0,0,0,0,0,0,0,,,"Unknown",0.95,3.51,0,,1.32,0,,0,0,0,2,0,0
"HEX_AK_-2238_3497","AK","AK","Alaska","02290","Yukon-Koyukuk",-2237936,3497139,-143.15,65.54,1,"HEX_AK_-2338_3497;HEX_AK_-2288_3584;HEX_AK_-2288_3411;HEX_AK_-2188_3584;HEX_AK_-2188_3411;HEX_AK_-2138_3497",0,0,0,0,0,0,0,0,0,0,,,"Unknown",0.33,13.33,0,,23.46,0,,0,0,0,2,0,0
"HEX_AK_-2238_3670","AK","AK","Alaska","02290","Yukon-Koyukuk",-2237936,3670344,-144.87,67.01,1,"HEX_AK_-2338_3670;HEX_AK_-2288_3584;HEX_AK_-2288_3757;HEX_AK_-2188_3584;HEX_AK_-2188_3757;HEX_AK_-2138_3670",0,0,0,0,0,0,1,2.8,2.8,0,,,"Unknown",0.33,13.33,0,,23.46,0,,0,0,0,2,0,0
"HEX_AK_-2238_3844","AK","AK","Alaska","02185","North Slope",-2237936,3843550,-146.72,68.51,1,"HEX_AK_-2338_3844;HEX_AK_-2288_3757;HEX_AK_-2288_3930;HEX_AK_-2188_3757;HEX_AK_-2188_3930;HEX_AK_-2138_3844",0,0,0,0,0,0,0,0,0,0,,,"Unknown",126.57,5.03,0,,0,0,,0,0,0,2,0,0
"HEX_AK_-2238_4017","AK","AK","Alaska","02185","North Slope",-2237936,4016755,-148.69,70.04,0.97,"HEX_AK_-2338_4017;HEX_AK_-2288_3930;HEX_AK_-2288_4103;HEX_AK_-2188_3930;HEX_AK_-2188_4103;HEX_AK_-2138_4017",2,3120,2,1,1,0,2,33.2,33.5,0,,,"Unknown",126.57,5.03,0,,0,0,,0,0,0,2,0,0
"HEX_AK_-2188_2198","AK","AK","Alaska","02198","Prince of Wales-Hyder",-2187936,2198101,-132.36,55.09,0.99,"HEX_AK_-2288_2198;HEX_AK_-2238_2111;HEX_AK_-2238_2285;HEX_AK_-2138_2111;HEX_AK_-2138_2285;HEX_AK_-2088_2198",0,0,0,0,0,0,6,38.6,38.6,0,,,"Unknown",0.47,1.63,0,,0,0,,0,0,0,2,0,0
"HEX_AK_-2188_2371","AK","AK","Alaska","02198","Prince of Wales-Hyder",-2187936,2371306,-133.44,56.49,1,"HEX_AK_-2288_2371;HEX_AK_-2238_2285;HEX_AK_-2238_2458;HEX_AK_-2138_2285;HEX_AK_-2138_2458;HEX_AK_-2088_2371",0,0,0,0,0,0,1,14.7,14.7,0,,,"Unknown",0.47,1.63,0,,0,0,,0,0,0,2,0,0
"HEX_AK_-2188_2545","AK","AK","Alaska","02105","Hoonah-Angoon",-2187936,2544511,-134.58,57.89,1,"HEX_AK_-2288_2545;HEX_AK_-2238_2458;HEX_AK_-2238_2631;HEX_AK_-2138_2458;HEX_AK_-2138_2631;HEX_AK_-2088_2545",0,0,0,0,0,0,4,25.9,34,0,,,"Unknown",0.54,5.6,0,,0,0,,0,0,0,2,0,0
"HEX_AK_-2188_2718","AK","AK","Alaska","02100","Haines",-2187936,2717717,-135.8,59.3,0.85,"HEX_AK_-2288_2718;HEX_AK_-2238_2631;HEX_AK_-2138_2631;HEX_AK_-2138_2804;HEX_AK_-2088_2718",0,0,0,0,0,0,4,19.5,20.1,0,,,"Unknown",1.84,2.32,0,,0,0,,0,0,0,2,0,0
"HEX_AK_-2188_3237","AK","AK","Alaska","02240","Southeast Fairbanks",-2187936,3237332,-139.9,63.58,0,"HEX_AK_-2288_3237;HEX_AK_-2238_3151;HEX_AK_-2238_3324",0,0,0,0,0,0,0,0,0,0,,,"Unknown",0.95,3.51,0,,1.32,0,,0,0,0,2,0,0
"HEX_AK_-2188_3584","AK","AK","Alaska","02290","Yukon-Koyukuk",-2187936,3583742,-143.09,66.51,1,"HEX_AK_-2288_3584;HEX_AK_-2238_3497;HEX_AK_-2238_3670;HEX_AK_-2138_3497;HEX_AK_-2138_3670;HEX_AK_-2088_3584",0,0,0,0,0,0,0,0,0,0,,,"Unknown",0.33,13.33,0,,23.46,0,,0,0,0,2,0,0
"HEX_AK_-2188_3757","AK","AK","Alaska","02290","Yukon-Koyukuk",-2187936,3756947,-144.85,68.01,1,"HEX_AK_-2288_3757;HEX_AK_-2238_3670;HEX_AK_-2238_3844;HEX_AK_-2138_3670;HEX_AK_-2138_3844;HEX_AK_-2088_3757",0,0,0,0,0,0,0,0,0,0,,,"Unknown",0.33,13.33,0,,23.46,0,,0,0,0,2,0,0
"HEX_AK_-2188_3930","AK","AK","Alaska","02185","North Slope",-2187936,3930152,-146.74,69.54,1,"HEX_AK_-2288_3930;HEX_AK_-2238_3844;HEX_AK_-2238_4017;HEX_AK_-2138_3844;HEX_AK_-2138_4017;HEX_AK_-2088_3930",0,0,0,0,0,0,0,0,0,0,,,"Unknown",126.57,5.03,0,,0,0,,0,0,0,2,0,0
"HEX_AK_-2188_4103","AK","AK","Alaska","02185","North Slope",-2187936,4103357,-148.76,71.11,0,"HEX_AK_-2288_4103;HEX_AK_-2238_4017;HEX_AK_-2138_4017",0,0,0,0,0,0,0,0,0,0,,,"Unknown",126.57,5.03,0,,0,0,,0,0,0,2,0,0
"HEX_AK_-2188_3411","AK","AK","Alaska","02240","Southeast Fairbanks",-2187936,3410537,-141.44,65.03,0.75,"HEX_AK_-2288_3411;HEX_AK_-2238_3324;HEX_AK_-2238_3497;HEX_AK_-2138_3497",0,0,0,0,0,0,0,0,0,0,,,"Unknown",0.95,3.51,0,,1.32,0,,0,0,0,2,0,0
"HEX_AK_-2138_2111","AK","AK","Alaska","02130","Ketchikan Gateway",-2137936,2111499,-131.1,54.56,0.29,"HEX_AK_-2238_2111;HEX_AK_-2188_2198;HEX_AK_-2088_2198;HEX_AK_-2038_2111",0,0,0,0,0,0,0,0,0,0,,,"Unknown",48.12,1.58,0,,0.94,0,,0,0,0,2,0,0
"HEX_AK_-2138_2285","AK","AK","Alaska","02275","Wrangell",-2137936,2284704,-132.13,55.95,1,"HEX_AK_-2238_2285;HEX_AK_-2188_2198;HEX_AK_-2188_2371;HEX_AK_-2088_2198;HEX_AK_-2088_2371;HEX_AK_-2038_2285",0,0,0,0,0,0,2,23.6,23.6,0,,,"Unknown",0.65,2.23,0,,0,0,,0,0,0,2,0,0
"HEX_AK_-2138_2458","AK","AK","Alaska","02195","Petersburg",-2137936,2457909,-133.22,57.36,0.95,"HEX_AK_-2238_2458;HEX_AK_-2188_2371;HEX_AK_-2188_2545;HEX_AK_-2088_2371;HEX_AK_-2088_2545",0,0,0,0,0,0,0,0,0,0,,,"Unknown",0.83,3.52,0,,0,0,,0,0,0,2,0,0
"HEX_AK_-2138_2631","AK","AK","Alaska","02110","Juneau",-2137936,2631114,-134.38,58.77,0.71,"HEX_AK_-2238_2631;HEX_AK_-2188_2545;HEX_AK_-2188_2718;HEX_AK_-2088_2545;HEX_AK_-2088_2718",0,0,0,0,0,0,4,45.7,143.6,0,,,"Unknown",46.1,3.87,0,,3.33,0,,0,0,0,2,0,0
"HEX_AK_-2138_2804","AK","AK","Alaska","02230","Skagway",-2137936,2804319,-135.61,60.19,0.01,"HEX_AK_-2188_2718;HEX_AK_-2088_2718",0,0,0,0,0,0,0,0,0,0,,,"Unknown",0.32,1.83,0,,0,0,,0,0,0,2,0,0
"HEX_AK_-2138_3497","AK","AK","Alaska","02290","Yukon-Koyukuk",-2137936,3497139,-141.35,65.99,0.7,"HEX_AK_-2238_3497;HEX_AK_-2188_3584;HEX_AK_-2188_3411;HEX_AK_-2088_3584",0,0,0,0,0,0,0,0,0,0,,,"Unknown",0.33,13.33,0,,23.46,0,,0,0,0,2,0,0
"HEX_AK_-2138_3670","AK","AK","Alaska","02290","Yukon-Koyukuk",-2137936,3670344,-143.03,67.49,1,"HEX_AK_-2238_3670;HEX_AK_-2188_3584;HEX_AK_-2188_3757;HEX_AK_-2088_3584;HEX_AK_-2088_3757;HEX_AK_-2038_3670",0,0,0,0,0,0,0,0,0,0,,,"Unknown",0.33,13.33,0,,23.46,0,,0,0,0,2,0,0
"HEX_AK_-2138_3844","AK","AK","Alaska","02185","North Slope",-2137936,3843550,-144.84,69.02,1,"HEX_AK_-2238_3844;HEX_AK_-2188_3757;HEX_AK_-2188_3930;HEX_AK_-2088_3757;HEX_AK_-2088_3930;HEX_AK_-2038_3844",0,0,0,0,0,0,0,0,0,0,,,"Unknown",126.57,5.03,0,,0,0,,0,0,0,2,0,0
"HEX_AK_-2138_4017","AK","AK","Alaska","02185","North Slope",-2137936,4016755,-146.77,70.59,0.23,"HEX_AK_-2238_4017;HEX_AK_-2188_3930;HEX_AK_-2188_4103;HEX_AK_-2088_3930",0,0,0,0,0,0,0,0,0,0,,,"Unknown",126.57,5.03,0,,0,0,,0,0,0,2,0,0
"HEX_AK_-2088_2198","AK","AK","Alaska","02130","Ketchikan Gateway",-2087936,2198101,-130.85,55.41,0.99,"HEX_AK_-2188_2198;HEX_AK_-2138_2111;HEX_AK_-2138_2285;HEX_AK_-2038_2111;HEX_AK_-2038_2285;HEX_AK_-1988_2198",0,0,0,0,0,0,5,39.1,39.1,0,,,"Unknown",48.12,1.58,0,,0.94,0,,0,0,0,2,0,0
"HEX_AK_-2088_2371","AK","AK","Alaska","02275","Wrangell",-2087936,2371306,-131.89,56.82,0.49,"HEX_AK_-2188_2371;HEX_AK_-2138_2285;HEX_AK_-2138_2458;HEX_AK_-2038_2285",0,0,0,0,0,0,1,12,12,0,,,"Unknown",0.65,2.23,0,,0,0,,0,0,0,2,0,0
"HEX_AK_-2088_2545","AK","AK","Alaska","02110","Juneau",-2087936,2544511,-133,58.23,0.33,"HEX_AK_-2188_2545;HEX_AK_-2138_2458;HEX_AK_-2138_2631",0,0,0,0,0,0,1,78.2,78.2,0,,,"Unknown",46.1,3.87,0,,3.33,0,,0,0,0,2,0,0
"HEX_AK_-2088_2718","AK","AK","Alaska","02230","Skagway",-2087936,2717717,-134.17,59.65,0,"HEX_AK_-2188_2718;HEX_AK_-2138_2631;HEX_AK_-2138_2804",0,0,0,0,0,0,0,0,0,0,,,"Unknown",0.32,1.83,0,,0,0,,0,0,0,2,0,0
"HEX_AK_-2088_3584","AK","AK","Alaska","02290","Yukon-Koyukuk",-2087936,3583742,-141.26,66.97,0.64,"HEX_AK_-2188_3584;HEX_AK_-2138_3497;HEX_AK_-2138_3670;HEX_AK_-2038_3670",0,0,0,0,0,0,0,0,0,0,,,"Unknown",0.33,13.33,0,,23.46,0,,0,0,0,2,0,0
"HEX_AK_-2088_3757","AK","AK","Alaska","02290","Yukon-Koyukuk",-2087936,3756947,-142.98,68.5,1,"HEX_AK_-2188_3757;HEX_AK_-2138_3670;HEX_AK_-2138_3844;HEX_AK_-2038_3670;HEX_AK_-2038_3844;HEX_AK_-1988_3757",0,0,0,0,0,0,0,0,0,0,,,"Unknown",0.33,13.33,0,,23.46,0,,0,0,0,2,0,0
"HEX_AK_-2088_3930","AK","AK","Alaska","02185","North Slope",-2087936,3930152,-144.82,70.06,0.57,"HEX_AK_-2188_3930;HEX_AK_-2138_3844;HEX_AK_-2138_4017;HEX_AK_-2038_3844;HEX_AK_-1988_3930",0,0,0,0,0,0,1,2.6,2.6,0,,,"Unknown",126.57,5.03,0,,0,0,,0,0,0,2,0,0
"HEX_AK_-2038_2111","AK","AK","Alaska","02130","Ketchikan Gateway",-2037936,2111499,-129.59,54.86,0.04,"HEX_AK_-2138_2111;HEX_AK_-2088_2198;HEX_AK_-1988_2198",0,0,0,0,0,0,0,0,0,0,,,"Unknown",48.12,1.58,0,,0.94,0,,0,0,0,2,0,0
"HEX_AK_-2038_2285","AK","AK","Alaska","02130","Ketchikan Gateway",-2037936,2284704,-130.59,56.27,0.48,"HEX_AK_-2138_2285;HEX_AK_-2088_2198;HEX_AK_-2088_2371;HEX_AK_-1988_2198",0,0,0,0,0,0,0,0,0,0,,,"Unknown",48.12,1.58,0,,0.94,0,,0,0,0,2,0,0
"HEX_AK_-2038_3670","AK","AK","Alaska","02290","Yukon-Koyukuk",-2037936,3670344,-141.16,67.96,0.59,"HEX_AK_-2138_3670;HEX_AK_-2088_3584;HEX_AK_-2088_3757;HEX_AK_-1988_3757",0,0,0,0,0,0,0,0,0,0,,,"Unknown",0.33,13.33,0,,23.46,0,,0,0,0,2,0,0
"HEX_AK_-2038_3844","AK","AK","Alaska","02185","North Slope",-2037936,3843550,-142.91,69.52,0.99,"HEX_AK_-2138_3844;HEX_AK_-2088_3757;HEX_AK_-2088_3930;HEX_AK_-1988_3757;HEX_AK_-1988_3930;HEX_AK_-1938_3844",0,0,0,0,0,0,0,0,0,0,,,"Unknown",126.57,5.03,0,,0,0,,0,0,0,2,0,0
"HEX_AK_-1988_2198","AK","AK","Alaska","02198","Prince of Wales-Hyder",-1987936,2198101,-129.32,55.72,0.02,"HEX_AK_-2088_2198;HEX_AK_-2038_2111;HEX_AK_-2038_2285",0,0,0,0,0,0,0,0,0,0,,,"Unknown",0.47,1.63,0,,0,0,,0,0,0,2,0,0
"HEX_AK_-1988_3757","AK","AK","Alaska","02185","North Slope",-1987936,3756947,-141.06,68.97,0.53,"HEX_AK_-2088_3757;HEX_AK_-2038_3670;HEX_AK_-2038_3844;HEX_AK_-1938_3844",0,0,0,0,0,0,0,0,0,0,,,"Unknown",126.57,5.03,0,,0,0,,0,0,0,2,0,0
"HEX_AK_-1988_3930","AK","AK","Alaska","02185","North Slope",-1987936,3930152,-142.85,70.57,0.05,"HEX_AK_-2088_3930;HEX_AK_-2038_3844;HEX_AK_-1938_3844",0,0,0,0,0,0,0,0,0,0,,,"Unknown",126.57,5.03,0,,0,0,,0,0,0,2,0,0
"HEX_AK_-1938_3844","AK","AK","Alaska","02185","North Slope",-1937936,3843550,-140.95,70.01,0.12,"HEX_AK_-2038_3844;HEX_AK_-1988_3757;HEX_AK_-1988_3930",0,0,0,0,0,0,0,0,0,0,,,"Unknown",126.57,5.03,0,,0,0,,0,0,0,2,0,0
"HEX_CONUS_-2242_21","CONUS","CA","California","06075","San Francisco",-2242156,20832,-123.2,37.43,0.03,"HEX_CONUS_-2192_-66;HEX_CONUS_-2192_107;HEX_CONUS_-2142_21",0,0,0,0,0,0,0,0,0,0,250,,"Unknown",68.37,33.27,0,2.57,0,11.1,406,0,0,0,13,1,0
"HEX_CONUS_-2242_194","CONUS","CA","California","06045","Mendocino",-2242156,194037,-123.8,38.84,0.36,"HEX_CONUS_-2192_107;HEX_CONUS_-2192_281;HEX_CONUS_-2142_194",0,0,0,0,0,0,0,0,0,0,0,0.23,"Under 0.5",83.26,26.4,40.89,28.58,20.7,5.69,3,0,0,0,13,1,0
"HEX_CONUS_-2242_367","CONUS","CA","California","06023","Humboldt",-2242156,367242,-124.42,40.24,0.39,"HEX_CONUS_-2192_281;HEX_CONUS_-2192_454;HEX_CONUS_-2142_367",0,0,0,0,0,0,1,25,32.5,0,0,0.17,"Under 0.5",74.58,26.2,0,21.57,16.71,1.93,,0,0,0,13,1,0
"HEX_CONUS_-2192_-239","CONUS","CA","California","06079","San Luis Obispo",-2192156,-238976,-121.79,35.42,0.01,"HEX_CONUS_-2142_-326;HEX_CONUS_-2142_-152;HEX_CONUS_-2092_-239",0,0,0,0,0,0,0,0,0,0,1028.94,1.26,"1–4.99",2103.17,17.38,25.02,26.25,13.74,10.88,15,0,0,0,13,1,0
"HEX_CONUS_-2192_-66","CONUS","CA","California","06087","Santa Cruz",-2192156,-65771,-122.34,36.84,0.33,"HEX_CONUS_-2242_21;HEX_CONUS_-2142_-152;HEX_CONUS_-2142_21;HEX_CONUS_-2092_-66",0,0,0,0,0,0,9,2352.8,2352.8,49.54,203.7,1.15,"1–4.99",58.65,22.34,17.75,36.3,12.33,7.24,3,0,0,0,13,1,0
"HEX_CONUS_-2192_107","CONUS","CA","California","06041","Marin",-2192156,107434,-122.92,38.25,0.68,"HEX_CONUS_-2242_21;HEX_CONUS_-2242_194;HEX_CONUS_-2142_21;HEX_CONUS_-2142_194;HEX_CONUS_-2092_107",1,10,1,0,1,1,17,38.3,38.3,214.49,0,0.43,"Under 0.5",70.84,12.23,12.31,9.65,13.11,3.17,30,0,0,0,13,1,0
"HEX_CONUS_-2192_281","CONUS","CA","California","06045","Mendocino",-2192156,280640,-123.52,39.66,0.85,"HEX_CONUS_-2242_194;HEX_CONUS_-2242_367;HEX_CONUS_-2142_194;HEX_CONUS_-2142_367;HEX_CONUS_-2092_281",0,0,0,0,0,0,2,0,14.3,0,0,0.23,"Under 0.5",83.26,26.4,40.89,28.58,20.7,5.69,3,0,0,0,13,1,0
"HEX_CONUS_-2192_454","CONUS","CA","California","06023","Humboldt",-2192156,453845,-124.14,41.07,0.58,"HEX_CONUS_-2242_367;HEX_CONUS_-2142_367;HEX_CONUS_-2142_540;HEX_CONUS_-2092_454",0,0,0,0,0,0,4,171.4,204,0,0,0.17,"Under 0.5",74.58,26.2,0,21.57,16.71,1.93,,0,0,0,13,1,0
"HEX_CONUS_-2192_627","CONUS","OR","Oregon","41015","Curry",-2192156,627050,-124.8,42.47,0.26,"HEX_CONUS_-2142_540;HEX_CONUS_-2142_714;HEX_CONUS_-2092_627",0,0,0,0,0,0,0,0,0,47.06,580,0.1,"Under 0.5",18.1,23.96,3.82,12.41,24.18,9.6,,0,0,0,5,3,0
"HEX_CONUS_-2142_-326","CONUS","CA","California","06083","Santa Barbara",-2142156,-325578,-120.96,34.81,0.25,"HEX_CONUS_-2192_-239;HEX_CONUS_-2092_-412;HEX_CONUS_-2092_-239;HEX_CONUS_-2042_-326",0,0,0,0,0,0,4,2443.6,2445,93.89,0,2.73,"1–4.99",120.54,48.15,100,37.47,15.38,13.86,30,0,0,0,13,1,0
"HEX_CONUS_-2142_-152","CONUS","CA","California","06053","Monterey",-2142156,-152373,-121.5,36.24,0.8,"HEX_CONUS_-2192_-239;HEX_CONUS_-2192_-66;HEX_CONUS_-2092_-239;HEX_CONUS_-2092_-66;HEX_CONUS_-2042_-152",0,0,0,0,0,0,16,211.9,211.9,52.94,3393.93,1.22,"1–4.99",380.2,33.47,15.11,38.73,20.89,5.92,9,0,0,0,13,1,0
"HEX_CONUS_-2142_21","CONUS","CA","California","06001","Alameda",-2142156,20832,-122.05,37.66,0.95,"HEX_CONUS_-2242_21;HEX_CONUS_-2192_-66;HEX_CONUS_-2192_107;HEX_CONUS_-2092_-66;HEX_CONUS_-2092_107;HEX_CONUS_-2042_21",19,1018,12,6,12,3,129,6678.9,6895.4,1198.67,2389.58,2.82,"1–4.99",184.21,40.4,26.55,20.91,15.78,9.43,133,0,0,0,13,1,1
"HEX_CONUS_-2142_194","CONUS","CA","California","06033","Lake",-2142156,194037,-122.62,39.08,1,"HEX_CONUS_-2242_194;HEX_CONUS_-2192_107;HEX_CONUS_-2192_281;HEX_CONUS_-2092_281;HEX_CONUS_-2092_107;HEX_CONUS_-2042_194",0,0,0,0,0,0,19,2400.8,2516.2,336.56,56.88,0.51,"0.5–0.99",62.74,25.85,38.93,41.63,14.33,11.2,,0,0,0,13,1,0
"HEX_CONUS_-2142_367","CONUS","CA","California","06105","Trinity",-2142156,367242,-123.23,40.49,1,"HEX_CONUS_-2242_367;HEX_CONUS_-2192_281;HEX_CONUS_-2192_454;HEX_CONUS_-2092_281;HEX_CONUS_-2092_454;HEX_CONUS_-2042_367",0,0,0,0,0,0,5,149.8,149.8,19.38,,0.28,"Under 0.5",22.43,14.58,13.45,28.76,7.34,4.55,,0,0,0,13,1,0
"HEX_CONUS_-2142_540","CONUS","CA","California","06015","Del Norte",-2142156,540447,-123.85,41.89,0.9,"HEX_CONUS_-2192_454;HEX_CONUS_-2192_627;HEX_CONUS_-2092_454;HEX_CONUS_-2092_627;HEX_CONUS_-2042_540",0,0,0,0,0,0,0,0,0,0,,0.1,"Under 0.5",19.55,14.09,2.4,11.74,12.63,1.78,,0,0,0,13,1,0
"HEX_CONUS_-2142_714","CONUS","OR","Oregon","41011","Coos",-2142156,713652,-124.51,43.29,0.43,"HEX_CONUS_-2192_627;HEX_CONUS_-2092_627;HEX_CONUS_-2092_800;HEX_CONUS_-2042_714",0,0,0,0,0,0,0,0,0,126.01,0,0.13,"Under 0.5",25.74,25.2,7.38,5.44,22.36,11.88,3,0,0,0,5,3,0
"HEX_CONUS_-2092_-585","CONUS","CA","California","06111","Ventura",-2092156,-585386,-119.67,32.77,0,"HEX_CONUS_-2042_-499;HEX_CONUS_-1992_-585",0,0,0,0,0,0,0,0,0,0,1925.53,2.98,"1–4.99",312.97,29.4,0.64,40.35,28.5,10.44,40,0,0,0,13,1,0
"HEX_CONUS_-2092_-412","CONUS","CA","California","06083","Santa Barbara",-2092156,-412181,-120.16,34.21,0.45,"HEX_CONUS_-2142_-326;HEX_CONUS_-2042_-499;HEX_CONUS_-2042_-326;HEX_CONUS_-1992_-412",0,0,0,0,0,0,5,122,171.3,25.65,0,2.73,"1–4.99",120.54,48.15,100,37.47,15.38,13.86,30,0,0,0,13,1,0
"HEX_CONUS_-2092_-239","CONUS","CA","California","06079","San Luis Obispo",-2092156,-238976,-120.66,35.64,0.95,"HEX_CONUS_-2192_-239;HEX_CONUS_-2142_-326;HEX_CONUS_-2142_-152;HEX_CONUS_-2042_-326;HEX_CONUS_-2042_-152;HEX_CONUS_-1992_-239",0,0,0,0,0,0,17,405.3,446.5,325.6,1028.94,1.26,"1–4.99",2103.17,17.38,25.02,26.25,13.74,10.88,15,0,0,0,13,1,0
"HEX_CONUS_-2092_-66","CONUS","CA","California","06047","Merced",-2092156,-65771,-121.2,37.07,1,"HEX_CONUS_-2192_-66;HEX_CONUS_-2142_-152;HEX_CONUS_-2142_21;HEX_CONUS_-2042_-152;HEX_CONUS_-2042_21;HEX_CONUS_-1992_-66",2,113.5,2,0,2,1,35,2237.9,2281.5,682.53,7295.43,100,"5 or more",1092.33,33.32,66.97,14.53,20.83,32.48,,0,0,0,13,1,1
"HEX_CONUS_-2092_281","CONUS","CA","California","06103","Tehama",-2092156,280640,-122.33,39.9,1,"HEX_CONUS_-2192_281;HEX_CONUS_-2142_194;HEX_CONUS_-2142_367;HEX_CONUS_-2042_194;HEX_CONUS_-2042_367;HEX_CONUS_-1992_281",0,0,0,0,0,0,9,74.3,80.7,654.42,5,0.63,"0.5–0.99",539.15,24.87,51.19,26.9,8.44,10.64,,0,0,0,13,1,0
"HEX_CONUS_-2092_454","CONUS","CA","California","06093","Siskiyou",-2092156,453845,-122.93,41.31,1,"HEX_CONUS_-2192_454;HEX_CONUS_-2142_367;HEX_CONUS_-2142_540;HEX_CONUS_-2042_367;HEX_CONUS_-2042_540;HEX_CONUS_-1992_454",1,0,0,0,0,1,2,18.4,18.4,0,150,0.48,"Under 0.5",229.89,23.71,47.6,32.84,16.96,5.98,,0,0,0,13,1,0
"HEX_CONUS_-2092_627","CONUS","OR","Oregon","41033","Josephine",-2092156,627050,-123.56,42.72,1,"HEX_CONUS_-2192_627;HEX_CONUS_-2142_540;HEX_CONUS_-2142_714;HEX_CONUS_-2042_540;HEX_CONUS_-2042_714;HEX_CONUS_-1992_627",0,0,0,0,0,0,3,41.6,60.6,240.11,0,0.21,"Under 0.5",51.86,19.09,5.71,27.89,19.03,13.88,,0,0,0,5,3,0
"HEX_CONUS_-2092_800","CONUS","OR","Oregon","41039","Lane",-2092156,800255,-124.22,44.12,0.48,"HEX_CONUS_-2142_714;HEX_CONUS_-2042_714;HEX_CONUS_-2042_887;HEX_CONUS_-1992_800",0,0,0,0,0,0,0,0,0,142.33,2941.5,0.15,"Under 0.5",275.11,24.97,0,4.2,15,9.61,12,0,0,0,5,3,0
"HEX_CONUS_-2092_107","CONUS","CA","California","06095","Solano",-2092156,107434,-121.75,38.49,1,"HEX_CONUS_-2192_107;HEX_CONUS_-2142_21;HEX_CONUS_-2142_194;HEX_CONUS_-2042_21;HEX_CONUS_-2042_194;HEX_CONUS_-1992_107",2,153,2,1,1,0,105,3135.9,3266.8,1262.64,2237.93,100,"5 or more",456.7,28.67,50.52,15.65,8.87,9.94,15,0,0,0,13,1,0
"HEX_CONUS_-2042_-499","CONUS","CA","California","06083","Santa Barbara",-2042156,-498783,-119.36,33.6,0.1,"HEX_CONUS_-2092_-585;HEX_CONUS_-2092_-412;HEX_CONUS_-1992_-585;HEX_CONUS_-1992_-412;HEX_CONUS_-1942_-499",0,0,0,0,0,0,0,0,0,0,0,2.73,"1–4.99",120.54,48.15,100,37.47,15.38,13.86,30,0,0,0,13,1,0
"HEX_CONUS_-2042_-326","CONUS","CA","California","06079","San Luis Obispo",-2042156,-325578,-119.85,35.03,1,"HEX_CONUS_-2142_-326;HEX_CONUS_-2092_-412;HEX_CONUS_-2092_-239;HEX_CONUS_-1992_-412;HEX_CONUS_-1992_-239;HEX_CONUS_-1942_-326",1,275,1,0,1,0,32,3984.2,4035.3,401.24,1028.94,1.26,"1–4.99",2103.17,17.38,25.02,26.25,13.74,10.88,15,0,0,0,13,1,0
"HEX_CONUS_-2042_-152","CONUS","CA","California","06019","Fresno",-2042156,-152373,-120.36,36.46,1,"HEX_CONUS_-2142_-152;HEX_CONUS_-2092_-239;HEX_CONUS_-2092_-66;HEX_CONUS_-1992_-239;HEX_CONUS_-1992_-66;HEX_CONUS_-1942_-152",0,0,0,0,0,0,68,4212.1,4285.3,706.16,22895.25,2.37,"1–4.99",1824.17,36.47,54.84,42.97,31.15,28.53,12,0,0,0,13,1,0
"HEX_CONUS_-2042_21","CONUS","CA","California","06099","Stanislaus",-2042156,20832,-120.89,37.89,1,"HEX_CONUS_-2142_21;HEX_CONUS_-2092_-66;HEX_CONUS_-2092_107;HEX_CONUS_-1992_-66;HEX_CONUS_-1992_107;HEX_CONUS_-1942_21",3,41,1,1,2,1,56,2828.6,2865.3,692.51,1610.91,100,"5 or more",1152.2,29.11,54.11,16.37,6.67,16.59,3,0,0,0,13,1,1
"HEX_CONUS_-2042_194","CONUS","CA","California","06115","Yuba",-2042156,194037,-121.44,39.31,1,"HEX_CONUS_-2142_194;HEX_CONUS_-2092_281;HEX_CONUS_-2092_107;HEX_CONUS_-1992_281;HEX_CONUS_-1992_107;HEX_CONUS_-1942_194",0,0,0,0,0,0,36,2410.7,2411.8,721.05,0,0.38,"Under 0.5",327.02,22.43,47.35,22.51,9.35,9.48,,0,0,0,13,1,0
"HEX_CONUS_-2042_367","CONUS","CA","California","06089","Shasta",-2042156,367242,-122.02,40.72,1,"HEX_CONUS_-2142_367;HEX_CONUS_-2092_281;HEX_CONUS_-2092_454;HEX_CONUS_-1992_281;HEX_CONUS_-1992_454;HEX_CONUS_-1942_367",0,0,0,0,0,0,39,2414.5,2437,997.88,331,0.57,"0.5–0.99",244.75,26.01,30.93,37.95,11.93,9.14,7,0,0,0,13,1,0
"HEX_CONUS_-2042_540","CONUS","OR","Oregon","41029","Jackson",-2042156,540447,-122.62,42.13,1,"HEX_CONUS_-2142_540;HEX_CONUS_-2092_454;HEX_CONUS_-2092_627;HEX_CONUS_-1992_454;HEX_CONUS_-1992_627;HEX_CONUS_-1942_540",0,0,0,0,0,0,13,78.9,234.1,260.82,0,0.36,"Under 0.5",494.27,21.8,10.11,26.36,17.83,9.79,8,0,0,0,5,3,0
"HEX_CONUS_-2042_714","CONUS","OR","Oregon","41019","Douglas",-2042156,713652,-123.26,43.54,1,"HEX_CONUS_-2142_714;HEX_CONUS_-2092_627;HEX_CONUS_-2092_800;HEX_CONUS_-1992_627;HEX_CONUS_-1992_800;HEX_CONUS_-1942_714",0,0,0,0,0,0,3,15.4,15.4,355.53,2420,0.21,"Under 0.5",107.77,21.39,7.1,13.79,23.26,13.74,,0,0,0,5,3,0
"HEX_CONUS_-2042_887","CONUS","OR","Oregon","41041","Lincoln",-2042156,886857,-123.92,44.94,0.66,"HEX_CONUS_-2092_800;HEX_CONUS_-1992_800;HEX_CONUS_-1992_973;HEX_CONUS_-1942_887",0,0,0,0,0,0,10,43.2,43.2,49.03,20,0.1,"Under 0.5",31.88,23.07,0,1.91,18.8,9.36,,0,0,0,5,3,0
"HEX_CONUS_-2042_1060","CONUS","WA","Washington","53049","Pacific",-2042156,1060062,-124.61,46.34,0.11,"HEX_CONUS_-1992_1147;HEX_CONUS_-1992_973;HEX_CONUS_-1942_1060",0,0,0,0,0,0,0,0,0,0,0,0.1,"Under 0.5",5.61,25.24,0,0.38,15.43,4.16,,1,0,0,7,2,0
"HEX_CONUS_-2042_1233","CONUS","WA","Washington","53009","Clallam",-2042156,1233267,-125.34,47.74,0.01,"HEX_CONUS_-1992_1147;HEX_CONUS_-1992_1320;HEX_CONUS_-1942_1233",0,0,0,0,0,0,0,0,0,0,0,0.1,"Under 0.5",18.97,20.39,1.53,2.46,4.03,0,,1,0,0,7,2,0
"HEX_CONUS_-1992_-585","CONUS","CA","California","06037","Los Angeles",-1992156,-585386,-118.58,32.98,0.12,"HEX_CONUS_-2092_-585;HEX_CONUS_-2042_-499;HEX_CONUS_-1942_-499;HEX_CONUS_-1892_-585",0,0,0,0,0,0,1,11.2,12.7,0,21720.09,1.31,"1–4.99",1940.51,100,0.49,89.59,20.45,17.97,567,0,0,0,13,1,0
"HEX_CONUS_-1992_-412","CONUS","CA","California","06111","Ventura",-1992156,-412181,-119.05,34.42,0.91,"HEX_CONUS_-2092_-412;HEX_CONUS_-2042_-499;HEX_CONUS_-2042_-326;HEX_CONUS_-1942_-499;HEX_CONUS_-1942_-326;HEX_CONUS_-1892_-412",0,0,0,0,0,0,48,3951.1,4063.5,880.16,1925.53,2.98,"1–4.99",312.97,29.4,0.64,40.35,28.5,10.44,40,0,0,0,13,1,0
"HEX_CONUS_-1992_-239","CONUS","CA","California","06107","Tulare",-1992156,-238976,-119.53,35.85,1,"HEX_CONUS_-2092_-239;HEX_CONUS_-2042_-326;HEX_CONUS_-2042_-152;HEX_CONUS_-1942_-326;HEX_CONUS_-1942_-152;HEX_CONUS_-1892_-239",0,0,0,0,0,0,94,1971,2074.6,529.44,3634.07,1.37,"1–4.99",1532.32,23.85,0,35.23,18.68,29.38,4,0,0,0,13,1,0
"HEX_CONUS_-1992_-66","CONUS","CA","California","06043","Mariposa",-1992156,-65771,-120.04,37.28,1,"HEX_CONUS_-2092_-66;HEX_CONUS_-2042_-152;HEX_CONUS_-2042_21;HEX_CONUS_-1942_-152;HEX_CONUS_-1942_21;HEX_CONUS_-1892_-66",0,0,0,0,0,0,37,750.3,804.7,165.6,0,0.55,"0.5–0.99",19.67,17.06,12.49,41.59,12.42,10.03,,0,0,0,13,1,0
"HEX_CONUS_-1992_281","CONUS","CA","California","06063","Plumas",-1992156,280640,-121.13,40.13,1,"HEX_CONUS_-2092_281;HEX_CONUS_-2042_194;HEX_CONUS_-2042_367;HEX_CONUS_-1942_194;HEX_CONUS_-1942_367;HEX_CONUS_-1892_281",0,0,0,0,0,0,15,503.8,719,130.52,0,0.79,"0.5–0.99",107.09,17.16,22.28,32.64,15.89,3.28,,0,0,0,13,1,0
"HEX_CONUS_-1992_454","CONUS","CA","California","06093","Siskiyou",-1992156,453845,-121.7,41.54,1,"HEX_CONUS_-2092_454;HEX_CONUS_-2042_367;HEX_CONUS_-2042_540;HEX_CONUS_-1942_367;HEX_CONUS_-1942_540;HEX_CONUS_-1892_454",0,0,0,0,0,0,0,0,0,376.7,150,0.48,"Under 0.5",229.89,23.71,47.6,32.84,16.96,5.98,,0,0,0,13,1,0
"HEX_CONUS_-1992_627","CONUS","OR","Oregon","41029","Jackson",-1992156,627050,-122.31,42.95,1,"HEX_CONUS_-2092_627;HEX_CONUS_-2042_540;HEX_CONUS_-2042_714;HEX_CONUS_-1942_540;HEX_CONUS_-1942_714;HEX_CONUS_-1892_627",0,0,0,0,0,0,13,292.3,292.3,77.67,0,0.36,"Under 0.5",494.27,21.8,10.11,26.36,17.83,9.79,8,0,0,0,5,3,0
"HEX_CONUS_-1992_800","CONUS","OR","Oregon","41043","Linn",-1992156,800255,-122.94,44.36,1,"HEX_CONUS_-2092_800;HEX_CONUS_-2042_714;HEX_CONUS_-2042_887;HEX_CONUS_-1942_714;HEX_CONUS_-1942_887;HEX_CONUS_-1892_800",0,0,0,0,0,0,16,158.3,371.5,697.33,4720,0.11,"Under 0.5",151.5,16.03,0,5.38,10.89,7.46,,0,0,0,5,3,0
"HEX_CONUS_-1992_1147","CONUS","WA","Washington","53027","Grays Harbor",-1992156,1146665,-124.3,47.17,0.51,"HEX_CONUS_-2042_1060;HEX_CONUS_-2042_1233;HEX_CONUS_-1942_1060;HEX_CONUS_-1942_1233;HEX_CONUS_-1892_1147",0,0,0,0,0,0,3,24,39,34.03,0,0.1,"Under 0.5",27.36,38.52,3.58,2.04,5.98,3.42,,1,0,0,7,2,0
"HEX_CONUS_-1992_1320","CONUS","WA","Washington","53009","Clallam",-1992156,1319870,-125.03,48.57,0.09,"HEX_CONUS_-2042_1233;HEX_CONUS_-1942_1233;HEX_CONUS_-1892_1320",0,0,0,0,0,0,0,0,0,0,0,0.1,"Under 0.5",18.97,20.39,1.53,2.46,4.03,0,,1,0,0,7,2,0
"HEX_CONUS_-1992_973","CONUS","OR","Oregon","41057","Tillamook",-1992156,973460,-123.61,45.77,0.86,"HEX_CONUS_-2042_887;HEX_CONUS_-2042_1060;HEX_CONUS_-1942_887;HEX_CONUS_-1942_1060;HEX_CONUS_-1892_973",1,0,0,0,1,0,4,36.2,36.2,194.54,0,0.1,"Under 0.5",37.9,20.95,0,1.2,21.04,4.46,,0,0,0,5,3,0
"HEX_CONUS_-1992_107","CONUS","CA","California","06017","El Dorado",-1992156,107434,-120.57,38.71,1,"HEX_CONUS_-2092_107;HEX_CONUS_-2042_21;HEX_CONUS_-2042_194;HEX_CONUS_-1942_21;HEX_CONUS_-1942_194;HEX_CONUS_-1892_107",0,0,0,0,0,0,32,1441.1,1465.2,303.49,0,0.38,"Under 0.5",58.47,14.53,18.52,27.42,9.16,7.22,5,0,0,0,13,1,0
"HEX_CONUS_-1942_-499","CONUS","CA","California","06037","Los Angeles",-1942156,-498783,-118.26,33.8,0.64,"HEX_CONUS_-2042_-499;HEX_CONUS_-1992_-585;HEX_CONUS_-1992_-412;HEX_CONUS_-1892_-585;HEX_CONUS_-1892_-412;HEX_CONUS_-1842_-499",4,82,2,0,2,2,170,11478,11851.6,971.22,21720.09,1.31,"1–4.99",1940.51,100,0.49,89.59,20.45,17.97,567,0,0,0,13,1,1
"HEX_CONUS_-1942_-326","CONUS","CA","California","06029","Kern",-1942156,-325578,-118.73,35.24,1,"HEX_CONUS_-2042_-326;HEX_CONUS_-1992_-412;HEX_CONUS_-1992_-239;HEX_CONUS_-1892_-412;HEX_CONUS_-1892_-239;HEX_CONUS_-1842_-326",0,0,0,0,0,0,130,7234.4,7329.9,1193.54,28894.9,100,"5 or more",1917.54,31.45,0.67,46.17,24.29,14.51,7,0,0,0,13,1,0
"HEX_CONUS_-1942_-152","CONUS","CA","California","06019","Fresno",-1942156,-152373,-119.21,36.67,1,"HEX_CONUS_-2042_-152;HEX_CONUS_-1992_-239;HEX_CONUS_-1992_-66;HEX_CONUS_-1892_-239;HEX_CONUS_-1892_-66;HEX_CONUS_-1842_-152",0,0,0,0,0,0,62,805.7,1911.7,660.07,22895.25,2.37,"1–4.99",1824.17,36.47,54.84,42.97,31.15,28.53,12,0,0,0,13,1,0
"HEX_CONUS_-1942_21","CONUS","CA","California","06109","Tuolumne",-1942156,20832,-119.72,38.1,1,"HEX_CONUS_-2042_21;HEX_CONUS_-1992_-66;HEX_CONUS_-1992_107;HEX_CONUS_-1892_-66;HEX_CONUS_-1892_107;HEX_CONUS_-1842_21",0,0,0,0,0,0,9,431.9,431.9,33.63,0,0.7,"0.5–0.99",26.77,22.11,39.95,42.15,7.5,6.53,,0,0,0,13,1,0
"HEX_CONUS_-1942_194","CONUS","CA","California","06091","Sierra",-1942156,194037,-120.25,39.53,1,"HEX_CONUS_-2042_194;HEX_CONUS_-1992_281;HEX_CONUS_-1992_107;HEX_CONUS_-1892_107;HEX_CONUS_-1892_281;HEX_CONUS_-1842_194",4,50,4,1,3,0,16,318.5,318.5,88.96,,0.4,"Under 0.5",24.35,10.98,14.57,25.27,10.62,1.69,,0,0,0,13,1,1
"HEX_CONUS_-1942_367","CONUS","CA","California","06035","Lassen",-1942156,367242,-120.8,40.95,1,"HEX_CONUS_-2042_367;HEX_CONUS_-1992_281;HEX_CONUS_-1992_454;HEX_CONUS_-1892_281;HEX_CONUS_-1892_454;HEX_CONUS_-1842_367",0,0,0,0,0,0,3,32.9,42.2,87.52,550,0.94,"0.5–0.99",112.14,3.63,6.41,6.46,3.17,0.77,,0,0,0,13,1,0
"HEX_CONUS_-1942_540","CONUS","OR","Oregon","41035","Klamath",-1942156,540447,-121.38,42.36,1,"HEX_CONUS_-2042_540;HEX_CONUS_-1992_454;HEX_CONUS_-1992_627;HEX_CONUS_-1892_454;HEX_CONUS_-1892_627;HEX_CONUS_-1842_540",0,0,0,0,0,0,18,758.7,758.7,539.27,8671.45,1.21,"1–4.99",683.45,14.79,16.42,13.99,12.22,3.98,,0,0,0,5,3,0
"HEX_CONUS_-1942_714","CONUS","OR","Oregon","41039","Lane",-1942156,713652,-121.99,43.77,1,"HEX_CONUS_-2042_714;HEX_CONUS_-1992_627;HEX_CONUS_-1992_800;HEX_CONUS_-1892_627;HEX_CONUS_-1892_800;HEX_CONUS_-1842_714",1,20,1,0,0,1,2,56,56,74.29,2941.5,0.15,"Under 0.5",275.11,24.97,0,4.2,15,9.61,12,0,0,0,5,3,0
"HEX_CONUS_-1942_887","CONUS","OR","Oregon","41005","Clackamas",-1942156,886857,-122.62,45.18,1,"HEX_CONUS_-2042_887;HEX_CONUS_-1992_800;HEX_CONUS_-1992_973;HEX_CONUS_-1892_800;HEX_CONUS_-1892_973;HEX_CONUS_-1842_887",12,269,10,7,2,0,79,635.7,710.9,1079.96,200,0.12,"Under 0.5",280.76,16.2,0.26,6.74,11.16,6.99,26,0,0,0,5,3,2
"HEX_CONUS_-1942_1060","CONUS","WA","Washington","53041","Lewis",-1942156,1060062,-123.29,46.59,1,"HEX_CONUS_-2042_1060;HEX_CONUS_-1992_1147;HEX_CONUS_-1992_973;HEX_CONUS_-1892_1147;HEX_CONUS_-1892_973;HEX_CONUS_-1842_1060",0,0,0,0,0,0,8,3520.4,3520.4,625.19,1266.5,0.12,"Under 0.5",95.9,18.51,2.41,4.24,12.02,0.43,,1,0,0,7,2,0
"HEX_CONUS_-1942_1233","CONUS","WA","Washington","53009","Clallam",-1942156,1233267,-123.99,48,0.88,"HEX_CONUS_-2042_1233;HEX_CONUS_-1992_1147;HEX_CONUS_-1992_1320;HEX_CONUS_-1892_1147;HEX_CONUS_-1892_1320;HEX_CONUS_-1842_1233",0,0,0,0,0,0,1,0,12.6,20.56,0,0.1,"Under 0.5",18.97,20.39,1.53,2.46,4.03,0,,1,0,0,7,2,0
"HEX_CONUS_-1892_-585","CONUS","CA","California","06073","San Diego",-1892156,-585386,-117.49,33.17,0.52,"HEX_CONUS_-1992_-585;HEX_CONUS_-1942_-499;HEX_CONUS_-1842_-672;HEX_CONUS_-1842_-499;HEX_CONUS_-1792_-585",0,0,0,0,0,0,48,2027.3,2083.5,395.84,4301.86,7.86,"5 or more",617.83,43.13,3.88,83.83,18.93,13.68,236,0,0,0,13,1,0
"HEX_CONUS_-1892_-412","CONUS","CA","California","06037","Los Angeles",-1892156,-412181,-117.93,34.62,1,"HEX_CONUS_-1992_-412;HEX_CONUS_-1942_-499;HEX_CONUS_-1942_-326;HEX_CONUS_-1842_-499;HEX_CONUS_-1842_-326;HEX_CONUS_-1792_-412",1,0,0,0,1,0,150,7163,7164.5,1656.74,21720.09,1.31,"1–4.99",1940.51,100,0.49,89.59,20.45,17.97,567,0,0,0,13,1,0
"HEX_CONUS_-1892_-239","CONUS","CA","California","06107","Tulare",-1892156,-238976,-118.4,36.06,1,"HEX_CONUS_-1992_-239;HEX_CONUS_-1942_-326;HEX_CONUS_-1942_-152;HEX_CONUS_-1842_-326;HEX_CONUS_-1842_-152;HEX_CONUS_-1792_-239",0,0,0,0,0,0,12,392.1,407.3,280.2,3634.07,1.37,"1–4.99",1532.32,23.85,0,35.23,18.68,29.38,4,0,0,0,13,1,1
"HEX_CONUS_-1892_-66","CONUS","CA","California","06019","Fresno",-1892156,-65771,-118.88,37.49,1,"HEX_CONUS_-1992_-66;HEX_CONUS_-1942_-152;HEX_CONUS_-1942_21;HEX_CONUS_-1842_-152;HEX_CONUS_-1842_21;HEX_CONUS_-1792_-66",0,0,0,0,0,0,21,828.8,983.8,245.91,22895.25,2.37,"1–4.99",1824.17,36.47,54.84,42.97,31.15,28.53,12,0,0,0,13,1,0
"HEX_CONUS_-1892_107","CONUS","NV","Nevada","32019","Lyon",-1892156,107434,-119.39,38.92,1,"HEX_CONUS_-1992_107;HEX_CONUS_-1942_21;HEX_CONUS_-1942_194;HEX_CONUS_-1842_21;HEX_CONUS_-1842_194;HEX_CONUS_-1792_107",0,0,0,0,0,0,7,263.8,269.8,108.13,2894.55,2.81,"1–4.99",308.73,22.05,47.58,20.16,11.05,0,,1,1,0,3,0,0
"HEX_CONUS_-1892_281","CONUS","NV","Nevada","32031","Washoe",-1892156,280640,-119.92,40.34,1,"HEX_CONUS_-1992_281;HEX_CONUS_-1942_194;HEX_CONUS_-1942_367;HEX_CONUS_-1842_194;HEX_CONUS_-1842_367;HEX_CONUS_-1792_281",0,0,0,0,0,0,7,226.3,226.3,170.68,2867,1.09,"1–4.99",127.15,33.84,19.38,33.84,41.32,1.19,36,1,1,0,3,0,0
"HEX_CONUS_-1892_454","CONUS","CA","California","06049","Modoc",-1892156,453845,-120.47,41.76,1,"HEX_CONUS_-1992_454;HEX_CONUS_-1942_367;HEX_CONUS_-1942_540;HEX_CONUS_-1842_367;HEX_CONUS_-1842_540;HEX_CONUS_-1792_454",0,0,0,0,0,0,4,67.3,67.3,132.33,24.9,1.33,"1–4.99",173.69,27.07,60.06,20.43,20.24,3.97,,0,0,0,13,1,0
"HEX_CONUS_-1892_627","CONUS","OR","Oregon","41037","Lake",-1892156,627050,-121.05,43.18,1,"HEX_CONUS_-1992_627;HEX_CONUS_-1942_540;HEX_CONUS_-1942_714;HEX_CONUS_-1842_540;HEX_CONUS_-1842_714;HEX_CONUS_-1792_627",0,0,0,0,0,0,5,44.3,44.3,394.18,4435.4,1.12,"1–4.99",337.5,6.92,9.58,7.48,8.71,0.05,,0,0,0,5,3,0
"HEX_CONUS_-1892_800","CONUS","OR","Oregon","41031","Jefferson",-1892156,800255,-121.66,44.59,1,"HEX_CONUS_-1992_800;HEX_CONUS_-1942_714;HEX_CONUS_-1942_887;HEX_CONUS_-1842_714;HEX_CONUS_-1842_887;HEX_CONUS_-1792_800",0,0,0,0,0,0,11,712.2,764.4,545.84,6016.69,0.63,"0.5–0.99",178.99,10.05,4.58,24.58,2.67,0.21,,0,0,0,5,3,0
"HEX_CONUS_-1892_1147","CONUS","WA","Washington","53045","Mason",-1892156,1146665,-122.96,47.41,1,"HEX_CONUS_-1992_1147;HEX_CONUS_-1942_1060;HEX_CONUS_-1942_1233;HEX_CONUS_-1842_1060;HEX_CONUS_-1842_1233;HEX_CONUS_-1792_1147",10,37.5,3,8,2,0,6,146.6,148.2,547.43,600,0.1,"Under 0.5",27.42,16.01,2.21,2.65,5.01,4.82,,1,0,0,7,2,3
"HEX_CONUS_-1892_1320","CONUS","WA","Washington","53055","San Juan",-1892156,1319870,-123.66,48.82,0.1,"HEX_CONUS_-1992_1320;HEX_CONUS_-1942_1233;HEX_CONUS_-1842_1233;HEX_CONUS_-1792_1320",0,0,0,0,0,0,0,0,0,1.56,0,,"Unknown",2.72,12.24,0,0.61,2.52,0,,1,0,0,7,2,0
"HEX_CONUS_-1892_973","CONUS","WA","Washington","53011","Clark",-1892156,973460,-122.29,46,1,"HEX_CONUS_-1992_973;HEX_CONUS_-1942_887;HEX_CONUS_-1942_1060;HEX_CONUS_-1842_887;HEX_CONUS_-1842_1060;HEX_CONUS_-1792_973",1,0,0,0,0,1,9,1840.7,2418.4,540.86,308,0.1,"Under 0.5",121.97,18.65,0,1.23,4.65,7.31,31,1,0,0,7,2,0
"HEX_CONUS_-1842_-672","CONUS","CA","California","06073","San Diego",-1842156,-671988,-116.72,32.54,0.45,"HEX_CONUS_-1892_-585;HEX_CONUS_-1792_-585;HEX_CONUS_-1742_-672",0,0,0,0,0,0,47,2027.1,2049.8,357.5,4301.86,7.86,"5 or more",617.83,43.13,3.88,83.83,18.93,13.68,236,0,0,0,13,1,0
"HEX_CONUS_-1842_-499","CONUS","CA","California","06065","Riverside",-1842156,-498783,-117.15,33.99,1,"HEX_CONUS_-1942_-499;HEX_CONUS_-1892_-585;HEX_CONUS_-1892_-412;HEX_CONUS_-1792_-585;HEX_CONUS_-1792_-412;HEX_CONUS_-1742_-499",0,0,0,0,0,0,122,5362.9,5374.3,946.43,15158,100,"5 or more",1224.41,58.87,5.7,100,30.27,21.47,33,0,0,0,13,1,0
"HEX_CONUS_-1842_-326","CONUS","CA","California","06071","San Bernardino",-1842156,-325578,-117.6,35.44,1,"HEX_CONUS_-1942_-326;HEX_CONUS_-1892_-412;HEX_CONUS_-1892_-239;HEX_CONUS_-1792_-412;HEX_CONUS_-1792_-239;HEX_CONUS_-1742_-326",1,99,1,0,1,1,26,1774,1893.5,358.67,19451.48,2.1,"1–4.99",457.38,54.4,0.52,74.86,36.72,15.94,40,0,0,0,13,1,0
"HEX_CONUS_-1842_-152","CONUS","CA","California","06027","Inyo",-1842156,-152373,-118.06,36.88,1,"HEX_CONUS_-1942_-152;HEX_CONUS_-1892_-239;HEX_CONUS_-1892_-66;HEX_CONUS_-1792_-239;HEX_CONUS_-1792_-66;HEX_CONUS_-1742_-152",0,0,0,0,0,0,2,4,4.8,210.21,1523.64,2.22,"1–4.99",61.99,11.22,0.16,10.64,12.84,7.7,,0,0,0,13,1,0
"HEX_CONUS_-1842_21","CONUS","NV","Nevada","32021","Mineral",-1842156,20832,-118.55,38.31,1,"HEX_CONUS_-1942_21;HEX_CONUS_-1892_-66;HEX_CONUS_-1892_107;HEX_CONUS_-1792_-66;HEX_CONUS_-1792_107;HEX_CONUS_-1742_21",0,0,0,0,0,0,1,50,50,222.23,738.5,4.62,"1–4.99",10.54,8.78,0,7.73,10.01,3.23,,1,1,0,3,0,0
"HEX_CONUS_-1842_194","CONUS","NV","Nevada","32001","Churchill",-1842156,194037,-119.05,39.74,1,"HEX_CONUS_-1942_194;HEX_CONUS_-1892_107;HEX_CONUS_-1892_281;HEX_CONUS_-1792_281;HEX_CONUS_-1792_107;HEX_CONUS_-1742_194",6,5629,5,1,5,0,14,1473.3,1473.3,328.02,4050.46,12.19,"5 or more",215.92,22.22,50.49,6.69,5.64,3.32,,1,1,0,3,0,0
"HEX_CONUS_-1842_367","CONUS","NV","Nevada","32031","Washoe",-1842156,367242,-119.58,41.16,1,"HEX_CONUS_-1942_367;HEX_CONUS_-1892_281;HEX_CONUS_-1892_454;HEX_CONUS_-1792_281;HEX_CONUS_-1792_454;HEX_CONUS_-1742_367",0,0,0,0,0,0,1,250,250,117.59,2867,1.09,"1–4.99",127.15,33.84,19.38,33.84,41.32,1.19,36,1,1,0,3,0,0
"HEX_CONUS_-1842_540","CONUS","OR","Oregon","41037","Lake",-1842156,540447,-120.13,42.58,1,"HEX_CONUS_-1942_540;HEX_CONUS_-1892_454;HEX_CONUS_-1892_627;HEX_CONUS_-1792_454;HEX_CONUS_-1792_627;HEX_CONUS_-1742_540",0,0,0,0,0,0,2,10,13.7,111.11,4435.4,1.12,"1–4.99",337.5,6.92,9.58,7.48,8.71,0.05,,0,0,0,5,3,0
"HEX_CONUS_-1842_714","CONUS","OR","Oregon","41013","Crook",-1842156,713652,-120.71,44,1,"HEX_CONUS_-1942_714;HEX_CONUS_-1892_627;HEX_CONUS_-1892_800;HEX_CONUS_-1792_627;HEX_CONUS_-1792_800;HEX_CONUS_-1742_714",2,0,0,2,0,0,10,217.5,217.5,534.29,16286.41,2.04,"1–4.99",145.06,8.49,4.17,20.92,5.79,0,,0,0,0,5,3,0
"HEX_CONUS_-1842_887","CONUS","OR","Oregon","41065","Wasco",-1842156,886857,-121.32,45.41,1,"HEX_CONUS_-1942_887;HEX_CONUS_-1892_800;HEX_CONUS_-1892_973;HEX_CONUS_-1792_800;HEX_CONUS_-1792_973;HEX_CONUS_-1742_887",1,0,0,0,1,0,9,1828.6,2348.6,1310.46,9037,0.36,"Under 0.5",82.17,13.69,12.26,29.82,5.73,0.1,3,0,0,0,5,3,0
"HEX_CONUS_-1842_1060","CONUS","WA","Washington","53053","Pierce",-1842156,1060062,-121.95,46.83,1,"HEX_CONUS_-1942_1060;HEX_CONUS_-1892_1147;HEX_CONUS_-1892_973;HEX_CONUS_-1792_973;HEX_CONUS_-1792_1147;HEX_CONUS_-1742_1060",0,0,0,0,0,0,12,1182.9,1185.6,396.65,400,0.15,"Under 0.5",181.02,25.18,2.21,3.52,6.07,8.85,18,1,0,0,7,2,1
"HEX_CONUS_-1842_1233","CONUS","WA","Washington","53029","Island",-1842156,1233267,-122.62,48.24,0.96,"HEX_CONUS_-1942_1233;HEX_CONUS_-1892_1147;HEX_CONUS_-1892_1320;HEX_CONUS_-1792_1147;HEX_CONUS_-1792_1320;HEX_CONUS_-1742_1233",2,0,0,2,0,0,6,177.2,555.2,601.58,,0.38,"Under 0.5",9.15,17.37,0,0.79,4.61,0.8,,1,0,0,7,2,4
"HEX_CONUS_-1792_-585","CONUS","CA","California","06073","San Diego",-1792156,-585386,-116.39,33.36,1,"HEX_CONUS_-1892_-585;HEX_CONUS_-1842_-672;HEX_CONUS_-1842_-499;HEX_CONUS_-1742_-672;HEX_CONUS_-1742_-499;HEX_CONUS_-1692_-585",1,435,1,0,1,1,14,384,439.5,160,4301.86,7.86,"5 or more",617.83,43.13,3.88,83.83,18.93,13.68,236,0,0,0,13,1,2
"HEX_CONUS_-1792_-412","CONUS","CA","California","06071","San Bernardino",-1792156,-412181,-116.81,34.81,1,"HEX_CONUS_-1892_-412;HEX_CONUS_-1842_-499;HEX_CONUS_-1842_-326;HEX_CONUS_-1742_-499;HEX_CONUS_-1742_-326;HEX_CONUS_-1692_-412",0,0,0,0,0,0,21,1163.5,1165,985.81,19451.48,2.1,"1–4.99",457.38,54.4,0.52,74.86,36.72,15.94,40,0,0,0,13,1,0
"HEX_CONUS_-1792_-239","CONUS","CA","California","06027","Inyo",-1792156,-238976,-117.25,36.25,1,"HEX_CONUS_-1892_-239;HEX_CONUS_-1842_-326;HEX_CONUS_-1842_-152;HEX_CONUS_-1742_-326;HEX_CONUS_-1742_-152;HEX_CONUS_-1692_-239",0,0,0,0,0,0,0,0,0,0,1523.64,2.22,"1–4.99",61.99,11.22,0.16,10.64,12.84,7.7,,0,0,0,13,1,0
"HEX_CONUS_-1792_-66","CONUS","NV","Nevada","32009","Esmeralda",-1792156,-65771,-117.72,37.69,1,"HEX_CONUS_-1892_-66;HEX_CONUS_-1842_-152;HEX_CONUS_-1842_21;HEX_CONUS_-1742_-152;HEX_CONUS_-1742_21;HEX_CONUS_-1692_-66",0,0,0,0,0,0,0,0,0,0,2676.8,11.05,"5 or more",53.71,18.72,45.54,1.83,0,3.72,,1,1,0,3,0,0
"HEX_CONUS_-1792_281","CONUS","NV","Nevada","32027","Pershing",-1792156,280640,-118.7,40.55,1,"HEX_CONUS_-1892_281;HEX_CONUS_-1842_194;HEX_CONUS_-1842_367;HEX_CONUS_-1742_194;HEX_CONUS_-1742_367;HEX_CONUS_-1692_281",0,0,0,0,0,0,1,18.9,21.9,128.36,524.2,5.73,"5 or more",169.85,9.47,22.04,6.98,0.92,0,,1,1,0,3,0,0
"HEX_CONUS_-1792_454","CONUS","NV","Nevada","32013","Humboldt",-1792156,453845,-119.23,41.97,1,"HEX_CONUS_-1892_454;HEX_CONUS_-1842_367;HEX_CONUS_-1842_540;HEX_CONUS_-1742_367;HEX_CONUS_-1742_540;HEX_CONUS_-1692_454",0,0,0,0,0,0,0,0,0,0,2996.58,6.3,"5 or more",469.66,12.65,27.21,19.09,3.46,2.83,,1,1,0,3,0,0
"HEX_CONUS_-1792_627","CONUS","OR","Oregon","41025","Harney",-1792156,627050,-119.78,43.4,1,"HEX_CONUS_-1892_627;HEX_CONUS_-1842_540;HEX_CONUS_-1842_714;HEX_CONUS_-1742_540;HEX_CONUS_-1742_714;HEX_CONUS_-1692_627",0,0,0,0,0,0,3,29.9,29.9,140.81,2455,1.3,"1–4.99",421.6,6,4.35,13.57,4.91,0,,0,0,0,5,3,0
"HEX_CONUS_-1792_800","CONUS","OR","Oregon","41069","Wheeler",-1792156,800255,-120.36,44.81,1,"HEX_CONUS_-1892_800;HEX_CONUS_-1842_714;HEX_CONUS_-1842_887;HEX_CONUS_-1742_714;HEX_CONUS_-1742_887;HEX_CONUS_-1692_800",0,0,0,0,0,0,0,0,0,221.73,0,1.42,"1–4.99",25.89,18.66,4.92,15.58,6.02,0,,0,0,0,5,3,0
"HEX_CONUS_-1792_973","CONUS","WA","Washington","53077","Yakima",-1792156,973460,-120.97,46.23,1,"HEX_CONUS_-1892_973;HEX_CONUS_-1842_887;HEX_CONUS_-1842_1060;HEX_CONUS_-1742_887;HEX_CONUS_-1742_1060;HEX_CONUS_-1692_973",0,0,0,0,0,0,6,452.9,458.6,238.75,5102.49,0.51,"0.5–0.99",455.99,24.82,26.71,32.02,18.68,0,3,1,0,0,7,2,1
"HEX_CONUS_-1792_1147","CONUS","WA","Washington","53033","King",-1792156,1146665,-121.6,47.65,1,"HEX_CONUS_-1892_1147;HEX_CONUS_-1842_1060;HEX_CONUS_-1842_1233;HEX_CONUS_-1742_1060;HEX_CONUS_-1742_1233;HEX_CONUS_-1692_1147",1,0,0,1,0,0,13,270,282,1231.97,480,0.1,"Under 0.5",270.8,28.6,1.29,2.89,5.64,7.41,277,1,0,0,7,2,2
"HEX_CONUS_-1792_1320","CONUS","WA","Washington","53073","Whatcom",-1792156,1319870,-122.27,49.06,0.41,"HEX_CONUS_-1892_1320;HEX_CONUS_-1842_1233;HEX_CONUS_-1742_1233;HEX_CONUS_-1692_1320",0,0,0,0,0,0,6,760.1,760.1,243.27,588,0.1,"Under 0.5",109.22,17.71,0,1.41,5.55,0,9,1,0,0,7,2,0
"HEX_CONUS_-1792_107","CONUS","NV","Nevada","32001","Churchill",-1792156,107434,-118.2,39.12,1,"HEX_CONUS_-1892_107;HEX_CONUS_-1842_21;HEX_CONUS_-1842_194;HEX_CONUS_-1742_21;HEX_CONUS_-1742_194;HEX_CONUS_-1692_107",0,0,0,0,0,0,3,63.6,63.6,218.03,4050.46,12.19,"5 or more",215.92,22.22,50.49,6.69,5.64,3.32,,1,1,0,3,0,0
"HEX_CONUS_-1742_-672","CONUS","CA","California","06025","Imperial",-1742156,-671988,-115.63,32.72,0.59,"HEX_CONUS_-1842_-672;HEX_CONUS_-1792_-585;HEX_CONUS_-1692_-759;HEX_CONUS_-1692_-585;HEX_CONUS_-1642_-672",1,330,1,0,1,1,52,3527.2,3655.4,355.06,9543.29,100,"5 or more",1918.32,43.82,9.33,4.54,20.85,49.93,,0,0,0,13,1,3
"HEX_CONUS_-1742_-499","CONUS","CA","California","06071","San Bernardino",-1742156,-498783,-116.04,34.18,1,"HEX_CONUS_-1842_-499;HEX_CONUS_-1792_-585;HEX_CONUS_-1792_-412;HEX_CONUS_-1692_-585;HEX_CONUS_-1692_-412;HEX_CONUS_-1642_-499",0,0,0,0,0,0,8,310.2,310.2,119.15,19451.48,2.1,"1–4.99",457.38,54.4,0.52,74.86,36.72,15.94,40,0,0,0,13,1,0
"HEX_CONUS_-1742_-326","CONUS","CA","California","06071","San Bernardino",-1742156,-325578,-116.46,35.63,1,"HEX_CONUS_-1842_-326;HEX_CONUS_-1792_-412;HEX_CONUS_-1792_-239;HEX_CONUS_-1692_-412;HEX_CONUS_-1692_-239;HEX_CONUS_-1642_-326",0,0,0,0,0,0,1,2,2,271.92,19451.48,2.1,"1–4.99",457.38,54.4,0.52,74.86,36.72,15.94,40,0,0,0,13,1,0
"HEX_CONUS_-1742_-152","CONUS","NV","Nevada","32023","Nye",-1742156,-152373,-116.9,37.07,1,"HEX_CONUS_-1842_-152;HEX_CONUS_-1792_-239;HEX_CONUS_-1792_-66;HEX_CONUS_-1692_-239;HEX_CONUS_-1692_-66;HEX_CONUS_-1642_-152",0,0,0,0,0,0,0,0,0,0,9575.67,6.48,"5 or more",80.02,14.55,0.3,12.06,23.48,22.04,,1,1,0,3,0,0
"HEX_CONUS_-1742_21","CONUS","NV","Nevada","32023","Nye",-1742156,20832,-117.36,38.5,1,"HEX_CONUS_-1842_21;HEX_CONUS_-1792_-66;HEX_CONUS_-1792_107;HEX_CONUS_-1692_-66;HEX_CONUS_-1692_107;HEX_CONUS_-1642_21",0,0,0,0,0,0,1,125,125,83.62,9575.67,6.48,"5 or more",80.02,14.55,0.3,12.06,23.48,22.04,,1,1,0,3,0,0
"HEX_CONUS_-1742_194","CONUS","NV","Nevada","32001","Churchill",-1742156,194037,-117.85,39.94,1,"HEX_CONUS_-1842_194;HEX_CONUS_-1792_281;HEX_CONUS_-1792_107;HEX_CONUS_-1692_107;HEX_CONUS_-1692_281;HEX_CONUS_-1642_194",0,0,0,0,0,0,3,169.2,169.2,92.36,4050.46,12.19,"5 or more",215.92,22.22,50.49,6.69,5.64,3.32,,1,1,0,3,0,0
"HEX_CONUS_-1742_367","CONUS","NV","Nevada","32013","Humboldt",-1742156,367242,-118.35,41.36,1,"HEX_CONUS_-1842_367;HEX_CONUS_-1792_281;HEX_CONUS_-1792_454;HEX_CONUS_-1692_281;HEX_CONUS_-1692_454;HEX_CONUS_-1642_367",0,0,0,0,0,0,1,63.9,63.9,0,2996.58,6.3,"5 or more",469.66,12.65,27.21,19.09,3.46,2.83,,1,1,0,3,0,1
"HEX_CONUS_-1742_540","CONUS","OR","Oregon","41025","Harney",-1742156,540447,-118.87,42.79,1,"HEX_CONUS_-1842_540;HEX_CONUS_-1792_454;HEX_CONUS_-1792_627;HEX_CONUS_-1692_454;HEX_CONUS_-1692_627;HEX_CONUS_-1642_540",0,0,0,0,0,0,0,0,0,0,2455,1.3,"1–4.99",421.6,6,4.35,13.57,4.91,0,,0,0,0,5,3,0
"HEX_CONUS_-1742_714","CONUS","OR","Oregon","41023","Grant",-1742156,713652,-119.43,44.21,1,"HEX_CONUS_-1842_714;HEX_CONUS_-1792_627;HEX_CONUS_-1792_800;HEX_CONUS_-1692_627;HEX_CONUS_-1692_800;HEX_CONUS_-1642_714",0,0,0,0,0,0,0,0,0,0,0,1.07,"1–4.99",39.27,12.93,8.09,18.47,7.13,0,,0,0,0,5,3,0
"HEX_CONUS_-1742_887","CONUS","OR","Oregon","41021","Gilliam",-1742156,886857,-120,45.63,1,"HEX_CONUS_-1842_887;HEX_CONUS_-1792_800;HEX_CONUS_-1792_973;HEX_CONUS_-1692_800;HEX_CONUS_-1692_973;HEX_CONUS_-1642_887",3,1200,1,0,3,0,47,7763.8,8303.8,1161,2776.3,1.35,"1–4.99",27.16,4.76,5.08,6.72,1.34,0,,0,0,0,5,3,0
"HEX_CONUS_-1742_1060","CONUS","WA","Washington","53037","Kittitas",-1742156,1060062,-120.61,47.05,1,"HEX_CONUS_-1842_1060;HEX_CONUS_-1792_973;HEX_CONUS_-1792_1147;HEX_CONUS_-1692_1147;HEX_CONUS_-1692_973;HEX_CONUS_-1642_1060",3,20,1,2,1,1,11,2230.2,2347.1,1087.01,403.5,0.36,"Under 0.5",157.76,11.97,5.74,23.8,10.87,0,,1,0,0,7,2,0
"HEX_CONUS_-1742_1233","CONUS","WA","Washington","53057","Skagit",-1742156,1233267,-121.25,48.47,1,"HEX_CONUS_-1842_1233;HEX_CONUS_-1792_1147;HEX_CONUS_-1792_1320;HEX_CONUS_-1692_1147;HEX_CONUS_-1692_1320;HEX_CONUS_-1642_1233",0,0,0,0,0,0,8,1064.9,1067.2,183.23,719.75,0.1,"Under 0.5",43.07,21.75,0,2.96,7.49,0,3,1,0,0,7,2,1
"HEX_CONUS_-1692_-759","CONUS","AZ","Arizona","04027","Yuma",-1692156,-758591,-114.89,32.08,0.01,"HEX_CONUS_-1742_-672;HEX_CONUS_-1642_-672;HEX_CONUS_-1592_-759",0,0,0,0,0,0,0,0,0,0,9703.1,100,"5 or more",1121.45,20.15,0,4.95,13.5,18.86,,1,0,0,19,4,0
"HEX_CONUS_-1692_-585","CONUS","CA","California","06065","Riverside",-1692156,-585386,-115.28,33.54,1,"HEX_CONUS_-1792_-585;HEX_CONUS_-1742_-672;HEX_CONUS_-1742_-499;HEX_CONUS_-1642_-672;HEX_CONUS_-1642_-499;HEX_CONUS_-1592_-585",0,0,0,0,0,0,41,6107.9,6107.9,666.87,15158,100,"5 or more",1224.41,58.87,5.7,100,30.27,21.47,33,0,0,0,13,1,1
"HEX_CONUS_-1692_-412","CONUS","CA","California","06071","San Bernardino",-1692156,-412181,-115.68,34.99,1,"HEX_CONUS_-1792_-412;HEX_CONUS_-1742_-499;HEX_CONUS_-1742_-326;HEX_CONUS_-1642_-499;HEX_CONUS_-1642_-326;HEX_CONUS_-1592_-412",0,0,0,0,0,0,0,0,0,461.35,19451.48,2.1,"1–4.99",457.38,54.4,0.52,74.86,36.72,15.94,40,0,0,0,13,1,0
"HEX_CONUS_-1692_-239","CONUS","NV","Nevada","32023","Nye",-1692156,-238976,-116.1,36.44,1,"HEX_CONUS_-1792_-239;HEX_CONUS_-1742_-326;HEX_CONUS_-1742_-152;HEX_CONUS_-1642_-326;HEX_CONUS_-1642_-152;HEX_CONUS_-1592_-239",0,0,0,0,0,0,3,327,327,123.14,9575.67,6.48,"5 or more",80.02,14.55,0.3,12.06,23.48,22.04,,1,1,0,3,0,0
"HEX_CONUS_-1692_-66","CONUS","NV","Nevada","32023","Nye",-1692156,-65771,-116.54,37.88,1,"HEX_CONUS_-1792_-66;HEX_CONUS_-1742_-152;HEX_CONUS_-1742_21;HEX_CONUS_-1642_-152;HEX_CONUS_-1642_21;HEX_CONUS_-1592_-66",0,0,0,0,0,0,0,0,0,0,9575.67,6.48,"5 or more",80.02,14.55,0.3,12.06,23.48,22.04,,1,1,0,3,0,1
"HEX_CONUS_-1692_107","CONUS","NV","Nevada","32015","Lander",-1692156,107434,-117,39.31,1,"HEX_CONUS_-1792_107;HEX_CONUS_-1742_21;HEX_CONUS_-1742_194;HEX_CONUS_-1642_21;HEX_CONUS_-1642_194;HEX_CONUS_-1592_107",0,0,0,0,0,0,2,202.8,202.8,183.88,358,6.07,"5 or more",156.67,9.46,21.58,11.35,3.5,2.1,,1,1,0,3,0,0
"HEX_CONUS_-1692_281","CONUS","NV","Nevada","32013","Humboldt",-1692156,280640,-117.48,40.75,1,"HEX_CONUS_-1792_281;HEX_CONUS_-1742_194;HEX_CONUS_-1742_367;HEX_CONUS_-1642_194;HEX_CONUS_-1642_367;HEX_CONUS_-1592_281",0,0,0,0,0,0,2,693,693,227.54,2996.58,6.3,"5 or more",469.66,12.65,27.21,19.09,3.46,2.83,,1,1,0,3,0,0
"HEX_CONUS_-1692_454","CONUS","OR","Oregon","41045","Malheur",-1692156,453845,-117.98,42.17,1,"HEX_CONUS_-1792_454;HEX_CONUS_-1742_367;HEX_CONUS_-1742_540;HEX_CONUS_-1642_367;HEX_CONUS_-1642_540;HEX_CONUS_-1592_454",0,0,0,0,0,0,0,0,0,0,604.2,5.08,"5 or more",670.07,11.61,23.33,16.44,6.81,0,,0,0,0,5,3,0
"HEX_CONUS_-1692_627","CONUS","OR","Oregon","41025","Harney",-1692156,627050,-118.51,43.6,1,"HEX_CONUS_-1792_627;HEX_CONUS_-1742_540;HEX_CONUS_-1742_714;HEX_CONUS_-1642_540;HEX_CONUS_-1642_714;HEX_CONUS_-1592_627",0,0,0,0,0,0,1,10,10,110.95,2455,1.3,"1–4.99",421.6,6,4.35,13.57,4.91,0,,0,0,0,5,3,0
"HEX_CONUS_-1692_800","CONUS","OR","Oregon","41059","Umatilla",-1692156,800255,-119.06,45.02,1,"HEX_CONUS_-1792_800;HEX_CONUS_-1742_714;HEX_CONUS_-1742_887;HEX_CONUS_-1642_714;HEX_CONUS_-1642_887;HEX_CONUS_-1592_800",0,0,0,0,0,0,4,40,40,0,4756.1,1.08,"1–4.99",326.45,12.8,15.82,16.56,11.51,0,,0,0,0,5,3,0
"HEX_CONUS_-1692_1147","CONUS","WA","Washington","53007","Chelan",-1692156,1146665,-120.24,47.87,1,"HEX_CONUS_-1792_1147;HEX_CONUS_-1742_1060;HEX_CONUS_-1742_1233;HEX_CONUS_-1642_1060;HEX_CONUS_-1642_1233;HEX_CONUS_-1592_1147",0,0,0,0,0,0,4,4070.6,4670.2,635,100,0.23,"Under 0.5",54.17,14.37,7.97,32.86,10.84,0,3,1,0,0,7,2,0
"HEX_CONUS_-1692_1320","CONUS","WA","Washington","53073","Whatcom",-1692156,1319870,-120.88,49.29,0.12,"HEX_CONUS_-1792_1320;HEX_CONUS_-1742_1233;HEX_CONUS_-1642_1233",0,0,0,0,0,0,0,0,0,0,588,0.1,"Under 0.5",109.22,17.71,0,1.41,5.55,0,9,1,0,0,7,2,0
"HEX_CONUS_-1692_973","CONUS","WA","Washington","53005","Benton",-1692156,973460,-119.63,46.45,1,"HEX_CONUS_-1792_973;HEX_CONUS_-1742_887;HEX_CONUS_-1742_1060;HEX_CONUS_-1642_887;HEX_CONUS_-1642_1060;HEX_CONUS_-1592_973",1,0,0,0,1,0,8,2256.8,2256.8,1140.95,16346.6,0.96,"0.5–0.99",356.37,8.3,10.83,10.48,3.93,0,3,1,0,0,7,2,1
"HEX_CONUS_-1642_-672","CONUS","CA","California","06025","Imperial",-1642156,-671988,-114.53,32.9,0.95,"HEX_CONUS_-1742_-672;HEX_CONUS_-1692_-759;HEX_CONUS_-1692_-585;HEX_CONUS_-1592_-759;HEX_CONUS_-1592_-585;HEX_CONUS_-1542_-672",0,0,0,0,0,0,8,615.8,615.8,201.72,9543.29,100,"5 or more",1918.32,43.82,9.33,4.54,20.85,49.93,,0,0,0,13,1,0
"HEX_CONUS_-1642_-499","CONUS","CA","California","06071","San Bernardino",-1642156,-498783,-114.92,34.35,1,"HEX_CONUS_-1742_-499;HEX_CONUS_-1692_-585;HEX_CONUS_-1692_-412;HEX_CONUS_-1592_-585;HEX_CONUS_-1592_-412;HEX_CONUS_-1542_-499",0,0,0,0,0,0,0,0,0,173.63,19451.48,2.1,"1–4.99",457.38,54.4,0.52,74.86,36.72,15.94,40,0,0,0,13,1,0
"HEX_CONUS_-1642_-326","CONUS","NV","Nevada","32003","Clark",-1642156,-325578,-115.32,35.8,1,"HEX_CONUS_-1742_-326;HEX_CONUS_-1692_-412;HEX_CONUS_-1692_-239;HEX_CONUS_-1592_-412;HEX_CONUS_-1592_-239;HEX_CONUS_-1542_-326",5,790,3,1,2,2,36,5576.5,5798.5,2022,22077.74,14.48,"5 or more",477.64,40.53,0.15,40.74,32.94,65.51,126,1,1,0,3,0,2
"HEX_CONUS_-1642_-152","CONUS","NV","Nevada","32017","Lincoln",-1642156,-152373,-115.74,37.25,1,"HEX_CONUS_-1742_-152;HEX_CONUS_-1692_-239;HEX_CONUS_-1692_-66;HEX_CONUS_-1592_-239;HEX_CONUS_-1592_-66;HEX_CONUS_-1542_-152",0,0,0,0,0,0,0,0,0,0,1200,13.48,"5 or more",60.68,9.02,16.33,10.57,13.27,3.35,,1,1,0,3,0,0
"HEX_CONUS_-1642_21","CONUS","NV","Nevada","32023","Nye",-1642156,20832,-116.18,38.69,1,"HEX_CONUS_-1742_21;HEX_CONUS_-1692_-66;HEX_CONUS_-1692_107;HEX_CONUS_-1592_-66;HEX_CONUS_-1592_107;HEX_CONUS_-1542_21",0,0,0,0,0,0,0,0,0,0,9575.67,6.48,"5 or more",80.02,14.55,0.3,12.06,23.48,22.04,,1,1,0,3,0,0
"HEX_CONUS_-1642_194","CONUS","NV","Nevada","32015","Lander",-1642156,194037,-116.63,40.12,1,"HEX_CONUS_-1742_194;HEX_CONUS_-1692_107;HEX_CONUS_-1692_281;HEX_CONUS_-1592_281;HEX_CONUS_-1592_107;HEX_CONUS_-1542_194",0,0,0,0,0,0,1,29.2,49.8,96.58,358,6.07,"5 or more",156.67,9.46,21.58,11.35,3.5,2.1,,1,1,0,3,0,0
"HEX_CONUS_-1642_367","CONUS","NV","Nevada","32013","Humboldt",-1642156,367242,-117.11,41.56,1,"HEX_CONUS_-1742_367;HEX_CONUS_-1692_281;HEX_CONUS_-1692_454;HEX_CONUS_-1592_281;HEX_CONUS_-1592_454;HEX_CONUS_-1542_367",0,0,0,0,0,0,0,0,0,0,2996.58,6.3,"5 or more",469.66,12.65,27.21,19.09,3.46,2.83,,1,1,0,3,0,0
"HEX_CONUS_-1642_540","CONUS","OR","Oregon","41045","Malheur",-1642156,540447,-117.61,42.98,1,"HEX_CONUS_-1742_540;HEX_CONUS_-1692_454;HEX_CONUS_-1692_627;HEX_CONUS_-1592_454;HEX_CONUS_-1592_627;HEX_CONUS_-1542_540",0,0,0,0,0,0,0,0,0,0,604.2,5.08,"5 or more",670.07,11.61,23.33,16.44,6.81,0,,0,0,0,5,3,0
"HEX_CONUS_-1642_714","CONUS","OR","Oregon","41001","Baker",-1642156,713652,-118.13,44.41,1,"HEX_CONUS_-1742_714;HEX_CONUS_-1692_627;HEX_CONUS_-1692_800;HEX_CONUS_-1592_627;HEX_CONUS_-1592_800;HEX_CONUS_-1542_714",0,0,0,0,0,0,3,17.8,25.3,8.17,425,1.62,"1–4.99",259.89,8.35,7.26,18.26,6.89,0,,0,0,0,5,3,0
"HEX_CONUS_-1642_887","CONUS","OR","Oregon","41059","Umatilla",-1642156,886857,-118.68,45.84,1,"HEX_CONUS_-1742_887;HEX_CONUS_-1692_800;HEX_CONUS_-1692_973;HEX_CONUS_-1592_800;HEX_CONUS_-1592_973;HEX_CONUS_-1542_887",1,120,1,0,1,0,15,2721.1,2951.1,642.61,4756.1,1.08,"1–4.99",326.45,12.8,15.82,16.56,11.51,0,,0,0,0,5,3,0
"HEX_CONUS_-1642_1060","CONUS","WA","Washington","53025","Grant",-1642156,1060062,-119.25,47.26,1,"HEX_CONUS_-1742_1060;HEX_CONUS_-1692_1147;HEX_CONUS_-1692_973;HEX_CONUS_-1592_973;HEX_CONUS_-1592_1147;HEX_CONUS_-1542_1060",4,100,2,3,1,0,4,134.8,134.8,796.97,5840,2.94,"1–4.99",871.24,13.56,17.24,13.89,5.49,0,5,1,0,0,7,2,0
"HEX_CONUS_-1642_1233","CONUS","WA","Washington","53047","Okanogan",-1642156,1233267,-119.86,48.69,0.91,"HEX_CONUS_-1742_1233;HEX_CONUS_-1692_1147;HEX_CONUS_-1692_1320;HEX_CONUS_-1592_1147;HEX_CONUS_-1542_1233",0,0,0,0,0,0,0,0,0,27.77,,0.55,"0.5–0.99",65.15,15.62,10.14,33.97,13.46,0,,1,0,0,7,2,0
"HEX_CONUS_-1592_-759","CONUS","AZ","Arizona","04027","Yuma",-1592156,-758591,-113.8,32.25,0.59,"HEX_CONUS_-1692_-759;HEX_CONUS_-1642_-672;HEX_CONUS_-1542_-845;HEX_CONUS_-1542_-672;HEX_CONUS_-1492_-759",0,0,0,0,0,0,0,0,0,0,9703.1,100,"5 or more",1121.45,20.15,0,4.95,13.5,18.86,,1,0,0,19,4,0
"HEX_CONUS_-1592_-585","CONUS","AZ","Arizona","04012","La Paz",-1592156,-585386,-114.17,33.71,1,"HEX_CONUS_-1692_-585;HEX_CONUS_-1642_-672;HEX_CONUS_-1642_-499;HEX_CONUS_-1542_-672;HEX_CONUS_-1542_-499;HEX_CONUS_-1492_-585",0,0,0,0,0,0,10,1749.6,1749.6,291.54,14674.05,100,"5 or more",616.59,13.55,0,8.9,25.7,10.63,,1,0,0,19,4,0
"HEX_CONUS_-1592_-412","CONUS","AZ","Arizona","04015","Mohave",-1592156,-412181,-114.55,35.16,1,"HEX_CONUS_-1692_-412;HEX_CONUS_-1642_-499;HEX_CONUS_-1642_-326;HEX_CONUS_-1542_-499;HEX_CONUS_-1542_-326;HEX_CONUS_-1492_-412",0,0,0,0,0,0,13,1944.1,1944.1,627.76,7850,100,"5 or more",164.65,24.6,0.36,43.64,36,17.89,,1,0,0,19,4,0
"HEX_CONUS_-1592_-239","CONUS","NV","Nevada","32003","Clark",-1592156,-238976,-114.95,36.61,1,"HEX_CONUS_-1692_-239;HEX_CONUS_-1642_-326;HEX_CONUS_-1642_-152;HEX_CONUS_-1542_-326;HEX_CONUS_-1542_-152;HEX_CONUS_-1492_-239",3,150,2,1,2,0,24,7237.9,7237.9,857.26,22077.74,14.48,"5 or more",477.64,40.53,0.15,40.74,32.94,65.51,126,1,1,0,3,0,1
"HEX_CONUS_-1592_-66","CONUS","NV","Nevada","32023","Nye",-1592156,-65771,-115.36,38.06,1,"HEX_CONUS_-1692_-66;HEX_CONUS_-1642_-152;HEX_CONUS_-1642_21;HEX_CONUS_-1542_-152;HEX_CONUS_-1542_21;HEX_CONUS_-1492_-66",0,0,0,0,0,0,0,0,0,76.94,9575.67,6.48,"5 or more",80.02,14.55,0.3,12.06,23.48,22.04,,1,1,0,3,0,0
"HEX_CONUS_-1592_281","CONUS","NV","Nevada","32011","Eureka",-1592156,280640,-116.25,40.93,1,"HEX_CONUS_-1692_281;HEX_CONUS_-1642_194;HEX_CONUS_-1642_367;HEX_CONUS_-1542_194;HEX_CONUS_-1542_367;HEX_CONUS_-1492_281",0,0,0,0,0,0,1,442,442,186.31,178.5,11.85,"5 or more",207.24,7.33,17.23,8.62,3.15,1.93,,1,1,0,3,0,0
"HEX_CONUS_-1592_454","CONUS","ID","Idaho","16073","Owyhee",-1592156,453845,-116.73,42.36,1,"HEX_CONUS_-1692_454;HEX_CONUS_-1642_367;HEX_CONUS_-1642_540;HEX_CONUS_-1542_367;HEX_CONUS_-1542_540;HEX_CONUS_-1492_454",0,0,0,0,0,0,0,0,0,0,993,3.21,"1–4.99",782.25,9.22,18.02,20.29,4.23,0,,1,0,0,7,0,0
"HEX_CONUS_-1592_627","CONUS","OR","Oregon","41045","Malheur",-1592156,627050,-117.22,43.79,1,"HEX_CONUS_-1692_627;HEX_CONUS_-1642_540;HEX_CONUS_-1642_714;HEX_CONUS_-1542_540;HEX_CONUS_-1542_714;HEX_CONUS_-1492_627",0,0,0,0,0,0,17,437.8,437.8,203.69,604.2,5.08,"5 or more",670.07,11.61,23.33,16.44,6.81,0,,0,0,0,5,3,0
"HEX_CONUS_-1592_800","CONUS","OR","Oregon","41061","Union",-1592156,800255,-117.74,45.22,1,"HEX_CONUS_-1692_800;HEX_CONUS_-1642_714;HEX_CONUS_-1642_887;HEX_CONUS_-1542_714;HEX_CONUS_-1542_887;HEX_CONUS_-1492_800",0,0,0,0,0,0,2,101.8,101.8,187.36,0,0.61,"0.5–0.99",211.2,7.59,8.32,15.39,6.47,0,,0,0,0,5,3,0
"HEX_CONUS_-1592_973","CONUS","WA","Washington","53021","Franklin",-1592156,973460,-118.29,46.65,1,"HEX_CONUS_-1692_973;HEX_CONUS_-1642_887;HEX_CONUS_-1642_1060;HEX_CONUS_-1542_887;HEX_CONUS_-1542_1060;HEX_CONUS_-1492_973",0,0,0,0,0,0,8,2378.3,2783.3,408.99,432.3,8.14,"5 or more",383.89,10.35,10.31,6.22,7.23,0,,1,0,0,7,2,0
"HEX_CONUS_-1592_1147","CONUS","WA","Washington","53047","Okanogan",-1592156,1146665,-118.86,48.08,1,"HEX_CONUS_-1692_1147;HEX_CONUS_-1642_1060;HEX_CONUS_-1642_1233;HEX_CONUS_-1542_1060;HEX_CONUS_-1542_1233;HEX_CONUS_-1492_1147",0,0,0,0,0,0,1,6809,6809,580.04,,0.55,"0.5–0.99",65.15,15.62,10.14,33.97,13.46,0,,1,0,0,7,2,0
"HEX_CONUS_-1592_107","CONUS","NV","Nevada","32033","White Pine",-1592156,107434,-115.8,39.5,1,"HEX_CONUS_-1692_107;HEX_CONUS_-1642_21;HEX_CONUS_-1642_194;HEX_CONUS_-1542_21;HEX_CONUS_-1542_194;HEX_CONUS_-1492_107",0,0,0,0,0,0,0,0,0,245.03,1799.9,1.81,"1–4.99",113.8,6.48,15.16,6.62,3.41,2.7,,1,1,0,3,0,0
"HEX_CONUS_-1542_-845","CONUS","AZ","Arizona","04019","Pima",-1542156,-845193,-113.08,31.59,0.07,"HEX_CONUS_-1592_-759;HEX_CONUS_-1492_-759;HEX_CONUS_-1442_-845",0,0,0,0,0,0,0,0,0,0,5075,100,"5 or more",300.05,28.95,27.76,56.48,31.7,21.01,22,1,0,0,19,4,0
"HEX_CONUS_-1542_-672","CONUS","AZ","Arizona","04027","Yuma",-1542156,-671988,-113.43,33.06,1,"HEX_CONUS_-1642_-672;HEX_CONUS_-1592_-759;HEX_CONUS_-1592_-585;HEX_CONUS_-1492_-759;HEX_CONUS_-1492_-585;HEX_CONUS_-1442_-672",0,0,0,0,0,0,10,1865.7,1865.7,255.67,9703.1,100,"5 or more",1121.45,20.15,0,4.95,13.5,18.86,,1,0,0,19,4,0
"HEX_CONUS_-1542_-499","CONUS","AZ","Arizona","04015","Mohave",-1542156,-498783,-113.8,34.52,1,"HEX_CONUS_-1642_-499;HEX_CONUS_-1592_-585;HEX_CONUS_-1592_-412;HEX_CONUS_-1492_-585;HEX_CONUS_-1492_-412;HEX_CONUS_-1442_-499",0,0,0,0,0,0,1,120,120,359.56,7850,100,"5 or more",164.65,24.6,0.36,43.64,36,17.89,,1,0,0,19,4,0
"HEX_CONUS_-1542_-326","CONUS","AZ","Arizona","04015","Mohave",-1542156,-325578,-114.17,35.97,1,"HEX_CONUS_-1642_-326;HEX_CONUS_-1592_-412;HEX_CONUS_-1592_-239;HEX_CONUS_-1492_-412;HEX_CONUS_-1492_-239;HEX_CONUS_-1442_-326",0,0,0,0,0,0,3,2428.8,2428.8,308.92,7850,100,"5 or more",164.65,24.6,0.36,43.64,36,17.89,,1,0,0,19,4,0
"HEX_CONUS_-1542_-152","CONUS","NV","Nevada","32017","Lincoln",-1542156,-152373,-114.57,37.42,1,"HEX_CONUS_-1642_-152;HEX_CONUS_-1592_-239;HEX_CONUS_-1592_-66;HEX_CONUS_-1492_-239;HEX_CONUS_-1492_-66;HEX_CONUS_-1442_-152",0,0,0,0,0,0,0,0,0,107.71,1200,13.48,"5 or more",60.68,9.02,16.33,10.57,13.27,3.35,,1,1,0,3,0,0
"HEX_CONUS_-1542_21","CONUS","NV","Nevada","32033","White Pine",-1542156,20832,-114.98,38.86,1,"HEX_CONUS_-1642_21;HEX_CONUS_-1592_-66;HEX_CONUS_-1592_107;HEX_CONUS_-1492_-66;HEX_CONUS_-1492_107;HEX_CONUS_-1442_21",0,0,0,0,0,0,1,150,150,206.78,1799.9,1.81,"1–4.99",113.8,6.48,15.16,6.62,3.41,2.7,,1,1,0,3,0,0
"HEX_CONUS_-1542_194","CONUS","NV","Nevada","32007","Elko",-1542156,194037,-115.41,40.3,1,"HEX_CONUS_-1642_194;HEX_CONUS_-1592_281;HEX_CONUS_-1592_107;HEX_CONUS_-1492_107;HEX_CONUS_-1492_281;HEX_CONUS_-1442_194",0,0,0,0,0,0,0,0,0,0,0,3.27,"1–4.99",396.03,13.2,18.18,29.89,7.79,3.86,,1,1,0,3,0,0
"HEX_CONUS_-1542_367","CONUS","NV","Nevada","32007","Elko",-1542156,367242,-115.86,41.74,1,"HEX_CONUS_-1642_367;HEX_CONUS_-1592_281;HEX_CONUS_-1592_454;HEX_CONUS_-1492_281;HEX_CONUS_-1492_454;HEX_CONUS_-1442_367",0,0,0,0,0,0,1,32,32,0,0,3.27,"1–4.99",396.03,13.2,18.18,29.89,7.79,3.86,,1,1,0,3,0,0
"HEX_CONUS_-1542_540","CONUS","ID","Idaho","16001","Ada",-1542156,540447,-116.33,43.17,1,"HEX_CONUS_-1642_540;HEX_CONUS_-1592_454;HEX_CONUS_-1592_627;HEX_CONUS_-1492_454;HEX_CONUS_-1492_627;HEX_CONUS_-1442_540",2,0,0,0,2,1,15,866.3,866.3,451.65,2004,1.97,"1–4.99",317.51,9.38,7.16,19.84,5.66,0,43,1,0,0,7,0,1
"HEX_CONUS_-1542_714","CONUS","ID","Idaho","16087","Washington",-1542156,713652,-116.83,44.6,1,"HEX_CONUS_-1642_714;HEX_CONUS_-1592_627;HEX_CONUS_-1592_800;HEX_CONUS_-1492_627;HEX_CONUS_-1492_800;HEX_CONUS_-1442_714",0,0,0,0,0,0,9,924.2,924.2,347.03,122,0.8,"0.5–0.99",416.89,6.77,9.95,16.1,7.7,0,,1,0,0,7,0,0
"HEX_CONUS_-1542_887","CONUS","WA","Washington","53003","Asotin",-1542156,886857,-117.34,46.03,1,"HEX_CONUS_-1642_887;HEX_CONUS_-1592_800;HEX_CONUS_-1592_973;HEX_CONUS_-1492_800;HEX_CONUS_-1492_973;HEX_CONUS_-1442_887",0,0,0,0,0,0,0,0,0,197.18,0,0.92,"0.5–0.99",5.99,5.87,5.34,8.94,6.03,0,,1,0,0,7,2,0
"HEX_CONUS_-1542_1060","CONUS","WA","Washington","53043","Lincoln",-1542156,1060062,-117.89,47.46,1,"HEX_CONUS_-1642_1060;HEX_CONUS_-1592_973;HEX_CONUS_-1592_1147;HEX_CONUS_-1492_973;HEX_CONUS_-1492_1147;HEX_CONUS_-1442_1060",0,0,0,0,0,0,8,281,281,340.1,1906.25,1.34,"1–4.99",18.59,5.91,5.37,10.75,4.23,0,,1,0,0,7,2,2
"HEX_CONUS_-1542_1233","CONUS","WA","Washington","53019","Ferry",-1542156,1233267,-118.46,48.89,0.65,"HEX_CONUS_-1642_1233;HEX_CONUS_-1592_1147;HEX_CONUS_-1492_1147;HEX_CONUS_-1442_1233",0,0,0,0,0,0,3,61.1,61.1,0,,0.3,"Under 0.5",4.32,9.63,0,15.69,7.24,0,,1,0,0,7,2,0
"HEX_CONUS_-1492_-759","CONUS","AZ","Arizona","04019","Pima",-1492156,-758591,-112.71,32.4,1,"HEX_CONUS_-1592_-759;HEX_CONUS_-1542_-845;HEX_CONUS_-1542_-672;HEX_CONUS_-1442_-845;HEX_CONUS_-1442_-672;HEX_CONUS_-1392_-759",0,0,0,0,0,0,1,4.5,4.5,0,5075,100,"5 or more",300.05,28.95,27.76,56.48,31.7,21.01,22,1,0,0,19,4,0
"HEX_CONUS_-1492_-585","CONUS","AZ","Arizona","04013","Maricopa",-1492156,-585386,-113.05,33.87,1,"HEX_CONUS_-1592_-585;HEX_CONUS_-1542_-672;HEX_CONUS_-1542_-499;HEX_CONUS_-1442_-672;HEX_CONUS_-1442_-499;HEX_CONUS_-1392_-585",1,1500,1,0,1,0,3,1295.1,1295.1,774.62,32157.91,100,"5 or more",2058.19,25.45,0.66,41.92,20.73,34.66,248,1,0,0,19,4,0
"HEX_CONUS_-1492_-412","CONUS","AZ","Arizona","04015","Mohave",-1492156,-412181,-113.41,35.32,1,"HEX_CONUS_-1592_-412;HEX_CONUS_-1542_-499;HEX_CONUS_-1542_-326;HEX_CONUS_-1442_-499;HEX_CONUS_-1442_-326;HEX_CONUS_-1392_-412",0,0,0,0,0,0,1,55,55,415.7,7850,100,"5 or more",164.65,24.6,0.36,43.64,36,17.89,,1,0,0,19,4,0
"HEX_CONUS_-1492_-239","CONUS","AZ","Arizona","04015","Mohave",-1492156,-238976,-113.79,36.78,1,"HEX_CONUS_-1592_-239;HEX_CONUS_-1542_-326;HEX_CONUS_-1542_-152;HEX_CONUS_-1442_-326;HEX_CONUS_-1442_-152;HEX_CONUS_-1392_-239",0,0,0,0,0,0,5,107.1,121.1,262.2,7850,100,"5 or more",164.65,24.6,0.36,43.64,36,17.89,,1,0,0,19,4,0
"HEX_CONUS_-1492_-66","CONUS","NV","Nevada","32017","Lincoln",-1492156,-65771,-114.18,38.22,1,"HEX_CONUS_-1592_-66;HEX_CONUS_-1542_-152;HEX_CONUS_-1542_21;HEX_CONUS_-1442_-152;HEX_CONUS_-1442_21;HEX_CONUS_-1392_-66",0,0,0,0,0,0,0,0,0,20.86,1200,13.48,"5 or more",60.68,9.02,16.33,10.57,13.27,3.35,,1,1,0,3,0,0
"HEX_CONUS_-1492_107","CONUS","NV","Nevada","32033","White Pine",-1492156,107434,-114.59,39.67,1,"HEX_CONUS_-1592_107;HEX_CONUS_-1542_21;HEX_CONUS_-1542_194;HEX_CONUS_-1442_21;HEX_CONUS_-1442_194;HEX_CONUS_-1392_107",0,0,0,0,0,0,0,0,0,88.27,1799.9,1.81,"1–4.99",113.8,6.48,15.16,6.62,3.41,2.7,,1,1,0,3,0,0
"HEX_CONUS_-1492_281","CONUS","NV","Nevada","32007","Elko",-1492156,280640,-115.01,41.11,1,"HEX_CONUS_-1592_281;HEX_CONUS_-1542_194;HEX_CONUS_-1542_367;HEX_CONUS_-1442_194;HEX_CONUS_-1442_367;HEX_CONUS_-1392_281",0,0,0,0,0,0,0,0,0,83.66,0,3.27,"1–4.99",396.03,13.2,18.18,29.89,7.79,3.86,,1,1,0,3,0,0
"HEX_CONUS_-1492_454","CONUS","ID","Idaho","16073","Owyhee",-1492156,453845,-115.46,42.54,1,"HEX_CONUS_-1592_454;HEX_CONUS_-1542_367;HEX_CONUS_-1542_540;HEX_CONUS_-1442_367;HEX_CONUS_-1442_540;HEX_CONUS_-1392_454",0,0,0,0,0,0,19,400.2,400.2,42.72,993,3.21,"1–4.99",782.25,9.22,18.02,20.29,4.23,0,,1,0,0,7,0,0
"HEX_CONUS_-1492_627","CONUS","ID","Idaho","16015","Boise",-1492156,627050,-115.93,43.98,1,"HEX_CONUS_-1592_627;HEX_CONUS_-1542_540;HEX_CONUS_-1542_714;HEX_CONUS_-1442_540;HEX_CONUS_-1442_714;HEX_CONUS_-1392_627",0,0,0,0,0,0,4,37.8,37.8,193.56,0,0.38,"Under 0.5",4.87,12.4,0.98,23.87,3.29,0,,1,0,0,7,0,0
"HEX_CONUS_-1492_800","CONUS","ID","Idaho","16049","Idaho",-1492156,800255,-116.42,45.41,1,"HEX_CONUS_-1592_800;HEX_CONUS_-1542_714;HEX_CONUS_-1542_887;HEX_CONUS_-1442_714;HEX_CONUS_-1442_887;HEX_CONUS_-1392_800",0,0,0,0,0,0,2,413.7,413.7,136.5,0,0.36,"Under 0.5",116.51,12.31,4.88,27.55,8.99,0,,1,0,0,7,0,0
"HEX_CONUS_-1492_973","CONUS","ID","Idaho","16057","Latah",-1492156,973460,-116.94,46.84,1,"HEX_CONUS_-1592_973;HEX_CONUS_-1542_887;HEX_CONUS_-1542_1060;HEX_CONUS_-1442_887;HEX_CONUS_-1442_1060;HEX_CONUS_-1392_973",0,0,0,0,0,0,5,1009.1,1034.1,407.29,0,0.57,"0.5–0.99",188.42,3.08,3.56,4.55,4.27,0,,1,0,0,7,0,0
"HEX_CONUS_-1492_1147","CONUS","WA","Washington","53051","Pend Oreille",-1492156,1146665,-117.48,48.27,1,"HEX_CONUS_-1592_1147;HEX_CONUS_-1542_1060;HEX_CONUS_-1542_1233;HEX_CONUS_-1442_1060;HEX_CONUS_-1442_1233;HEX_CONUS_-1392_1147",0,0,0,0,0,0,1,42,42,405.84,0,0.37,"Under 0.5",3.19,5.19,2.98,7.07,5.9,0,,1,0,0,7,2,0
"HEX_CONUS_-1442_-845","CONUS","AZ","Arizona","04019","Pima",-1442156,-845193,-112,31.74,0.66,"HEX_CONUS_-1542_-845;HEX_CONUS_-1492_-759;HEX_CONUS_-1392_-932;HEX_CONUS_-1392_-759;HEX_CONUS_-1342_-845",0,0,0,0,0,0,0,0,0,0,5075,100,"5 or more",300.05,28.95,27.76,56.48,31.7,21.01,22,1,0,0,19,4,1
"HEX_CONUS_-1442_-672","CONUS","AZ","Arizona","04013","Maricopa",-1442156,-671988,-112.32,33.21,1,"HEX_CONUS_-1542_-672;HEX_CONUS_-1492_-759;HEX_CONUS_-1492_-585;HEX_CONUS_-1392_-759;HEX_CONUS_-1392_-585;HEX_CONUS_-1342_-672",17,1602,10,5,9,4,42,15894.1,16015.4,1486.43,32157.91,100,"5 or more",2058.19,25.45,0.66,41.92,20.73,34.66,248,1,0,0,19,4,4
"HEX_CONUS_-1442_-499","CONUS","AZ","Arizona","04025","Yavapai",-1442156,-498783,-112.67,34.67,1,"HEX_CONUS_-1542_-499;HEX_CONUS_-1492_-585;HEX_CONUS_-1492_-412;HEX_CONUS_-1392_-585;HEX_CONUS_-1392_-412;HEX_CONUS_-1342_-499",0,0,0,0,0,0,4,66.7,66.7,305.35,1492.5,7.24,"5 or more",87.19,27.18,0.3,63.96,19.5,8.15,4,1,0,0,19,4,0
"HEX_CONUS_-1442_-326","CONUS","AZ","Arizona","04005","Coconino",-1442156,-325578,-113.02,36.13,1,"HEX_CONUS_-1542_-326;HEX_CONUS_-1492_-412;HEX_CONUS_-1492_-239;HEX_CONUS_-1392_-412;HEX_CONUS_-1392_-239;HEX_CONUS_-1342_-326",0,0,0,0,0,0,0,0,0,0.27,7780.7,17.6,"5 or more",38.97,26.12,0.21,57.87,27.71,3.06,,1,0,0,19,4,0
"HEX_CONUS_-1442_-152","CONUS","UT","Utah","49021","Iron",-1442156,-152373,-113.39,37.58,1,"HEX_CONUS_-1542_-152;HEX_CONUS_-1492_-239;HEX_CONUS_-1492_-66;HEX_CONUS_-1392_-239;HEX_CONUS_-1392_-66;HEX_CONUS_-1342_-152",1,1500,1,0,1,1,21,882.2,887.3,377.57,1795,1.49,"1–4.99",175.74,10.06,10.39,19.58,8.87,0,3,1,0,0,6,2,1
"HEX_CONUS_-1442_21","CONUS","UT","Utah","49027","Millard",-1442156,20832,-113.78,39.03,1,"HEX_CONUS_-1542_21;HEX_CONUS_-1492_-66;HEX_CONUS_-1492_107;HEX_CONUS_-1392_-66;HEX_CONUS_-1392_107;HEX_CONUS_-1342_21",0,0,0,0,0,0,0,0,0,214.13,9972,2.91,"1–4.99",321.14,6,10.25,11.66,2.71,0,,1,0,0,6,2,0
"HEX_CONUS_-1442_194","CONUS","NV","Nevada","32007","Elko",-1442156,194037,-114.18,40.47,1,"HEX_CONUS_-1542_194;HEX_CONUS_-1492_107;HEX_CONUS_-1492_281;HEX_CONUS_-1392_107;HEX_CONUS_-1392_281;HEX_CONUS_-1342_194",0,0,0,0,0,0,0,0,0,0,0,3.27,"1–4.99",396.03,13.2,18.18,29.89,7.79,3.86,,1,1,0,3,0,0
"HEX_CONUS_-1442_367","CONUS","NV","Nevada","32007","Elko",-1442156,367242,-114.61,41.91,1,"HEX_CONUS_-1542_367;HEX_CONUS_-1492_281;HEX_CONUS_-1492_454;HEX_CONUS_-1392_281;HEX_CONUS_-1392_454;HEX_CONUS_-1342_367",0,0,0,0,0,0,2,220,220,107.35,0,3.27,"1–4.99",396.03,13.2,18.18,29.89,7.79,3.86,,1,1,0,3,0,0
"HEX_CONUS_-1442_540","CONUS","ID","Idaho","16025","Camas",-1442156,540447,-115.05,43.34,1,"HEX_CONUS_-1542_540;HEX_CONUS_-1492_454;HEX_CONUS_-1492_627;HEX_CONUS_-1392_454;HEX_CONUS_-1392_627;HEX_CONUS_-1342_540",0,0,0,0,0,0,14,344.5,344.5,292.87,0,1.11,"1–4.99",318.12,5.41,8.83,9.5,1.88,0,,1,0,0,7,0,0
"HEX_CONUS_-1442_714","CONUS","ID","Idaho","16085","Valley",-1442156,713652,-115.52,44.78,1,"HEX_CONUS_-1542_714;HEX_CONUS_-1492_627;HEX_CONUS_-1492_800;HEX_CONUS_-1392_627;HEX_CONUS_-1392_800;HEX_CONUS_-1342_714",0,0,0,0,0,0,1,12.4,12.4,0,,0.38,"Under 0.5",16.47,11.36,4.19,29.58,4.34,0,,1,0,0,7,0,0
"HEX_CONUS_-1442_887","CONUS","ID","Idaho","16049","Idaho",-1442156,886857,-116,46.21,1,"HEX_CONUS_-1542_887;HEX_CONUS_-1492_800;HEX_CONUS_-1492_973;HEX_CONUS_-1392_800;HEX_CONUS_-1392_973;HEX_CONUS_-1342_887",0,0,0,0,0,0,2,466.2,466.2,20.34,0,0.36,"Under 0.5",116.51,12.31,4.88,27.55,8.99,0,,1,0,0,7,0,0
"HEX_CONUS_-1442_1060","CONUS","ID","Idaho","16055","Kootenai",-1442156,1060062,-116.51,47.65,1,"HEX_CONUS_-1542_1060;HEX_CONUS_-1492_973;HEX_CONUS_-1492_1147;HEX_CONUS_-1392_973;HEX_CONUS_-1392_1147;HEX_CONUS_-1342_1060",1,0,0,1,0,0,6,506.7,516.4,478.56,255,0.32,"Under 0.5",131.76,6.82,3.25,5.21,6.1,0,10,1,0,0,7,0,1
"HEX_CONUS_-1442_1233","CONUS","WA","Washington","53051","Pend Oreille",-1442156,1233267,-117.05,49.08,0.38,"HEX_CONUS_-1542_1233;HEX_CONUS_-1492_1147;HEX_CONUS_-1392_1147;HEX_CONUS_-1342_1233",0,0,0,0,0,0,3,1287.8,1287.8,288.91,0,0.37,"Under 0.5",3.19,5.19,2.98,7.07,5.9,0,,1,0,0,7,2,0
"HEX_CONUS_-1392_-932","CONUS","AZ","Arizona","04023","Santa Cruz",-1392156,-931796,-111.3,31.08,0.1,"HEX_CONUS_-1442_-845;HEX_CONUS_-1342_-845;HEX_CONUS_-1292_-932",0,0,0,0,0,0,1,54,108,0,,42.28,"5 or more",13.22,19.25,29.58,31.14,26.02,18.44,,1,0,0,19,4,0
"HEX_CONUS_-1392_-759","CONUS","AZ","Arizona","04021","Pinal",-1392156,-758591,-111.61,32.55,1,"HEX_CONUS_-1492_-759;HEX_CONUS_-1442_-845;HEX_CONUS_-1442_-672;HEX_CONUS_-1342_-845;HEX_CONUS_-1342_-672;HEX_CONUS_-1292_-759",2,3425,2,0,2,1,21,4045.3,4045.3,691.95,11377.11,100,"5 or more",1020.61,28.6,60.22,30.93,20.18,23.79,,1,0,0,19,4,2
"HEX_CONUS_-1392_-585","CONUS","AZ","Arizona","04013","Maricopa",-1392156,-585386,-111.93,34.02,1,"HEX_CONUS_-1492_-585;HEX_CONUS_-1442_-672;HEX_CONUS_-1442_-499;HEX_CONUS_-1342_-672;HEX_CONUS_-1342_-499;HEX_CONUS_-1292_-585",1,180,1,1,0,0,5,130.9,130.9,910.92,32157.91,100,"5 or more",2058.19,25.45,0.66,41.92,20.73,34.66,248,1,0,0,19,4,1
"HEX_CONUS_-1392_-412","CONUS","AZ","Arizona","04005","Coconino",-1392156,-412181,-112.27,35.48,1,"HEX_CONUS_-1492_-412;HEX_CONUS_-1442_-499;HEX_CONUS_-1442_-326;HEX_CONUS_-1342_-499;HEX_CONUS_-1342_-326;HEX_CONUS_-1292_-412",0,0,0,0,0,0,2,262.2,262.2,304.67,7780.7,17.6,"5 or more",38.97,26.12,0.21,57.87,27.71,3.06,,1,0,0,19,4,0
"HEX_CONUS_-1392_-239","CONUS","AZ","Arizona","04015","Mohave",-1392156,-238976,-112.62,36.93,1,"HEX_CONUS_-1492_-239;HEX_CONUS_-1442_-326;HEX_CONUS_-1442_-152;HEX_CONUS_-1342_-326;HEX_CONUS_-1342_-152;HEX_CONUS_-1292_-239",0,0,0,0,0,0,0,0,0,109.03,7850,100,"5 or more",164.65,24.6,0.36,43.64,36,17.89,,1,0,0,19,4,0
"HEX_CONUS_-1392_-66","CONUS","UT","Utah","49001","Beaver",-1392156,-65771,-112.99,38.38,1,"HEX_CONUS_-1492_-66;HEX_CONUS_-1442_-152;HEX_CONUS_-1442_21;HEX_CONUS_-1342_-152;HEX_CONUS_-1342_21;HEX_CONUS_-1292_-66",0,0,0,0,0,0,20,751.2,754.4,364.87,342.6,2.17,"1–4.99",108.37,5.67,11.7,8.79,0.99,0,,1,0,0,6,2,1
"HEX_CONUS_-1392_107","CONUS","UT","Utah","49023","Juab",-1392156,107434,-113.37,39.83,1,"HEX_CONUS_-1492_107;HEX_CONUS_-1442_21;HEX_CONUS_-1442_194;HEX_CONUS_-1342_21;HEX_CONUS_-1342_194;HEX_CONUS_-1292_107",0,0,0,0,0,0,0,0,0,0,3833.85,3.38,"1–4.99",66.68,5.78,5.27,11.25,1.68,0,,1,0,0,6,2,0
"HEX_CONUS_-1392_281","CONUS","UT","Utah","49003","Box Elder",-1392156,280640,-113.77,41.27,1,"HEX_CONUS_-1492_281;HEX_CONUS_-1442_194;HEX_CONUS_-1442_367;HEX_CONUS_-1342_194;HEX_CONUS_-1342_367;HEX_CONUS_-1292_281",0,0,0,0,0,0,0,0,0,0,670,3.24,"1–4.99",429.99,6.04,5.91,9.51,2.55,0,,1,0,0,6,2,0
"HEX_CONUS_-1392_454","CONUS","ID","Idaho","16053","Jerome",-1392156,453845,-114.19,42.71,1,"HEX_CONUS_-1492_454;HEX_CONUS_-1442_367;HEX_CONUS_-1442_540;HEX_CONUS_-1342_367;HEX_CONUS_-1342_540;HEX_CONUS_-1292_454",0,0,0,0,0,0,33,285.1,286.6,491.05,320,100,"5 or more",744.67,12.38,28.51,11.58,3.5,0,,1,0,0,7,0,0
"HEX_CONUS_-1392_627","CONUS","ID","Idaho","16037","Custer",-1392156,627050,-114.63,44.15,1,"HEX_CONUS_-1492_627;HEX_CONUS_-1442_540;HEX_CONUS_-1442_714;HEX_CONUS_-1342_540;HEX_CONUS_-1342_714;HEX_CONUS_-1292_627",0,0,0,0,0,0,0,0,0,60.82,0,0.82,"0.5–0.99",145.16,5.44,7.25,8.61,3.43,0,,1,0,0,7,0,0
"HEX_CONUS_-1392_800","CONUS","ID","Idaho","16049","Idaho",-1392156,800255,-115.09,45.58,1,"HEX_CONUS_-1492_800;HEX_CONUS_-1442_714;HEX_CONUS_-1442_887;HEX_CONUS_-1342_714;HEX_CONUS_-1342_887;HEX_CONUS_-1292_800",0,0,0,0,0,0,0,0,0,0,0,0.36,"Under 0.5",116.51,12.31,4.88,27.55,8.99,0,,1,0,0,7,0,0
"HEX_CONUS_-1392_973","CONUS","ID","Idaho","16079","Shoshone",-1392156,973460,-115.57,47.02,1,"HEX_CONUS_-1492_973;HEX_CONUS_-1442_887;HEX_CONUS_-1442_1060;HEX_CONUS_-1342_887;HEX_CONUS_-1342_1060;HEX_CONUS_-1292_973",0,0,0,0,0,0,0,0,0,159.76,0,0.25,"Under 0.5",7.95,6.83,0.98,7.89,8.6,0,,1,0,0,7,0,0
"HEX_CONUS_-1392_1147","CONUS","ID","Idaho","16017","Bonner",-1392156,1146665,-116.08,48.46,1,"HEX_CONUS_-1492_1147;HEX_CONUS_-1442_1060;HEX_CONUS_-1442_1233;HEX_CONUS_-1342_1060;HEX_CONUS_-1342_1233;HEX_CONUS_-1292_1147",0,0,0,0,0,0,2,269.1,269.1,100.17,0,0.36,"Under 0.5",18.01,7.08,4.11,11.72,6.32,0,4,1,0,0,7,0,0
"HEX_CONUS_-1342_-845","CONUS","AZ","Arizona","04019","Pima",-1342156,-845193,-110.91,31.88,1,"HEX_CONUS_-1442_-845;HEX_CONUS_-1392_-932;HEX_CONUS_-1392_-759;HEX_CONUS_-1292_-932;HEX_CONUS_-1292_-759;HEX_CONUS_-1242_-845",2,0,0,0,2,1,27,927.5,927.5,293.54,5075,100,"5 or more",300.05,28.95,27.76,56.48,31.7,21.01,22,1,0,0,19,4,1
"HEX_CONUS_-1342_-672","CONUS","AZ","Arizona","04021","Pinal",-1342156,-671988,-111.21,33.35,1,"HEX_CONUS_-1442_-672;HEX_CONUS_-1392_-759;HEX_CONUS_-1392_-585;HEX_CONUS_-1292_-759;HEX_CONUS_-1292_-585;HEX_CONUS_-1242_-672",7,476,3,3,4,0,13,1811,1811,560.47,11377.11,100,"5 or more",1020.61,28.6,60.22,30.93,20.18,23.79,,1,0,0,19,4,1
"HEX_CONUS_-1342_-499","CONUS","AZ","Arizona","04005","Coconino",-1342156,-498783,-111.53,34.82,1,"HEX_CONUS_-1442_-499;HEX_CONUS_-1392_-585;HEX_CONUS_-1392_-412;HEX_CONUS_-1292_-585;HEX_CONUS_-1292_-412;HEX_CONUS_-1242_-499",0,0,0,0,0,0,0,0,0,300.78,7780.7,17.6,"5 or more",38.97,26.12,0.21,57.87,27.71,3.06,,1,0,0,19,4,1
"HEX_CONUS_-1342_-326","CONUS","AZ","Arizona","04005","Coconino",-1342156,-325578,-111.86,36.28,1,"HEX_CONUS_-1442_-326;HEX_CONUS_-1392_-412;HEX_CONUS_-1392_-239;HEX_CONUS_-1292_-239;HEX_CONUS_-1292_-412;HEX_CONUS_-1242_-326",0,0,0,0,0,0,0,0,0,305.91,7780.7,17.6,"5 or more",38.97,26.12,0.21,57.87,27.71,3.06,,1,0,0,19,4,0
"HEX_CONUS_-1342_-152","CONUS","UT","Utah","49017","Garfield",-1342156,-152373,-112.21,37.73,1,"HEX_CONUS_-1442_-152;HEX_CONUS_-1392_-239;HEX_CONUS_-1392_-66;HEX_CONUS_-1292_-239;HEX_CONUS_-1292_-66;HEX_CONUS_-1242_-152",0,0,0,0,0,0,0,0,0,151.04,0,5.95,"5 or more",58.56,9.01,7.53,10.69,12.45,2.15,,1,0,0,6,2,0
"HEX_CONUS_-1342_21","CONUS","UT","Utah","49027","Millard",-1342156,20832,-112.57,39.18,1,"HEX_CONUS_-1442_21;HEX_CONUS_-1392_-66;HEX_CONUS_-1392_107;HEX_CONUS_-1292_-66;HEX_CONUS_-1292_107;HEX_CONUS_-1242_21",4,12277.5,3,0,4,1,4,1760,1760,490.33,9972,2.91,"1–4.99",321.14,6,10.25,11.66,2.71,0,,1,0,0,6,2,0
"HEX_CONUS_-1342_194","CONUS","UT","Utah","49045","Tooele",-1342156,194037,-112.95,40.62,1,"HEX_CONUS_-1442_194;HEX_CONUS_-1392_107;HEX_CONUS_-1392_281;HEX_CONUS_-1292_281;HEX_CONUS_-1292_107;HEX_CONUS_-1242_194",1,0,0,0,1,0,4,188.7,208.7,33.59,630,3.72,"1–4.99",250.26,5.65,3.28,12.85,2.58,0.4,,1,0,0,6,2,0
"HEX_CONUS_-1342_367","CONUS","ID","Idaho","16031","Cassia",-1342156,367242,-113.35,42.07,1,"HEX_CONUS_-1442_367;HEX_CONUS_-1392_281;HEX_CONUS_-1392_454;HEX_CONUS_-1292_281;HEX_CONUS_-1292_454;HEX_CONUS_-1242_367",1,0,0,0,1,1,1,18,18,0,0,100,"5 or more",987.77,12.33,26.58,12.89,5.59,0,,1,0,0,7,0,0
"HEX_CONUS_-1342_540","CONUS","ID","Idaho","16013","Blaine",-1342156,540447,-113.76,43.51,1,"HEX_CONUS_-1442_540;HEX_CONUS_-1392_454;HEX_CONUS_-1392_627;HEX_CONUS_-1292_454;HEX_CONUS_-1292_627;HEX_CONUS_-1242_540",0,0,0,0,0,0,1,0,2.8,45.14,200,1.75,"1–4.99",228.28,8.36,8.71,16.72,6.35,0,4,1,0,0,7,0,0
"HEX_CONUS_-1342_714","CONUS","ID","Idaho","16059","Lemhi",-1342156,713652,-114.2,44.95,1,"HEX_CONUS_-1442_714;HEX_CONUS_-1392_627;HEX_CONUS_-1392_800;HEX_CONUS_-1292_627;HEX_CONUS_-1292_800;HEX_CONUS_-1242_714",0,0,0,0,0,0,1,0,5,0,0,0.89,"0.5–0.99",94.93,8.59,12.15,20.24,4.91,0,,1,0,0,7,0,0
"HEX_CONUS_-1342_887","CONUS","ID","Idaho","16049","Idaho",-1342156,886857,-114.65,46.39,1,"HEX_CONUS_-1442_887;HEX_CONUS_-1392_800;HEX_CONUS_-1392_973;HEX_CONUS_-1292_800;HEX_CONUS_-1292_973;HEX_CONUS_-1242_887",0,0,0,0,0,0,0,0,0,0,0,0.36,"Under 0.5",116.51,12.31,4.88,27.55,8.99,0,,1,0,0,7,0,0
"HEX_CONUS_-1342_1060","CONUS","MT","Montana","30089","Sanders",-1342156,1060062,-115.13,47.82,1,"HEX_CONUS_-1442_1060;HEX_CONUS_-1392_973;HEX_CONUS_-1392_1147;HEX_CONUS_-1292_1147;HEX_CONUS_-1292_973;HEX_CONUS_-1242_1060",0,0,0,0,0,0,2,585.9,585.9,504.21,0,0.46,"Under 0.5",66.78,7.5,8.35,15.27,8.16,0,,1,0,0,7,2,0
"HEX_CONUS_-1342_1233","CONUS","MT","Montana","30053","Lincoln",-1342156,1233267,-115.64,49.27,0.15,"HEX_CONUS_-1442_1233;HEX_CONUS_-1392_1147;HEX_CONUS_-1292_1147;HEX_CONUS_-1242_1233",0,0,0,0,0,0,0,0,0,80.92,646,0.5,"0.5–0.99",16.85,9.07,3.91,18.36,8.64,0,,1,0,0,7,2,0
"HEX_CONUS_-1292_-932","CONUS","AZ","Arizona","04003","Cochise",-1292156,-931796,-110.22,31.21,0.33,"HEX_CONUS_-1392_-932;HEX_CONUS_-1342_-845;HEX_CONUS_-1242_-845;HEX_CONUS_-1192_-932",0,0,0,0,0,0,1,17.7,17.7,20.1,800,100,"5 or more",240.85,28.45,59.44,33.09,22.86,11.27,3,1,0,0,19,4,0
"HEX_CONUS_-1292_-759","CONUS","AZ","Arizona","04021","Pinal",-1292156,-758591,-110.51,32.69,1,"HEX_CONUS_-1392_-759;HEX_CONUS_-1342_-845;HEX_CONUS_-1342_-672;HEX_CONUS_-1242_-845;HEX_CONUS_-1242_-672;HEX_CONUS_-1192_-759",0,0,0,0,0,0,2,1.6,4.7,191.64,11377.11,100,"5 or more",1020.61,28.6,60.22,30.93,20.18,23.79,,1,0,0,19,4,0
"HEX_CONUS_-1292_-585","CONUS","AZ","Arizona","04007","Gila",-1292156,-585386,-110.81,34.15,1,"HEX_CONUS_-1392_-585;HEX_CONUS_-1342_-672;HEX_CONUS_-1342_-499;HEX_CONUS_-1242_-672;HEX_CONUS_-1242_-499;HEX_CONUS_-1192_-585",0,0,0,0,0,0,0,0,0,393.12,,2.87,"1–4.99",26.18,30.79,20.17,70.57,32.52,6.34,,1,0,0,19,4,0
"HEX_CONUS_-1292_-239","CONUS","UT","Utah","49025","Kane",-1292156,-238976,-111.45,37.07,1,"HEX_CONUS_-1392_-239;HEX_CONUS_-1342_-326;HEX_CONUS_-1342_-152;HEX_CONUS_-1242_-326;HEX_CONUS_-1242_-152;HEX_CONUS_-1192_-239",1,0,0,0,1,1,1,1312,1312,336.22,1075,5.17,"5 or more",15.76,6.82,4.53,13.57,10.09,2.22,,1,0,0,6,2,0
"HEX_CONUS_-1292_-66","CONUS","UT","Utah","49041","Sevier",-1292156,-65771,-111.79,38.53,1,"HEX_CONUS_-1392_-66;HEX_CONUS_-1342_-152;HEX_CONUS_-1342_21;HEX_CONUS_-1242_-152;HEX_CONUS_-1242_21;HEX_CONUS_-1192_-66",0,0,0,0,0,0,1,80,80,487,100,5.83,"5 or more",78.75,5.94,7.16,9.99,6.28,0.97,,1,0,0,6,2,0
"HEX_CONUS_-1292_281","CONUS","UT","Utah","49003","Box Elder",-1292156,280640,-112.52,41.42,1,"HEX_CONUS_-1392_281;HEX_CONUS_-1342_194;HEX_CONUS_-1342_367;HEX_CONUS_-1242_194;HEX_CONUS_-1242_367;HEX_CONUS_-1192_281",1,9000,1,0,1,1,6,95.1,95.1,198.31,670,3.24,"1–4.99",429.99,6.04,5.91,9.51,2.55,0,,1,0,0,6,2,1
"HEX_CONUS_-1292_454","CONUS","ID","Idaho","16011","Bingham",-1292156,453845,-112.91,42.86,1,"HEX_CONUS_-1392_454;HEX_CONUS_-1342_367;HEX_CONUS_-1342_540;HEX_CONUS_-1242_367;HEX_CONUS_-1242_540;HEX_CONUS_-1192_454",1,100,1,0,0,1,9,272.6,303.4,573.29,1754.8,100,"5 or more",865.95,11.53,21.55,8.67,5.67,0,,1,0,0,7,0,1
"HEX_CONUS_-1292_627","CONUS","ID","Idaho","16059","Lemhi",-1292156,627050,-113.32,44.31,1,"HEX_CONUS_-1392_627;HEX_CONUS_-1342_540;HEX_CONUS_-1342_714;HEX_CONUS_-1242_540;HEX_CONUS_-1242_714;HEX_CONUS_-1192_627",0,0,0,0,0,0,0,0,0,111.68,0,0.89,"0.5–0.99",94.93,8.59,12.15,20.24,4.91,0,,1,0,0,7,0,0
"HEX_CONUS_-1292_800","CONUS","MT","Montana","30001","Beaverhead",-1292156,800255,-113.75,45.75,1,"HEX_CONUS_-1392_800;HEX_CONUS_-1342_714;HEX_CONUS_-1342_887;HEX_CONUS_-1242_714;HEX_CONUS_-1242_887;HEX_CONUS_-1192_800",0,0,0,0,0,0,0,0,0,0,0,2.17,"1–4.99",836.9,6.95,14.5,8.73,7.29,0,,1,0,0,7,2,0
"HEX_CONUS_-1292_1147","CONUS","MT","Montana","30029","Flathead",-1292156,1146665,-114.68,48.63,0.96,"HEX_CONUS_-1392_1147;HEX_CONUS_-1342_1060;HEX_CONUS_-1342_1233;HEX_CONUS_-1242_1060;HEX_CONUS_-1242_1233;HEX_CONUS_-1192_1147",0,0,0,0,0,0,3,531,531,101.32,1.9,0.26,"Under 0.5",87.78,14.7,6.71,15.86,12.76,0,3,1,0,0,7,2,0
"HEX_CONUS_-1292_107","CONUS","UT","Utah","49023","Juab",-1292156,107434,-112.15,39.98,1,"HEX_CONUS_-1392_107;HEX_CONUS_-1342_21;HEX_CONUS_-1342_194;HEX_CONUS_-1242_21;HEX_CONUS_-1242_194;HEX_CONUS_-1192_107",2,25,2,0,1,0,10,873.6,878.1,665.59,3833.85,3.38,"1–4.99",66.68,5.78,5.27,11.25,1.68,0,,1,0,0,6,2,2
"HEX_CONUS_-1292_973","CONUS","MT","Montana","30089","Sanders",-1292156,973460,-114.2,47.19,1,"HEX_CONUS_-1392_973;HEX_CONUS_-1342_887;HEX_CONUS_-1342_1060;HEX_CONUS_-1242_887;HEX_CONUS_-1242_1060;HEX_CONUS_-1192_973",1,18,1,0,0,1,0,0,0,308.2,0,0.46,"Under 0.5",66.78,7.5,8.35,15.27,8.16,0,,1,0,0,7,2,1
"HEX_CONUS_-1292_-412","CONUS","AZ","Arizona","04005","Coconino",-1292156,-412181,-111.12,35.62,1,"HEX_CONUS_-1392_-412;HEX_CONUS_-1342_-499;HEX_CONUS_-1342_-326;HEX_CONUS_-1242_-499;HEX_CONUS_-1242_-326;HEX_CONUS_-1192_-412",0,0,0,0,0,0,0,0,0,421.11,7780.7,17.6,"5 or more",38.97,26.12,0.21,57.87,27.71,3.06,,1,0,0,19,4,0
"HEX_CONUS_-1242_-845","CONUS","AZ","Arizona","04003","Cochise",-1242156,-845193,-109.81,32.01,1,"HEX_CONUS_-1342_-845;HEX_CONUS_-1292_-932;HEX_CONUS_-1292_-759;HEX_CONUS_-1192_-932;HEX_CONUS_-1192_-759;HEX_CONUS_-1142_-845",0,0,0,0,0,0,6,619,871.7,412.99,800,100,"5 or more",240.85,28.45,59.44,33.09,22.86,11.27,3,1,0,0,19,4,1
"HEX_CONUS_-1242_-672","CONUS","AZ","Arizona","04007","Gila",-1242156,-671988,-110.1,33.49,1,"HEX_CONUS_-1342_-672;HEX_CONUS_-1292_-759;HEX_CONUS_-1292_-585;HEX_CONUS_-1192_-759;HEX_CONUS_-1192_-585;HEX_CONUS_-1142_-672",0,0,0,0,0,0,0,0,0,0,,2.87,"1–4.99",26.18,30.79,20.17,70.57,32.52,6.34,,1,0,0,19,4,0
"HEX_CONUS_-1242_-499","CONUS","AZ","Arizona","04017","Navajo",-1242156,-498783,-110.39,34.95,1,"HEX_CONUS_-1342_-499;HEX_CONUS_-1292_-585;HEX_CONUS_-1292_-412;HEX_CONUS_-1192_-412;HEX_CONUS_-1192_-585;HEX_CONUS_-1142_-499",0,0,0,0,0,0,6,1035.4,1035.4,466.41,11235.61,9.79,"5 or more",51.37,37.04,61.02,74.83,28.4,0,,1,0,0,19,4,0
"HEX_CONUS_-1242_-326","CONUS","AZ","Arizona","04017","Navajo",-1242156,-325578,-110.7,36.41,1,"HEX_CONUS_-1342_-326;HEX_CONUS_-1292_-239;HEX_CONUS_-1292_-412;HEX_CONUS_-1192_-412;HEX_CONUS_-1192_-239;HEX_CONUS_-1142_-326",0,0,0,0,0,0,0,0,0,118.66,11235.61,9.79,"5 or more",51.37,37.04,61.02,74.83,28.4,0,,1,0,0,19,4,0
"HEX_CONUS_-1242_-152","CONUS","UT","Utah","49017","Garfield",-1242156,-152373,-111.02,37.87,1,"HEX_CONUS_-1342_-152;HEX_CONUS_-1292_-239;HEX_CONUS_-1292_-66;HEX_CONUS_-1192_-239;HEX_CONUS_-1192_-66;HEX_CONUS_-1142_-152",0,0,0,0,0,0,1,4.2,4.2,0,0,5.95,"5 or more",58.56,9.01,7.53,10.69,12.45,2.15,,1,0,0,6,2,1
"HEX_CONUS_-1242_21","CONUS","UT","Utah","49039","Sanpete",-1242156,20832,-111.36,39.32,1,"HEX_CONUS_-1342_21;HEX_CONUS_-1292_-66;HEX_CONUS_-1292_107;HEX_CONUS_-1192_-66;HEX_CONUS_-1192_107;HEX_CONUS_-1142_21",0,0,0,0,0,0,9,2636.1,2636.1,487.6,0,6.77,"5 or more",207.29,6.72,7.91,12.18,5.67,0,,1,0,0,6,2,0
"HEX_CONUS_-1242_194","CONUS","UT","Utah","49035","Salt Lake",-1242156,194037,-111.71,40.77,1,"HEX_CONUS_-1342_194;HEX_CONUS_-1292_281;HEX_CONUS_-1292_107;HEX_CONUS_-1192_107;HEX_CONUS_-1192_281;HEX_CONUS_-1142_194",1,200,1,0,0,0,27,2129,2130.4,292.39,2315,2,"1–4.99",233.48,20.44,3.36,18.31,10.97,0,100,1,0,0,6,2,0
"HEX_CONUS_-1242_367","CONUS","ID","Idaho","16071","Oneida",-1242156,367242,-112.08,42.22,1,"HEX_CONUS_-1342_367;HEX_CONUS_-1292_281;HEX_CONUS_-1292_454;HEX_CONUS_-1192_281;HEX_CONUS_-1192_454;HEX_CONUS_-1142_367",0,0,0,0,0,0,6,177.7,177.7,487.63,0,100,"5 or more",736.99,4.63,8.71,10.42,1.56,0,,1,0,0,7,0,0
"HEX_CONUS_-1242_540","CONUS","ID","Idaho","16051","Jefferson",-1242156,540447,-112.47,43.66,1,"HEX_CONUS_-1342_540;HEX_CONUS_-1292_454;HEX_CONUS_-1292_627;HEX_CONUS_-1192_454;HEX_CONUS_-1192_627;HEX_CONUS_-1142_540",1,60,1,0,1,1,10,302.6,302.6,123.62,0,100,"5 or more",626.79,6.24,12.07,2.65,2.16,0,,1,0,0,7,0,0
"HEX_CONUS_-1242_714","CONUS","MT","Montana","30001","Beaverhead",-1242156,713652,-112.87,45.1,1,"HEX_CONUS_-1342_714;HEX_CONUS_-1292_627;HEX_CONUS_-1292_800;HEX_CONUS_-1192_627;HEX_CONUS_-1192_800;HEX_CONUS_-1142_714",0,0,0,0,0,0,1,80,80,105.06,0,2.17,"1–4.99",836.9,6.95,14.5,8.73,7.29,0,,1,0,0,7,2,0
"HEX_CONUS_-1242_887","CONUS","MT","Montana","30039","Granite",-1242156,886857,-113.29,46.55,1,"HEX_CONUS_-1342_887;HEX_CONUS_-1292_800;HEX_CONUS_-1292_973;HEX_CONUS_-1192_800;HEX_CONUS_-1192_973;HEX_CONUS_-1142_887",0,0,0,0,0,0,1,2,2,356.97,0,0.98,"0.5–0.99",123.13,6.22,6.94,13.75,4.55,0,,1,0,0,7,2,0
"HEX_CONUS_-1242_1060","CONUS","MT","Montana","30029","Flathead",-1242156,1060062,-113.74,47.99,1,"HEX_CONUS_-1342_1060;HEX_CONUS_-1292_1147;HEX_CONUS_-1292_973;HEX_CONUS_-1192_973;HEX_CONUS_-1192_1147;HEX_CONUS_-1142_1060",0,0,0,0,0,0,3,659.9,659.9,118.75,1.9,0.26,"Under 0.5",87.78,14.7,6.71,15.86,12.76,0,3,1,0,0,7,2,0
"HEX_CONUS_-1242_1233","CONUS","MT","Montana","30029","Flathead",-1242156,1233267,-114.21,49.43,0.01,"HEX_CONUS_-1342_1233;HEX_CONUS_-1292_1147;HEX_CONUS_-1192_1147",0,0,0,0,0,0,0,0,0,0,1.9,0.26,"Under 0.5",87.78,14.7,6.71,15.86,12.76,0,3,1,0,0,7,2,0
"HEX_CONUS_-1192_-412","CONUS","AZ","Arizona","04001","Apache",-1192156,-412181,-109.97,35.75,1,"HEX_CONUS_-1292_-412;HEX_CONUS_-1242_-499;HEX_CONUS_-1242_-326;HEX_CONUS_-1142_-499;HEX_CONUS_-1142_-326;HEX_CONUS_-1092_-412",0,0,0,0,0,0,0,0,0,209.59,4268,10.9,"5 or more",31.6,26.76,54.46,45.53,14.96,0,,1,0,0,19,4,0
"HEX_CONUS_-1192_-932","CONUS","AZ","Arizona","04003","Cochise",-1192156,-931796,-109.13,31.33,0.5,"HEX_CONUS_-1292_-932;HEX_CONUS_-1242_-845;HEX_CONUS_-1142_-845;HEX_CONUS_-1092_-932",0,0,0,0,0,0,1,26.1,26.1,0,800,100,"5 or more",240.85,28.45,59.44,33.09,22.86,11.27,3,1,0,0,19,4,0
"HEX_CONUS_-1192_-759","CONUS","AZ","Arizona","04009","Graham",-1192156,-758591,-109.4,32.81,1,"HEX_CONUS_-1292_-759;HEX_CONUS_-1242_-845;HEX_CONUS_-1242_-672;HEX_CONUS_-1142_-845;HEX_CONUS_-1142_-672;HEX_CONUS_-1092_-759",0,0,0,0,0,0,0,0,0,489.72,0,16.6,"5 or more",190.55,13.01,29.64,13.35,9.09,5.85,,1,0,0,19,4,1
"HEX_CONUS_-1192_-585","CONUS","AZ","Arizona","04001","Apache",-1192156,-585386,-109.68,34.28,1,"HEX_CONUS_-1292_-585;HEX_CONUS_-1242_-672;HEX_CONUS_-1242_-499;HEX_CONUS_-1142_-672;HEX_CONUS_-1142_-499;HEX_CONUS_-1092_-585",0,0,0,0,0,0,3,2601,2604,192.01,4268,10.9,"5 or more",31.6,26.76,54.46,45.53,14.96,0,,1,0,0,19,4,0
"HEX_CONUS_-1192_-239","CONUS","UT","Utah","49037","San Juan",-1192156,-238976,-110.27,37.21,1,"HEX_CONUS_-1292_-239;HEX_CONUS_-1242_-326;HEX_CONUS_-1242_-152;HEX_CONUS_-1142_-326;HEX_CONUS_-1142_-152;HEX_CONUS_-1092_-239",0,0,0,0,0,0,1,55.3,55.3,22.36,499,4.18,"1–4.99",23.29,7.34,10.46,12.48,0,2.94,,1,0,0,6,2,0
"HEX_CONUS_-1192_-66","CONUS","UT","Utah","49015","Emery",-1192156,-65771,-110.59,38.66,1,"HEX_CONUS_-1292_-66;HEX_CONUS_-1242_-152;HEX_CONUS_-1242_21;HEX_CONUS_-1142_-152;HEX_CONUS_-1142_21;HEX_CONUS_-1092_-66",0,0,0,0,0,0,0,0,0,40.59,3490,4.75,"1–4.99",153.32,4.52,4.76,3.72,3.68,1.74,,1,0,0,6,2,0
"HEX_CONUS_-1192_107","CONUS","UT","Utah","49051","Wasatch",-1192156,107434,-110.92,40.11,1,"HEX_CONUS_-1292_107;HEX_CONUS_-1242_21;HEX_CONUS_-1242_194;HEX_CONUS_-1142_21;HEX_CONUS_-1142_194;HEX_CONUS_-1092_107",0,0,0,0,0,0,1,1,1,259.97,0,2.43,"1–4.99",91.87,5.41,2.58,10.19,1.77,0,,1,0,0,6,2,0
"HEX_CONUS_-1192_281","CONUS","UT","Utah","49033","Rich",-1192156,280640,-111.27,41.56,1,"HEX_CONUS_-1292_281;HEX_CONUS_-1242_194;HEX_CONUS_-1242_367;HEX_CONUS_-1142_194;HEX_CONUS_-1142_367;HEX_CONUS_-1092_281",0,0,0,0,0,0,6,88.7,88.7,275.31,0,7.04,"5 or more",119.71,3.98,4.65,8.19,1.67,0,,1,0,0,6,2,2
"HEX_CONUS_-1192_454","CONUS","ID","Idaho","16029","Caribou",-1192156,453845,-111.63,43.01,1,"HEX_CONUS_-1292_454;HEX_CONUS_-1242_367;HEX_CONUS_-1242_540;HEX_CONUS_-1142_367;HEX_CONUS_-1142_540;HEX_CONUS_-1092_454",0,0,0,0,0,0,6,474.8,474.8,133.18,0,2.51,"1–4.99",504.97,4.69,9.23,6.62,1.93,0,,1,0,0,7,0,0
"HEX_CONUS_-1192_627","CONUS","ID","Idaho","16033","Clark",-1192156,627050,-112.01,44.45,1,"HEX_CONUS_-1292_627;HEX_CONUS_-1242_540;HEX_CONUS_-1242_714;HEX_CONUS_-1142_540;HEX_CONUS_-1142_714;HEX_CONUS_-1092_627",0,0,0,0,0,0,1,4.8,4.8,36.81,0,2.03,"1–4.99",145.26,10.44,22.17,11.71,4.38,0,,1,0,0,7,0,0
"HEX_CONUS_-1192_800","CONUS","MT","Montana","30043","Jefferson",-1192156,800255,-112.41,45.9,1,"HEX_CONUS_-1292_800;HEX_CONUS_-1242_714;HEX_CONUS_-1242_887;HEX_CONUS_-1142_714;HEX_CONUS_-1142_887;HEX_CONUS_-1092_800",1,150,1,0,0,1,2,258,258,255,0,1.7,"1–4.99",85.95,3.51,4.98,7.59,2.22,0,,1,0,0,7,2,0
"HEX_CONUS_-1192_973","CONUS","MT","Montana","30049","Lewis and Clark",-1192156,973460,-112.82,47.34,1,"HEX_CONUS_-1292_973;HEX_CONUS_-1242_887;HEX_CONUS_-1242_1060;HEX_CONUS_-1142_887;HEX_CONUS_-1142_1060;HEX_CONUS_-1092_973",0,0,0,0,0,0,0,0,0,114.09,18.78,1.26,"1–4.99",176.09,7.71,5.71,13.22,7.39,0,6,1,0,0,7,2,0
"HEX_CONUS_-1192_1147","CONUS","MT","Montana","30035","Glacier",-1192156,1146665,-113.27,48.79,0.79,"HEX_CONUS_-1292_1147;HEX_CONUS_-1242_1060;HEX_CONUS_-1242_1233;HEX_CONUS_-1142_1060;HEX_CONUS_-1092_1147",0,0,0,0,0,0,0,0,0,0,0,1.61,"1–4.99",72.69,11.41,20.74,14.9,9.4,0,,1,0,0,7,2,0
"HEX_CONUS_-1142_-845","CONUS","NM","New Mexico","35023","Hidalgo",-1142156,-845193,-108.71,32.13,1,"HEX_CONUS_-1242_-845;HEX_CONUS_-1192_-932;HEX_CONUS_-1192_-759;HEX_CONUS_-1092_-932;HEX_CONUS_-1092_-759;HEX_CONUS_-1042_-845",0,0,0,0,0,0,3,293.2,293.2,168.53,0,11.4,"5 or more",48.54,5.28,10.45,14.4,5.79,0.37,,0,0,0,0,0,0
"HEX_CONUS_-1142_-672","CONUS","NM","New Mexico","35003","Catron",-1142156,-671988,-108.98,33.61,1,"HEX_CONUS_-1242_-672;HEX_CONUS_-1192_-759;HEX_CONUS_-1192_-585;HEX_CONUS_-1092_-759;HEX_CONUS_-1092_-585;HEX_CONUS_-1042_-672",0,0,0,0,0,0,0,0,0,217.71,,9.02,"5 or more",21.81,11.86,17.24,30.26,5.47,0,,0,0,0,0,0,0
"HEX_CONUS_-1142_-499","CONUS","AZ","Arizona","04001","Apache",-1142156,-498783,-109.25,35.08,1,"HEX_CONUS_-1242_-499;HEX_CONUS_-1192_-412;HEX_CONUS_-1192_-585;HEX_CONUS_-1092_-585;HEX_CONUS_-1092_-412;HEX_CONUS_-1042_-499",0,0,0,0,0,0,0,0,0,188.54,4268,10.9,"5 or more",31.6,26.76,54.46,45.53,14.96,0,,1,0,0,19,4,0
"HEX_CONUS_-1142_-326","CONUS","AZ","Arizona","04001","Apache",-1142156,-325578,-109.53,36.54,1,"HEX_CONUS_-1242_-326;HEX_CONUS_-1192_-412;HEX_CONUS_-1192_-239;HEX_CONUS_-1092_-412;HEX_CONUS_-1092_-239;HEX_CONUS_-1042_-326",0,0,0,0,0,0,0,0,0,148.36,4268,10.9,"5 or more",31.6,26.76,54.46,45.53,14.96,0,,1,0,0,19,4,0
"HEX_CONUS_-1142_-152","CONUS","UT","Utah","49037","San Juan",-1142156,-152373,-109.83,38,1,"HEX_CONUS_-1242_-152;HEX_CONUS_-1192_-239;HEX_CONUS_-1192_-66;HEX_CONUS_-1092_-239;HEX_CONUS_-1092_-66;HEX_CONUS_-1042_-152",0,0,0,0,0,0,1,62.1,62.1,70.84,499,4.18,"1–4.99",23.29,7.34,10.46,12.48,0,2.94,,1,0,0,6,2,0
"HEX_CONUS_-1142_21","CONUS","UT","Utah","49015","Emery",-1142156,20832,-110.14,39.45,1,"HEX_CONUS_-1242_21;HEX_CONUS_-1192_-66;HEX_CONUS_-1192_107;HEX_CONUS_-1092_-66;HEX_CONUS_-1092_107;HEX_CONUS_-1042_21",0,0,0,0,0,0,2,138.1,138.1,27.91,3490,4.75,"1–4.99",153.32,4.52,4.76,3.72,3.68,1.74,,1,0,0,6,2,0
"HEX_CONUS_-1142_194","CONUS","UT","Utah","49043","Summit",-1142156,194037,-110.47,40.9,1,"HEX_CONUS_-1242_194;HEX_CONUS_-1192_107;HEX_CONUS_-1192_281;HEX_CONUS_-1092_107;HEX_CONUS_-1092_281;HEX_CONUS_-1042_194",1,1250,1,0,1,0,3,285,285,0,100,1.58,"1–4.99",58.04,2.47,1.37,4.94,1.42,0,4,1,0,0,6,2,0
"HEX_CONUS_-1142_367","CONUS","WY","Wyoming","56023","Lincoln",-1142156,367242,-110.81,42.35,1,"HEX_CONUS_-1242_367;HEX_CONUS_-1192_281;HEX_CONUS_-1192_454;HEX_CONUS_-1092_281;HEX_CONUS_-1092_454;HEX_CONUS_-1042_367",0,0,0,0,0,0,1,1.7,1.7,391.68,1848,0.95,"0.5–0.99",494.44,7.46,7.22,5.69,3.94,0,,1,0,0,0,0,0
"HEX_CONUS_-1142_540","CONUS","ID","Idaho","16081","Teton",-1142156,540447,-111.16,43.8,1,"HEX_CONUS_-1242_540;HEX_CONUS_-1192_454;HEX_CONUS_-1192_627;HEX_CONUS_-1092_454;HEX_CONUS_-1092_627;HEX_CONUS_-1042_540",0,0,0,0,0,0,5,32.3,32.3,0,0,1.03,"1–4.99",407.45,6.4,7.85,11.72,1.91,0,,1,0,0,7,0,0
"HEX_CONUS_-1142_714","CONUS","MT","Montana","30057","Madison",-1142156,713652,-111.54,45.25,1,"HEX_CONUS_-1242_714;HEX_CONUS_-1192_627;HEX_CONUS_-1192_800;HEX_CONUS_-1092_627;HEX_CONUS_-1092_800;HEX_CONUS_-1042_714",0,0,0,0,0,0,1,16.4,16.4,0,0,0.95,"0.5–0.99",723.94,8.12,14.4,14.28,5.49,0,,1,0,0,7,2,0
"HEX_CONUS_-1142_887","CONUS","MT","Montana","30049","Lewis and Clark",-1142156,886857,-111.93,46.69,1,"HEX_CONUS_-1242_887;HEX_CONUS_-1192_800;HEX_CONUS_-1192_973;HEX_CONUS_-1092_800;HEX_CONUS_-1092_973;HEX_CONUS_-1042_887",0,0,0,0,0,0,5,116.9,131.9,22.47,18.78,1.26,"1–4.99",176.09,7.71,5.71,13.22,7.39,0,6,1,0,0,7,2,0
"HEX_CONUS_-1142_1060","CONUS","MT","Montana","30073","Pondera",-1142156,1060062,-112.34,48.14,1,"HEX_CONUS_-1242_1060;HEX_CONUS_-1192_973;HEX_CONUS_-1192_1147;HEX_CONUS_-1092_973;HEX_CONUS_-1092_1147;HEX_CONUS_-1042_1060",0,0,0,0,0,0,2,210,210,190.15,0,1.5,"1–4.99",136.12,7.29,16.24,4.87,4.26,0,,1,0,0,7,2,0
"HEX_CONUS_-1092_-932","CONUS","NM","New Mexico","35023","Hidalgo",-1092156,-931796,-108.04,31.45,0.27,"HEX_CONUS_-1192_-932;HEX_CONUS_-1142_-845;HEX_CONUS_-1042_-845;HEX_CONUS_-992_-932",0,0,0,0,0,0,0,0,0,0,0,11.4,"5 or more",48.54,5.28,10.45,14.4,5.79,0.37,,0,0,0,0,0,0
"HEX_CONUS_-1092_-759","CONUS","NM","New Mexico","35017","Grant",-1092156,-758591,-108.29,32.93,1,"HEX_CONUS_-1192_-759;HEX_CONUS_-1142_-845;HEX_CONUS_-1142_-672;HEX_CONUS_-1042_-845;HEX_CONUS_-1042_-672;HEX_CONUS_-992_-759",0,0,0,0,0,0,3,1,85.4,0,252,7.31,"5 or more",81.02,15.91,17.14,37.5,15.31,0,,0,0,0,0,0,0
"HEX_CONUS_-1092_-585","CONUS","NM","New Mexico","35003","Catron",-1092156,-585386,-108.54,34.4,1,"HEX_CONUS_-1192_-585;HEX_CONUS_-1142_-672;HEX_CONUS_-1142_-499;HEX_CONUS_-1042_-672;HEX_CONUS_-1042_-499;HEX_CONUS_-992_-585",0,0,0,0,0,0,1,100,100,262.72,,9.02,"5 or more",21.81,11.86,17.24,30.26,5.47,0,,0,0,0,0,0,0
"HEX_CONUS_-1092_-412","CONUS","NM","New Mexico","35031","McKinley",-1092156,-412181,-108.81,35.87,1,"HEX_CONUS_-1192_-412;HEX_CONUS_-1142_-499;HEX_CONUS_-1142_-326;HEX_CONUS_-1042_-499;HEX_CONUS_-1042_-326;HEX_CONUS_-992_-412",0,0,0,0,0,0,1,8,8,391.76,889,17.69,"5 or more",11.79,23.8,22.98,16.76,41.75,0,,0,0,0,0,0,0
"HEX_CONUS_-1092_-239","CONUS","UT","Utah","49037","San Juan",-1092156,-238976,-109.09,37.33,1,"HEX_CONUS_-1192_-239;HEX_CONUS_-1142_-326;HEX_CONUS_-1142_-152;HEX_CONUS_-1042_-326;HEX_CONUS_-1042_-152;HEX_CONUS_-992_-239",0,0,0,0,0,0,6,93.8,93.8,209.7,499,4.18,"1–4.99",23.29,7.34,10.46,12.48,0,2.94,,1,0,0,6,2,0
"HEX_CONUS_-1092_-66","CONUS","UT","Utah","49019","Grand",-1092156,-65771,-109.38,38.79,1,"HEX_CONUS_-1192_-66;HEX_CONUS_-1142_-152;HEX_CONUS_-1142_21;HEX_CONUS_-1042_-152;HEX_CONUS_-1042_21;HEX_CONUS_-992_-66",0,0,0,0,0,0,0,0,0,93.61,0,2.87,"1–4.99",22.97,8.02,5.46,8.98,11.12,0.06,,1,0,0,6,2,1
"HEX_CONUS_-1092_107","CONUS","UT","Utah","49047","Uintah",-1092156,107434,-109.69,40.24,1,"HEX_CONUS_-1192_107;HEX_CONUS_-1142_21;HEX_CONUS_-1142_194;HEX_CONUS_-1042_21;HEX_CONUS_-1042_194;HEX_CONUS_-992_107",0,0,0,0,0,0,2,513.2,513.2,219.82,0,3.33,"1–4.99",239.64,2.63,3.89,3.81,3.36,0,,1,0,0,6,2,0
"HEX_CONUS_-1092_281","CONUS","WY","Wyoming","56037","Sweetwater",-1092156,280640,-110,41.69,1,"HEX_CONUS_-1192_281;HEX_CONUS_-1142_194;HEX_CONUS_-1142_367;HEX_CONUS_-1042_194;HEX_CONUS_-1042_367;HEX_CONUS_-992_281",0,0,0,0,0,0,6,1010.7,1024.2,636.6,1200,3.68,"1–4.99",151.96,2.57,2.84,2.52,3.32,0,,1,0,0,0,0,0
"HEX_CONUS_-1092_454","CONUS","WY","Wyoming","56035","Sublette",-1092156,453845,-110.34,43.14,1,"HEX_CONUS_-1192_454;HEX_CONUS_-1142_367;HEX_CONUS_-1142_540;HEX_CONUS_-1042_367;HEX_CONUS_-1042_540;HEX_CONUS_-992_454",0,0,0,0,0,0,1,1.5,1.5,0,0,1.08,"1–4.99",658.9,2.48,1.82,4.17,1.36,0,,1,0,0,0,0,0
"HEX_CONUS_-1092_627","CONUS","WY","Wyoming","56039","Teton",-1092156,627050,-110.69,44.59,1,"HEX_CONUS_-1192_627;HEX_CONUS_-1142_540;HEX_CONUS_-1142_714;HEX_CONUS_-1042_540;HEX_CONUS_-1042_714;HEX_CONUS_-992_627",0,0,0,0,0,0,2,0,4.7,0,,0.36,"Under 0.5",111.52,6.51,2.71,9.17,2.73,0,4,1,0,0,0,0,0
"HEX_CONUS_-1092_800","CONUS","MT","Montana","30031","Gallatin",-1092156,800255,-111.05,46.04,1,"HEX_CONUS_-1192_800;HEX_CONUS_-1142_714;HEX_CONUS_-1142_887;HEX_CONUS_-1042_714;HEX_CONUS_-1042_887;HEX_CONUS_-992_800",0,0,0,0,0,0,2,11.7,11.7,288.34,2,0.86,"0.5–0.99",483.92,5.91,7.07,8.07,4.2,0,9,1,0,0,7,2,0
"HEX_CONUS_-1092_973","CONUS","MT","Montana","30013","Cascade",-1092156,973460,-111.44,47.49,1,"HEX_CONUS_-1192_973;HEX_CONUS_-1142_887;HEX_CONUS_-1142_1060;HEX_CONUS_-1042_887;HEX_CONUS_-1042_1060;HEX_CONUS_-992_973",1,550,1,0,1,0,10,324.3,324.3,270.62,70,1.72,"1–4.99",189.95,9.65,11.47,9.88,9.87,0,,1,0,0,7,2,0
"HEX_CONUS_-1092_1147","CONUS","MT","Montana","30101","Toole",-1092156,1146665,-111.85,48.94,0.58,"HEX_CONUS_-1192_1147;HEX_CONUS_-1142_1060;HEX_CONUS_-1042_1060;HEX_CONUS_-992_1147",0,0,0,0,0,0,1,189,189,103.05,,3.43,"1–4.99",20.8,4.65,10.46,1.39,2.56,0,,1,0,0,7,2,0
"HEX_CONUS_-1042_-845","CONUS","NM","New Mexico","35029","Luna",-1042156,-845193,-107.61,32.24,1,"HEX_CONUS_-1142_-845;HEX_CONUS_-1092_-932;HEX_CONUS_-1092_-759;HEX_CONUS_-992_-932;HEX_CONUS_-992_-759;HEX_CONUS_-942_-845",0,0,0,0,0,0,6,794.4,794.4,320.75,893.25,6.76,"5 or more",108.94,19.88,45.91,17.24,16.97,0,,0,0,0,0,0,0
"HEX_CONUS_-1042_-672","CONUS","NM","New Mexico","35003","Catron",-1042156,-671988,-107.85,33.72,1,"HEX_CONUS_-1142_-672;HEX_CONUS_-1092_-759;HEX_CONUS_-1092_-585;HEX_CONUS_-992_-759;HEX_CONUS_-992_-585;HEX_CONUS_-942_-672",0,0,0,0,0,0,0,0,0,124.17,,9.02,"5 or more",21.81,11.86,17.24,30.26,5.47,0,,0,0,0,0,0,0
"HEX_CONUS_-1042_-499","CONUS","NM","New Mexico","35006","Cibola",-1042156,-498783,-108.1,35.19,1,"HEX_CONUS_-1142_-499;HEX_CONUS_-1092_-585;HEX_CONUS_-1092_-412;HEX_CONUS_-992_-412;HEX_CONUS_-992_-585;HEX_CONUS_-942_-499",0,0,0,0,0,0,4,256.4,256.4,71.95,375,65.1,"5 or more",9.68,12.19,5.16,13.24,20.93,0,,0,0,0,0,0,0
"HEX_CONUS_-1042_-326","CONUS","NM","New Mexico","35045","San Juan",-1042156,-325578,-108.36,36.66,1,"HEX_CONUS_-1142_-326;HEX_CONUS_-1092_-412;HEX_CONUS_-1092_-239;HEX_CONUS_-992_-412;HEX_CONUS_-992_-239;HEX_CONUS_-942_-326",0,0,0,0,0,0,3,2003.2,2003.2,800.28,1841.9,3.17,"1–4.99",253.12,12.85,27.14,13.19,12.78,0,,0,0,0,0,0,0
"HEX_CONUS_-1042_-152","CONUS","CO","Colorado","08113","San Miguel",-1042156,-152373,-108.64,38.12,1,"HEX_CONUS_-1142_-152;HEX_CONUS_-1092_-239;HEX_CONUS_-1092_-66;HEX_CONUS_-992_-239;HEX_CONUS_-992_-66;HEX_CONUS_-942_-152",0,0,0,0,0,0,1,1,1,143.9,,2.44,"1–4.99",48.34,4.87,2.07,4.93,3.72,0,,0,0,0,3,0,0
"HEX_CONUS_-1042_21","CONUS","CO","Colorado","08045","Garfield",-1042156,20832,-108.92,39.57,1,"HEX_CONUS_-1142_21;HEX_CONUS_-1092_-66;HEX_CONUS_-1092_107;HEX_CONUS_-992_-66;HEX_CONUS_-992_107;HEX_CONUS_-942_21",0,0,0,0,0,0,1,26.6,26.6,30.42,19.9,1.11,"1–4.99",266.98,7.27,5.3,11.84,6.7,0,,0,0,0,3,0,0
"HEX_CONUS_-1042_194","CONUS","WY","Wyoming","56037","Sweetwater",-1042156,194037,-109.22,41.03,1,"HEX_CONUS_-1142_194;HEX_CONUS_-1092_107;HEX_CONUS_-1092_281;HEX_CONUS_-992_107;HEX_CONUS_-992_281;HEX_CONUS_-942_194",0,0,0,0,0,0,1,151.8,151.8,75.97,1200,3.68,"1–4.99",151.96,2.57,2.84,2.52,3.32,0,,1,0,0,0,0,0
"HEX_CONUS_-1042_367","CONUS","WY","Wyoming","56035","Sublette",-1042156,367242,-109.53,42.48,1,"HEX_CONUS_-1142_367;HEX_CONUS_-1092_281;HEX_CONUS_-1092_454;HEX_CONUS_-992_281;HEX_CONUS_-992_454;HEX_CONUS_-942_367",0,0,0,0,0,0,0,0,0,90.78,0,1.08,"1–4.99",658.9,2.48,1.82,4.17,1.36,0,,1,0,0,0,0,0
"HEX_CONUS_-1042_540","CONUS","WY","Wyoming","56029","Park",-1042156,540447,-109.86,43.93,1,"HEX_CONUS_-1142_540;HEX_CONUS_-1092_454;HEX_CONUS_-1092_627;HEX_CONUS_-992_454;HEX_CONUS_-992_627;HEX_CONUS_-942_540",0,0,0,0,0,0,0,0,0,0,0,0.69,"0.5–0.99",657.35,9.35,13.53,10.97,6.56,0,,1,0,0,0,0,0
"HEX_CONUS_-1042_714","CONUS","MT","Montana","30097","Sweet Grass",-1042156,713652,-110.2,45.38,1,"HEX_CONUS_-1142_714;HEX_CONUS_-1092_627;HEX_CONUS_-1092_800;HEX_CONUS_-992_627;HEX_CONUS_-992_800;HEX_CONUS_-942_714",0,0,0,0,0,0,1,12,12,0,0,0.67,"0.5–0.99",258.57,3.84,7.67,5.92,4.37,0,,1,0,0,7,2,0
"HEX_CONUS_-1042_887","CONUS","MT","Montana","30045","Judith Basin",-1042156,886857,-110.56,46.83,1,"HEX_CONUS_-1142_887;HEX_CONUS_-1092_800;HEX_CONUS_-1092_973;HEX_CONUS_-992_800;HEX_CONUS_-992_973;HEX_CONUS_-942_887",0,0,0,0,0,0,1,17.7,17.7,107.28,0,2.2,"1–4.99",134.3,4.6,11.17,4.97,0,0,,1,0,0,7,2,0
"HEX_CONUS_-1042_1060","CONUS","MT","Montana","30051","Liberty",-1042156,1060062,-110.94,48.28,1,"HEX_CONUS_-1142_1060;HEX_CONUS_-1092_973;HEX_CONUS_-1092_1147;HEX_CONUS_-992_973;HEX_CONUS_-992_1147;HEX_CONUS_-942_1060",0,0,0,0,0,0,1,7.5,7.5,0,0,3.88,"1–4.99",39.24,7.11,17.7,0.84,4.04,0,,1,0,0,7,2,0
"HEX_CONUS_-992_-412","CONUS","NM","New Mexico","35031","McKinley",-992156,-412181,-107.65,35.98,1,"HEX_CONUS_-1092_-412;HEX_CONUS_-1042_-499;HEX_CONUS_-1042_-326;HEX_CONUS_-942_-499;HEX_CONUS_-942_-326;HEX_CONUS_-892_-412",0,0,0,0,0,0,3,570,570,339.44,889,17.69,"5 or more",11.79,23.8,22.98,16.76,41.75,0,,0,0,0,0,0,0
"HEX_CONUS_-992_-932","CONUS","NM","New Mexico","35013","Doña Ana",-992156,-931796,-106.95,31.55,0.19,"HEX_CONUS_-1092_-932;HEX_CONUS_-1042_-845;HEX_CONUS_-942_-845;HEX_CONUS_-892_-932",1,700,1,0,1,1,4,425.9,425.9,33.45,953,100,"5 or more",411.78,25.21,55.61,12.04,14.47,0,4,0,0,0,0,0,0
"HEX_CONUS_-992_-759","CONUS","NM","New Mexico","35051","Sierra",-992156,-758591,-107.17,33.03,1,"HEX_CONUS_-1092_-759;HEX_CONUS_-1042_-845;HEX_CONUS_-1042_-672;HEX_CONUS_-942_-845;HEX_CONUS_-942_-672;HEX_CONUS_-892_-759",0,0,0,0,0,0,4,35.8,35.8,297.98,600,100,"5 or more",36.29,17.23,33.63,28.86,20.95,0,,0,0,0,0,0,0
"HEX_CONUS_-992_-585","CONUS","NM","New Mexico","35053","Socorro",-992156,-585386,-107.41,34.51,1,"HEX_CONUS_-1092_-585;HEX_CONUS_-1042_-672;HEX_CONUS_-1042_-499;HEX_CONUS_-942_-672;HEX_CONUS_-942_-499;HEX_CONUS_-892_-585",0,0,0,0,0,0,0,0,0,105.73,0,13.79,"5 or more",124.25,18.48,36.33,17.68,24.24,0,,0,0,0,0,0,0
"HEX_CONUS_-992_-239","CONUS","CO","Colorado","08067","La Plata",-992156,-238976,-107.91,37.44,1,"HEX_CONUS_-1092_-239;HEX_CONUS_-1042_-326;HEX_CONUS_-1042_-152;HEX_CONUS_-942_-326;HEX_CONUS_-942_-152;HEX_CONUS_-892_-239",0,0,0,0,0,0,5,21.8,21.8,138.41,0,1.19,"1–4.99",332.17,6.97,4.71,16.4,5.92,0,3,0,0,0,3,0,0
"HEX_CONUS_-992_-66","CONUS","CO","Colorado","08077","Mesa",-992156,-65771,-108.17,38.9,1,"HEX_CONUS_-1092_-66;HEX_CONUS_-1042_-152;HEX_CONUS_-1042_21;HEX_CONUS_-942_-152;HEX_CONUS_-942_21;HEX_CONUS_-892_-66",0,0,0,0,0,0,11,40.1,40.1,285.4,4.5,1.49,"1–4.99",850.62,8.85,12.02,14.82,11.86,0,10,0,0,0,3,0,1
"HEX_CONUS_-992_107","CONUS","CO","Colorado","08081","Moffat",-992156,107434,-108.45,40.36,1,"HEX_CONUS_-1092_107;HEX_CONUS_-1042_21;HEX_CONUS_-1042_194;HEX_CONUS_-942_21;HEX_CONUS_-942_194;HEX_CONUS_-892_107",0,0,0,0,0,0,2,6.3,6.3,266.43,544.5,1.52,"1–4.99",138.54,3.4,4.14,6.81,3.41,0,,0,0,0,3,0,0
"HEX_CONUS_-992_281","CONUS","WY","Wyoming","56037","Sweetwater",-992156,280640,-108.74,41.81,1,"HEX_CONUS_-1092_281;HEX_CONUS_-1042_194;HEX_CONUS_-1042_367;HEX_CONUS_-942_194;HEX_CONUS_-942_367;HEX_CONUS_-892_281",0,0,0,0,0,0,2,2337.5,2337.5,562.78,1200,3.68,"1–4.99",151.96,2.57,2.84,2.52,3.32,0,,1,0,0,0,0,0
"HEX_CONUS_-992_454","CONUS","WY","Wyoming","56013","Fremont",-992156,453845,-109.04,43.26,1,"HEX_CONUS_-1092_454;HEX_CONUS_-1042_367;HEX_CONUS_-1042_540;HEX_CONUS_-942_367;HEX_CONUS_-942_540;HEX_CONUS_-892_454",0,0,0,0,0,0,1,0,1.6,53,74.9,1.73,"1–4.99",984.9,12.82,14.9,20.92,12.46,0,,1,0,0,0,0,0
"HEX_CONUS_-992_627","CONUS","WY","Wyoming","56029","Park",-992156,627050,-109.36,44.71,1,"HEX_CONUS_-1092_627;HEX_CONUS_-1042_540;HEX_CONUS_-1042_714;HEX_CONUS_-942_540;HEX_CONUS_-942_714;HEX_CONUS_-892_627",0,0,0,0,0,0,6,34.4,35.4,51.64,0,0.69,"0.5–0.99",657.35,9.35,13.53,10.97,6.56,0,,1,0,0,0,0,0
"HEX_CONUS_-992_800","CONUS","MT","Montana","30097","Sweet Grass",-992156,800255,-109.7,46.17,1,"HEX_CONUS_-1092_800;HEX_CONUS_-1042_714;HEX_CONUS_-1042_887;HEX_CONUS_-942_714;HEX_CONUS_-942_887;HEX_CONUS_-892_800",0,0,0,0,0,0,7,271.4,271.4,396.84,0,0.67,"0.5–0.99",258.57,3.84,7.67,5.92,4.37,0,,1,0,0,7,2,0
"HEX_CONUS_-992_973","CONUS","MT","Montana","30015","Chouteau",-992156,973460,-110.05,47.62,1,"HEX_CONUS_-1092_973;HEX_CONUS_-1042_887;HEX_CONUS_-1042_1060;HEX_CONUS_-942_887;HEX_CONUS_-942_1060;HEX_CONUS_-892_973",0,0,0,0,0,0,2,120,120,0,0,2.54,"1–4.99",91.97,8.19,19.07,4.43,0,0,,1,0,0,7,2,0
"HEX_CONUS_-992_1147","CONUS","MT","Montana","30041","Hill",-992156,1146665,-110.42,49.07,0.4,"HEX_CONUS_-1092_1147;HEX_CONUS_-1042_1060;HEX_CONUS_-942_1060;HEX_CONUS_-892_1147",0,0,0,0,0,0,0,0,0,0,0,8.68,"5 or more",51.44,6.77,12.56,3.91,5.2,0,,1,0,0,7,2,0
"HEX_CONUS_-942_-845","CONUS","NM","New Mexico","35013","Doña Ana",-942156,-845193,-106.51,32.34,1,"HEX_CONUS_-1042_-845;HEX_CONUS_-992_-932;HEX_CONUS_-992_-759;HEX_CONUS_-892_-932;HEX_CONUS_-892_-759;HEX_CONUS_-842_-845",2,1000,1,1,1,0,9,1612.1,1612.1,307.07,953,100,"5 or more",411.78,25.21,55.61,12.04,14.47,0,4,0,0,0,0,0,0
"HEX_CONUS_-942_-672","CONUS","NM","New Mexico","35053","Socorro",-942156,-671988,-106.73,33.82,1,"HEX_CONUS_-1042_-672;HEX_CONUS_-992_-759;HEX_CONUS_-992_-585;HEX_CONUS_-892_-759;HEX_CONUS_-892_-585;HEX_CONUS_-842_-672",1,2000,1,0,0,1,0,0,0,188.06,0,13.79,"5 or more",124.25,18.48,36.33,17.68,24.24,0,,0,0,0,0,0,1
"HEX_CONUS_-942_-499","CONUS","NM","New Mexico","35043","Sandoval",-942156,-498783,-106.95,35.29,1,"HEX_CONUS_-1042_-499;HEX_CONUS_-992_-412;HEX_CONUS_-992_-585;HEX_CONUS_-892_-585;HEX_CONUS_-892_-412;HEX_CONUS_-842_-499",3,0,0,3,0,0,24,1206.5,1251.5,422.09,640,10.22,"5 or more",63.85,13.29,11.18,14.57,20.27,0,,0,0,0,0,0,0
"HEX_CONUS_-942_-326","CONUS","NM","New Mexico","35039","Rio Arriba",-942156,-325578,-107.19,36.76,1,"HEX_CONUS_-1042_-326;HEX_CONUS_-992_-412;HEX_CONUS_-992_-239;HEX_CONUS_-892_-412;HEX_CONUS_-892_-239;HEX_CONUS_-842_-326",0,0,0,0,0,0,2,38,38,20.43,0,2.06,"1–4.99",105.37,15.67,18.55,29.16,17.77,0,,0,0,0,0,0,0
"HEX_CONUS_-942_-152","CONUS","CO","Colorado","08051","Gunnison",-942156,-152373,-107.44,38.22,1,"HEX_CONUS_-1042_-152;HEX_CONUS_-992_-239;HEX_CONUS_-992_-66;HEX_CONUS_-892_-239;HEX_CONUS_-892_-66;HEX_CONUS_-842_-152",0,0,0,0,0,0,8,310.3,310.3,171.04,,0.94,"0.5–0.99",532.05,4.3,3.7,3.43,5.08,0,,0,0,0,3,0,0
"HEX_CONUS_-942_21","CONUS","CO","Colorado","08045","Garfield",-942156,20832,-107.69,39.68,1,"HEX_CONUS_-1042_21;HEX_CONUS_-992_-66;HEX_CONUS_-992_107;HEX_CONUS_-892_-66;HEX_CONUS_-892_107;HEX_CONUS_-842_21",0,0,0,0,0,0,8,27.9,33.7,513.95,19.9,1.11,"1–4.99",266.98,7.27,5.3,11.84,6.7,0,,0,0,0,3,0,0
"HEX_CONUS_-942_194","CONUS","WY","Wyoming","56037","Sweetwater",-942156,194037,-107.96,41.14,1,"HEX_CONUS_-1042_194;HEX_CONUS_-992_107;HEX_CONUS_-992_281;HEX_CONUS_-892_107;HEX_CONUS_-892_281;HEX_CONUS_-842_194",0,0,0,0,0,0,0,0,0,119.1,1200,3.68,"1–4.99",151.96,2.57,2.84,2.52,3.32,0,,1,0,0,0,0,0
"HEX_CONUS_-942_367","CONUS","WY","Wyoming","56013","Fremont",-942156,367242,-108.25,42.59,1,"HEX_CONUS_-1042_367;HEX_CONUS_-992_281;HEX_CONUS_-992_454;HEX_CONUS_-892_281;HEX_CONUS_-892_454;HEX_CONUS_-842_367",0,0,0,0,0,0,2,14.8,14.8,199.78,74.9,1.73,"1–4.99",984.9,12.82,14.9,20.92,12.46,0,,1,0,0,0,0,0
"HEX_CONUS_-942_540","CONUS","WY","Wyoming","56017","Hot Springs",-942156,540447,-108.54,44.05,1,"HEX_CONUS_-1042_540;HEX_CONUS_-992_454;HEX_CONUS_-992_627;HEX_CONUS_-892_454;HEX_CONUS_-892_627;HEX_CONUS_-842_540",0,0,0,0,0,0,0,0,0,104.01,,3.7,"1–4.99",70.96,8.74,7.17,6.92,5.86,0,,1,0,0,0,0,0
"HEX_CONUS_-942_714","CONUS","MT","Montana","30009","Carbon",-942156,713652,-108.85,45.5,1,"HEX_CONUS_-1042_714;HEX_CONUS_-992_627;HEX_CONUS_-992_800;HEX_CONUS_-892_627;HEX_CONUS_-892_800;HEX_CONUS_-842_714",1,17.5,1,0,1,1,7,598.3,599.9,241.74,0,0.87,"0.5–0.99",509.78,7.36,12.98,12.22,8.08,0,,1,0,0,7,2,0
"HEX_CONUS_-942_887","CONUS","MT","Montana","30027","Fergus",-942156,886857,-109.18,46.95,1,"HEX_CONUS_-1042_887;HEX_CONUS_-992_800;HEX_CONUS_-992_973;HEX_CONUS_-892_973;HEX_CONUS_-892_800;HEX_CONUS_-842_887",0,0,0,0,0,0,0,0,0,8.74,0,3.5,"1–4.99",126.83,7.36,13.36,7.6,4.83,0,,1,0,0,7,2,0
"HEX_CONUS_-942_1060","CONUS","MT","Montana","30041","Hill",-942156,1060062,-109.52,48.41,1,"HEX_CONUS_-1042_1060;HEX_CONUS_-992_973;HEX_CONUS_-992_1147;HEX_CONUS_-892_973;HEX_CONUS_-892_1147;HEX_CONUS_-842_1060",0,0,0,0,0,0,0,0,0,0,0,8.68,"5 or more",51.44,6.77,12.56,3.91,5.2,0,,1,0,0,7,2,0
"HEX_CONUS_-892_973","CONUS","MT","Montana","30071","Phillips",-892156,973460,-108.65,47.74,1,"HEX_CONUS_-992_973;HEX_CONUS_-942_887;HEX_CONUS_-942_1060;HEX_CONUS_-842_887;HEX_CONUS_-842_1060;HEX_CONUS_-792_973",0,0,0,0,0,0,0,0,0,0,0,11.36,"5 or more",317.32,5.43,8.47,4.63,7.57,0,,1,0,0,7,2,0
"HEX_CONUS_-892_-932","CONUS","TX","Texas","48229","Hudspeth",-892156,-931796,-105.85,31.65,0.87,"HEX_CONUS_-992_-932;HEX_CONUS_-942_-845;HEX_CONUS_-842_-1018;HEX_CONUS_-842_-845;HEX_CONUS_-792_-932",2,5,1,0,2,0,6,633.2,640.2,66.24,250,100,"5 or more",82.33,6.62,0,5.31,13.19,0,,1,1,0,8,1,0
"HEX_CONUS_-892_-759","CONUS","NM","New Mexico","35035","Otero",-892156,-758591,-106.06,33.13,1,"HEX_CONUS_-992_-759;HEX_CONUS_-942_-845;HEX_CONUS_-942_-672;HEX_CONUS_-842_-845;HEX_CONUS_-842_-672;HEX_CONUS_-792_-759",0,0,0,0,0,0,3,18,18,0,746,7.4,"5 or more",30.97,24.44,21.87,49.63,31.54,0,,0,0,0,0,0,0
"HEX_CONUS_-892_-585","CONUS","NM","New Mexico","35057","Torrance",-892156,-585386,-106.27,34.61,1,"HEX_CONUS_-992_-585;HEX_CONUS_-942_-672;HEX_CONUS_-942_-499;HEX_CONUS_-842_-672;HEX_CONUS_-842_-499;HEX_CONUS_-792_-585",0,0,0,0,0,0,14,964.5,964.5,291.82,556.9,29.56,"5 or more",43.73,10.87,24.08,11.39,10.47,0,,0,0,0,0,0,0
"HEX_CONUS_-892_-412","CONUS","NM","New Mexico","35039","Rio Arriba",-892156,-412181,-106.49,36.08,1,"HEX_CONUS_-992_-412;HEX_CONUS_-942_-499;HEX_CONUS_-942_-326;HEX_CONUS_-842_-499;HEX_CONUS_-842_-326;HEX_CONUS_-792_-412",0,0,0,0,0,0,5,23.1,23.1,123.15,0,2.06,"1–4.99",105.37,15.67,18.55,29.16,17.77,0,,0,0,0,0,0,0
"HEX_CONUS_-892_-239","CONUS","CO","Colorado","08079","Mineral",-892156,-238976,-106.72,37.54,1,"HEX_CONUS_-992_-239;HEX_CONUS_-942_-326;HEX_CONUS_-942_-152;HEX_CONUS_-842_-326;HEX_CONUS_-842_-152;HEX_CONUS_-792_-239",0,0,0,0,0,0,1,2.7,2.7,0,,0.78,"0.5–0.99",7.29,5.31,1.45,6.73,5.98,0,,0,0,0,3,0,1
"HEX_CONUS_-892_-66","CONUS","CO","Colorado","08051","Gunnison",-892156,-65771,-106.96,39,1,"HEX_CONUS_-992_-66;HEX_CONUS_-942_-152;HEX_CONUS_-942_21;HEX_CONUS_-842_-152;HEX_CONUS_-842_21;HEX_CONUS_-792_-66",0,0,0,0,0,0,3,11.5,11.5,112.08,,0.94,"0.5–0.99",532.05,4.3,3.7,3.43,5.08,0,,0,0,0,3,0,0
"HEX_CONUS_-892_107","CONUS","CO","Colorado","08107","Routt",-892156,107434,-107.21,40.46,1,"HEX_CONUS_-992_107;HEX_CONUS_-942_21;HEX_CONUS_-942_194;HEX_CONUS_-842_21;HEX_CONUS_-842_194;HEX_CONUS_-792_107",0,0,0,0,0,0,3,1897,1897,429.33,0,0.85,"0.5–0.99",183.01,3.01,2.96,5.36,3.41,0,,0,0,0,3,0,0
"HEX_CONUS_-892_281","CONUS","WY","Wyoming","56007","Carbon",-892156,280640,-107.47,41.92,1,"HEX_CONUS_-992_281;HEX_CONUS_-942_194;HEX_CONUS_-942_367;HEX_CONUS_-842_194;HEX_CONUS_-842_367;HEX_CONUS_-792_281",0,0,0,0,0,0,3,90.2,92.6,360.99,2662.2,2.35,"1–4.99",903.64,4.5,6.49,5.85,5.4,0,,1,0,0,0,0,0
"HEX_CONUS_-892_454","CONUS","WY","Wyoming","56013","Fremont",-892156,453845,-107.74,43.37,1,"HEX_CONUS_-992_454;HEX_CONUS_-942_367;HEX_CONUS_-942_540;HEX_CONUS_-842_367;HEX_CONUS_-842_540;HEX_CONUS_-792_454",0,0,0,0,0,0,1,15,15,189.67,74.9,1.73,"1–4.99",984.9,12.82,14.9,20.92,12.46,0,,1,0,0,0,0,0
"HEX_CONUS_-892_627","CONUS","WY","Wyoming","56003","Big Horn",-892156,627050,-108.03,44.83,1,"HEX_CONUS_-992_627;HEX_CONUS_-942_540;HEX_CONUS_-942_714;HEX_CONUS_-842_540;HEX_CONUS_-842_714;HEX_CONUS_-792_627",0,0,0,0,0,0,0,0,0,96.54,0,1.86,"1–4.99",597.64,7.03,13.1,4.57,9.96,0,,1,0,0,0,0,0
"HEX_CONUS_-892_800","CONUS","MT","Montana","30065","Musselshell",-892156,800255,-108.33,46.28,1,"HEX_CONUS_-992_800;HEX_CONUS_-942_714;HEX_CONUS_-942_887;HEX_CONUS_-842_714;HEX_CONUS_-842_887;HEX_CONUS_-792_800",1,750,1,0,1,0,2,4.8,4.8,253.93,70,10.15,"5 or more",74.68,4.69,7.69,8.14,6.83,0,,1,0,0,7,2,0
"HEX_CONUS_-892_1147","CONUS","MT","Montana","30005","Blaine",-892156,1146665,-108.98,49.19,0.23,"HEX_CONUS_-992_1147;HEX_CONUS_-942_1060;HEX_CONUS_-842_1060;HEX_CONUS_-792_1147",0,0,0,0,0,0,0,0,0,0,0,11.42,"5 or more",345.18,8.2,14.97,7.63,10.33,0,,1,0,0,7,2,0
"HEX_CONUS_-842_-1192","CONUS","TX","Texas","48377","Presidio",-842156,-1191604,-105.03,29.45,0,"HEX_CONUS_-792_-1105;HEX_CONUS_-742_-1192",0,0,0,0,0,0,0,0,0,0,,100,"5 or more",5.46,14.84,0,31.4,23.16,11.78,,1,1,0,8,1,0
"HEX_CONUS_-842_-1018","CONUS","TX","Texas","48229","Hudspeth",-842156,-1018399,-105.21,30.95,0.67,"HEX_CONUS_-892_-932;HEX_CONUS_-792_-1105;HEX_CONUS_-792_-932;HEX_CONUS_-742_-1018",0,0,0,0,0,0,0,0,0,0,250,100,"5 or more",82.33,6.62,0,5.31,13.19,0,,1,1,0,8,1,0
"HEX_CONUS_-842_-845","CONUS","NM","New Mexico","35035","Otero",-842156,-845193,-105.4,32.43,1,"HEX_CONUS_-942_-845;HEX_CONUS_-892_-932;HEX_CONUS_-892_-759;HEX_CONUS_-792_-932;HEX_CONUS_-792_-759;HEX_CONUS_-742_-845",0,0,0,0,0,0,0,0,0,107.77,746,7.4,"5 or more",30.97,24.44,21.87,49.63,31.54,0,,0,0,0,0,0,0
"HEX_CONUS_-842_-672","CONUS","NM","New Mexico","35027","Lincoln",-842156,-671988,-105.6,33.91,1,"HEX_CONUS_-942_-672;HEX_CONUS_-892_-759;HEX_CONUS_-892_-585;HEX_CONUS_-792_-759;HEX_CONUS_-792_-585;HEX_CONUS_-742_-672",0,0,0,0,0,0,2,353,353,123.21,0,10.77,"5 or more",23.76,18.08,11.62,41.17,22.06,0,,0,0,0,0,0,0
"HEX_CONUS_-842_-499","CONUS","NM","New Mexico","35049","Santa Fe",-842156,-498783,-105.8,35.39,1,"HEX_CONUS_-942_-499;HEX_CONUS_-892_-585;HEX_CONUS_-892_-412;HEX_CONUS_-792_-412;HEX_CONUS_-792_-585;HEX_CONUS_-742_-499",0,0,0,0,0,0,1,9.5,9.5,290.19,1575,8.48,"5 or more",34.82,17.76,21.88,37.2,15.67,0,10,0,0,0,0,0,1
"HEX_CONUS_-842_-326","CONUS","NM","New Mexico","35039","Rio Arriba",-842156,-325578,-106.01,36.86,1,"HEX_CONUS_-942_-326;HEX_CONUS_-892_-412;HEX_CONUS_-892_-239;HEX_CONUS_-792_-412;HEX_CONUS_-792_-239;HEX_CONUS_-742_-326",0,0,0,0,0,0,6,7.9,7.9,0,0,2.06,"1–4.99",105.37,15.67,18.55,29.16,17.77,0,,0,0,0,0,0,0
"HEX_CONUS_-842_-152","CONUS","CO","Colorado","08109","Saguache",-842156,-152373,-106.23,38.32,1,"HEX_CONUS_-942_-152;HEX_CONUS_-892_-239;HEX_CONUS_-892_-66;HEX_CONUS_-792_-239;HEX_CONUS_-792_-66;HEX_CONUS_-742_-152",0,0,0,0,0,0,2,3.6,3.6,187.67,170,4.71,"1–4.99",367.63,7.76,15.97,6.23,2.85,0,,0,0,0,3,0,0
"HEX_CONUS_-842_21","CONUS","CO","Colorado","08037","Eagle",-842156,20832,-106.46,39.78,1,"HEX_CONUS_-942_21;HEX_CONUS_-892_-66;HEX_CONUS_-892_107;HEX_CONUS_-792_-66;HEX_CONUS_-792_107;HEX_CONUS_-742_21",0,0,0,0,0,0,5,37.7,53.5,293.82,0,0.82,"0.5–0.99",144.63,4.27,2.06,3.73,4.52,0,8,0,0,0,3,0,0
"HEX_CONUS_-842_194","CONUS","WY","Wyoming","56007","Carbon",-842156,194037,-106.71,41.24,1,"HEX_CONUS_-942_194;HEX_CONUS_-892_107;HEX_CONUS_-892_281;HEX_CONUS_-792_107;HEX_CONUS_-792_281;HEX_CONUS_-742_194",0,0,0,0,0,0,0,0,0,0,2662.2,2.35,"1–4.99",903.64,4.5,6.49,5.85,5.4,0,,1,0,0,0,0,0
"HEX_CONUS_-842_367","CONUS","WY","Wyoming","56025","Natrona",-842156,367242,-106.96,42.7,1,"HEX_CONUS_-942_367;HEX_CONUS_-892_281;HEX_CONUS_-892_454;HEX_CONUS_-792_281;HEX_CONUS_-792_454;HEX_CONUS_-742_367",0,0,0,0,0,0,2,108.2,108.2,299.76,409,4.23,"1–4.99",157.83,6.47,6.83,12.44,6.01,0,7,1,0,0,0,0,0
"HEX_CONUS_-842_540","CONUS","WY","Wyoming","56043","Washakie",-842156,540447,-107.22,44.15,1,"HEX_CONUS_-942_540;HEX_CONUS_-892_454;HEX_CONUS_-892_627;HEX_CONUS_-792_454;HEX_CONUS_-792_627;HEX_CONUS_-742_540",0,0,0,0,0,0,0,0,0,79.34,0,4.53,"1–4.99",268.65,5.18,10.95,6.11,4.95,0,,1,0,0,0,0,0
"HEX_CONUS_-842_714","CONUS","MT","Montana","30003","Big Horn",-842156,713652,-107.5,45.61,1,"HEX_CONUS_-942_714;HEX_CONUS_-892_627;HEX_CONUS_-892_800;HEX_CONUS_-792_627;HEX_CONUS_-792_800;HEX_CONUS_-742_714",0,0,0,0,0,0,3,396.9,396.9,420.03,308,2.79,"1–4.99",330.54,12.22,23.85,18.54,14.22,0,,1,0,0,7,2,0
"HEX_CONUS_-842_887","CONUS","MT","Montana","30033","Garfield",-842156,886857,-107.8,47.06,1,"HEX_CONUS_-942_887;HEX_CONUS_-892_973;HEX_CONUS_-892_800;HEX_CONUS_-792_800;HEX_CONUS_-792_973;HEX_CONUS_-742_887",0,0,0,0,0,0,0,0,0,0,,6.24,"5 or more",12.38,4.29,7.51,7.66,4.88,0,,1,0,0,7,2,0
"HEX_CONUS_-842_1060","CONUS","MT","Montana","30071","Phillips",-842156,1060062,-108.1,48.52,1,"HEX_CONUS_-942_1060;HEX_CONUS_-892_973;HEX_CONUS_-892_1147;HEX_CONUS_-792_973;HEX_CONUS_-792_1147;HEX_CONUS_-742_1060",0,0,0,0,0,0,0,0,0,0,0,11.36,"5 or more",317.32,5.43,8.47,4.63,7.57,0,,1,0,0,7,2,0
"HEX_CONUS_-792_-412","CONUS","NM","New Mexico","35033","Mora",-792156,-412181,-105.32,36.17,1,"HEX_CONUS_-892_-412;HEX_CONUS_-842_-499;HEX_CONUS_-842_-326;HEX_CONUS_-742_-499;HEX_CONUS_-742_-326;HEX_CONUS_-692_-412",0,0,0,0,0,0,4,42.8,42.8,58.3,,13,"5 or more",12.4,14.86,28.26,33.67,8.77,0,,0,0,0,0,0,0
"HEX_CONUS_-792_-1105","CONUS","TX","Texas","48377","Presidio",-792156,-1105001,-104.58,30.24,0.69,"HEX_CONUS_-842_-1192;HEX_CONUS_-842_-1018;HEX_CONUS_-742_-1192;HEX_CONUS_-742_-1018;HEX_CONUS_-692_-1105",0,0,0,0,0,0,0,0,0,0,,100,"5 or more",5.46,14.84,0,31.4,23.16,11.78,,1,1,0,8,1,0
"HEX_CONUS_-792_-932","CONUS","TX","Texas","48109","Culberson",-792156,-931796,-104.76,31.73,1,"HEX_CONUS_-892_-932;HEX_CONUS_-842_-1018;HEX_CONUS_-842_-845;HEX_CONUS_-742_-1018;HEX_CONUS_-742_-845;HEX_CONUS_-692_-932",0,0,0,0,0,0,2,447.2,447.2,0,1409.06,100,"5 or more",45.48,7.87,19.87,9.99,9.81,0.98,,1,1,0,8,1,0
"HEX_CONUS_-792_-759","CONUS","NM","New Mexico","35027","Lincoln",-792156,-758591,-104.94,33.22,1,"HEX_CONUS_-892_-759;HEX_CONUS_-842_-845;HEX_CONUS_-842_-672;HEX_CONUS_-742_-845;HEX_CONUS_-742_-672;HEX_CONUS_-692_-759",1,1240,1,0,1,0,5,174.3,174.3,19.48,0,10.77,"5 or more",23.76,18.08,11.62,41.17,22.06,0,,0,0,0,0,0,0
"HEX_CONUS_-792_-585","CONUS","NM","New Mexico","35019","Guadalupe",-792156,-585386,-105.12,34.69,1,"HEX_CONUS_-892_-585;HEX_CONUS_-842_-672;HEX_CONUS_-842_-499;HEX_CONUS_-742_-672;HEX_CONUS_-742_-499;HEX_CONUS_-692_-585",0,0,0,0,0,0,5,1235,1235,372.28,882.8,15.09,"5 or more",23.68,6.74,16.47,10.58,3.66,0,,0,0,0,0,0,0
"HEX_CONUS_-792_-239","CONUS","CO","Colorado","08003","Alamosa",-792156,-238976,-105.52,37.63,1,"HEX_CONUS_-892_-239;HEX_CONUS_-842_-326;HEX_CONUS_-842_-152;HEX_CONUS_-742_-326;HEX_CONUS_-742_-152;HEX_CONUS_-692_-239",0,0,0,0,0,0,10,203.7,203.7,27.36,624.1,100,"5 or more",140.74,7.32,12.76,3.72,5.41,0,,0,0,0,3,0,0
"HEX_CONUS_-792_-66","CONUS","CO","Colorado","08093","Park",-792156,-65771,-105.74,39.1,1,"HEX_CONUS_-892_-66;HEX_CONUS_-842_-152;HEX_CONUS_-842_21;HEX_CONUS_-742_-152;HEX_CONUS_-742_21;HEX_CONUS_-692_-66",0,0,0,0,0,0,4,210,210,223.98,254.3,3.54,"1–4.99",39.47,5.51,2.14,12.67,2.32,0,,0,0,0,3,0,0
"HEX_CONUS_-792_107","CONUS","CO","Colorado","08057","Jackson",-792156,107434,-105.96,40.56,1,"HEX_CONUS_-892_107;HEX_CONUS_-842_21;HEX_CONUS_-842_194;HEX_CONUS_-742_21;HEX_CONUS_-742_194;HEX_CONUS_-692_107",0,0,0,0,0,0,5,93.5,93.5,147.67,,1.66,"1–4.99",343.21,4.64,5.29,2.32,0.72,0,,0,0,0,3,0,1
"HEX_CONUS_-792_281","CONUS","WY","Wyoming","56007","Carbon",-792156,280640,-106.19,42.02,1,"HEX_CONUS_-892_281;HEX_CONUS_-842_194;HEX_CONUS_-842_367;HEX_CONUS_-742_194;HEX_CONUS_-742_367;HEX_CONUS_-692_281",0,0,0,0,0,0,9,1651.7,1657.9,490.79,2662.2,2.35,"1–4.99",903.64,4.5,6.49,5.85,5.4,0,,1,0,0,0,0,0
"HEX_CONUS_-792_454","CONUS","WY","Wyoming","56025","Natrona",-792156,453845,-106.44,43.47,1,"HEX_CONUS_-892_454;HEX_CONUS_-842_367;HEX_CONUS_-842_540;HEX_CONUS_-742_367;HEX_CONUS_-742_540;HEX_CONUS_-692_454",0,0,0,0,0,0,1,124.3,124.3,116.37,409,4.23,"1–4.99",157.83,6.47,6.83,12.44,6.01,0,7,1,0,0,0,0,0
"HEX_CONUS_-792_627","CONUS","WY","Wyoming","56033","Sheridan",-792156,627050,-106.69,44.93,1,"HEX_CONUS_-892_627;HEX_CONUS_-842_540;HEX_CONUS_-842_714;HEX_CONUS_-742_540;HEX_CONUS_-742_714;HEX_CONUS_-692_627",0,0,0,0,0,0,1,15,15,226.35,,2.96,"1–4.99",296.6,7.25,9.21,13.83,7.56,0,15,1,0,0,0,0,0
"HEX_CONUS_-792_800","CONUS","MT","Montana","30087","Rosebud",-792156,800255,-106.96,46.39,1,"HEX_CONUS_-892_800;HEX_CONUS_-842_714;HEX_CONUS_-842_887;HEX_CONUS_-742_714;HEX_CONUS_-742_887;HEX_CONUS_-692_800",0,0,0,0,0,0,0,0,0,241.45,2900,3.66,"1–4.99",185.92,6.9,12.02,13.2,7.08,0,,1,0,0,7,2,0
"HEX_CONUS_-792_973","CONUS","MT","Montana","30105","Valley",-792156,973460,-107.25,47.84,1,"HEX_CONUS_-892_973;HEX_CONUS_-842_887;HEX_CONUS_-842_1060;HEX_CONUS_-742_887;HEX_CONUS_-742_1060;HEX_CONUS_-692_973",0,0,0,0,0,0,0,0,0,0,0,9.42,"5 or more",246.93,9.88,9.98,4.22,14.32,0,,1,0,0,7,2,0
"HEX_CONUS_-792_1147","CONUS","MT","Montana","30071","Phillips",-792156,1146665,-107.54,49.3,0.1,"HEX_CONUS_-892_1147;HEX_CONUS_-842_1060;HEX_CONUS_-742_1060;HEX_CONUS_-692_1147",0,0,0,0,0,0,0,0,0,0,0,11.36,"5 or more",317.32,5.43,8.47,4.63,7.57,0,,1,0,0,7,2,0
"HEX_CONUS_-742_-1192","CONUS","TX","Texas","48377","Presidio",-742156,-1191604,-103.97,29.53,0.74,"HEX_CONUS_-842_-1192;HEX_CONUS_-792_-1105;HEX_CONUS_-692_-1278;HEX_CONUS_-692_-1105;HEX_CONUS_-642_-1192",0,0,0,0,0,0,1,10,10,0,,100,"5 or more",5.46,14.84,0,31.4,23.16,11.78,,1,1,0,8,1,0
"HEX_CONUS_-742_-1018","CONUS","TX","Texas","48243","Jeff Davis",-742156,-1018399,-104.12,31.03,1,"HEX_CONUS_-842_-1018;HEX_CONUS_-792_-1105;HEX_CONUS_-792_-932;HEX_CONUS_-692_-1105;HEX_CONUS_-692_-932;HEX_CONUS_-642_-1018",0,0,0,0,0,0,2,20.3,20.3,0,,100,"5 or more",2.18,11.67,0,26.53,8.5,3.68,,1,1,0,8,1,0
"HEX_CONUS_-742_-845","CONUS","NM","New Mexico","35015","Eddy",-742156,-845193,-104.29,32.51,1,"HEX_CONUS_-842_-845;HEX_CONUS_-792_-932;HEX_CONUS_-792_-759;HEX_CONUS_-692_-932;HEX_CONUS_-692_-759;HEX_CONUS_-642_-845",0,0,0,0,0,0,2,30.1,30.1,487.61,439,100,"5 or more",163.13,7.44,11.11,9.72,9.29,0,,0,0,0,0,0,0
"HEX_CONUS_-742_-672","CONUS","NM","New Mexico","35005","Chaves",-742156,-671988,-104.46,33.99,1,"HEX_CONUS_-842_-672;HEX_CONUS_-792_-759;HEX_CONUS_-792_-585;HEX_CONUS_-692_-759;HEX_CONUS_-692_-585;HEX_CONUS_-642_-672",0,0,0,0,0,0,0,0,0,72.66,1756,100,"5 or more",152.25,15.6,26.23,18.46,19.02,0,,0,0,0,0,0,0
"HEX_CONUS_-742_-499","CONUS","NM","New Mexico","35047","San Miguel",-742156,-498783,-104.64,35.47,1,"HEX_CONUS_-842_-499;HEX_CONUS_-792_-412;HEX_CONUS_-792_-585;HEX_CONUS_-692_-412;HEX_CONUS_-692_-585;HEX_CONUS_-642_-499",0,0,0,0,0,0,4,26.5,26.5,1.48,0,16.61,"5 or more",36.87,14.44,24.15,31.9,11.45,0,,0,0,0,0,0,0
"HEX_CONUS_-742_-326","CONUS","NM","New Mexico","35007","Colfax",-742156,-325578,-104.83,36.94,1,"HEX_CONUS_-842_-326;HEX_CONUS_-792_-412;HEX_CONUS_-792_-239;HEX_CONUS_-692_-412;HEX_CONUS_-692_-239;HEX_CONUS_-642_-326",0,0,0,0,0,0,2,35.4,39.2,0,0,18.52,"5 or more",56.3,17.97,32.18,34.71,16.22,0,,0,0,0,0,0,0
"HEX_CONUS_-742_-152","CONUS","CO","Colorado","08043","Fremont",-742156,-152373,-105.02,38.41,1,"HEX_CONUS_-842_-152;HEX_CONUS_-792_-239;HEX_CONUS_-792_-66;HEX_CONUS_-692_-239;HEX_CONUS_-692_-66;HEX_CONUS_-642_-152",0,0,0,0,0,0,24,4065.8,4065.8,489.21,0,2.58,"1–4.99",103.9,8.38,6.84,12.85,12.05,0,,0,0,0,3,0,0
"HEX_CONUS_-742_21","CONUS","CO","Colorado","08059","Jefferson",-742156,20832,-105.23,39.87,1,"HEX_CONUS_-842_21;HEX_CONUS_-792_-66;HEX_CONUS_-792_107;HEX_CONUS_-692_-66;HEX_CONUS_-692_107;HEX_CONUS_-642_21",5,245.5,3,3,2,1,71,3723.2,3736.2,762.44,134.9,2.28,"1–4.99",89.85,16.69,1.99,25.4,15.63,0,49,0,0,0,3,0,7
"HEX_CONUS_-742_194","CONUS","WY","Wyoming","56001","Albany",-742156,194037,-105.44,41.33,1,"HEX_CONUS_-842_194;HEX_CONUS_-792_107;HEX_CONUS_-792_281;HEX_CONUS_-692_107;HEX_CONUS_-692_281;HEX_CONUS_-642_194",1,0,0,0,1,0,5,455.6,455.6,336.51,160,7.86,"5 or more",541.59,5.43,3.19,6.91,3.9,0,,1,0,0,0,0,1
"HEX_CONUS_-742_367","CONUS","WY","Wyoming","56009","Converse",-742156,367242,-105.67,42.79,1,"HEX_CONUS_-842_367;HEX_CONUS_-792_281;HEX_CONUS_-792_454;HEX_CONUS_-692_281;HEX_CONUS_-692_454;HEX_CONUS_-642_367",0,0,0,0,0,0,10,2027.1,2027.1,570.74,2274.7,9.16,"5 or more",190.43,5.02,8.07,9.53,2.51,0,,1,0,0,0,0,0
"HEX_CONUS_-742_540","CONUS","WY","Wyoming","56005","Campbell",-742156,540447,-105.9,44.25,1,"HEX_CONUS_-842_540;HEX_CONUS_-792_454;HEX_CONUS_-792_627;HEX_CONUS_-692_454;HEX_CONUS_-692_627;HEX_CONUS_-642_540",0,0,0,0,0,0,7,1316.8,1316.8,431.69,590,19.39,"5 or more",77.71,2,2.39,3.3,1.84,0,,1,0,0,0,0,0
"HEX_CONUS_-742_714","CONUS","MT","Montana","30075","Powder River",-742156,713652,-106.15,45.7,1,"HEX_CONUS_-842_714;HEX_CONUS_-792_627;HEX_CONUS_-792_800;HEX_CONUS_-692_627;HEX_CONUS_-692_800;HEX_CONUS_-642_714",0,0,0,0,0,0,2,1693.5,1693.5,71.1,,12.35,"5 or more",81.73,5.52,12.15,8.79,6.02,0,,1,0,0,7,2,0
"HEX_CONUS_-742_887","CONUS","MT","Montana","30033","Garfield",-742156,886857,-106.41,47.16,1,"HEX_CONUS_-842_887;HEX_CONUS_-792_800;HEX_CONUS_-792_973;HEX_CONUS_-692_800;HEX_CONUS_-692_973;HEX_CONUS_-642_887",0,0,0,0,0,0,3,568.3,568.3,50.2,,6.24,"5 or more",12.38,4.29,7.51,7.66,4.88,0,,1,0,0,7,2,0
"HEX_CONUS_-742_1060","CONUS","MT","Montana","30105","Valley",-742156,1060062,-106.68,48.62,0.96,"HEX_CONUS_-842_1060;HEX_CONUS_-792_973;HEX_CONUS_-792_1147;HEX_CONUS_-692_973;HEX_CONUS_-692_1147;HEX_CONUS_-642_1060",0,0,0,0,0,0,0,0,0,0,0,9.42,"5 or more",246.93,9.88,9.98,4.22,14.32,0,,1,0,0,7,2,0
"HEX_CONUS_-692_-412","CONUS","NM","New Mexico","35007","Colfax",-692156,-412181,-104.15,36.24,1,"HEX_CONUS_-792_-412;HEX_CONUS_-742_-499;HEX_CONUS_-742_-326;HEX_CONUS_-642_-499;HEX_CONUS_-642_-326;HEX_CONUS_-592_-412",0,0,0,0,0,0,2,31.6,31.6,48.29,0,18.52,"5 or more",56.3,17.97,32.18,34.71,16.22,0,,0,0,0,0,0,0
"HEX_CONUS_-692_-1278","CONUS","TX","Texas","48043","Brewster",-692156,-1278206,-103.36,28.82,0.15,"HEX_CONUS_-742_-1192;HEX_CONUS_-642_-1192",0,0,0,0,0,0,0,0,0,0,228.9,100,"5 or more",3.28,11.87,10.51,20.4,18.69,5.23,,1,1,0,8,1,0
"HEX_CONUS_-692_-1105","CONUS","TX","Texas","48043","Brewster",-692156,-1105001,-103.5,30.31,1,"HEX_CONUS_-792_-1105;HEX_CONUS_-742_-1192;HEX_CONUS_-742_-1018;HEX_CONUS_-642_-1192;HEX_CONUS_-642_-1018;HEX_CONUS_-592_-1105",0,0,0,0,0,0,2,123.2,123.2,0,228.9,100,"5 or more",3.28,11.87,10.51,20.4,18.69,5.23,,1,1,0,8,1,0
"HEX_CONUS_-692_-932","CONUS","TX","Texas","48301","Loving",-692156,-931796,-103.66,31.81,1,"HEX_CONUS_-792_-932;HEX_CONUS_-742_-1018;HEX_CONUS_-742_-845;HEX_CONUS_-642_-1018;HEX_CONUS_-642_-845;HEX_CONUS_-592_-932",1,300,1,0,0,0,9,285.2,285.2,271.57,43.64,100,"5 or more",14.34,0,0,0.8,0.01,0,,1,1,0,8,1,0
"HEX_CONUS_-692_-759","CONUS","NM","New Mexico","35005","Chaves",-692156,-758591,-103.81,33.29,1,"HEX_CONUS_-792_-759;HEX_CONUS_-742_-845;HEX_CONUS_-742_-672;HEX_CONUS_-642_-845;HEX_CONUS_-642_-672;HEX_CONUS_-592_-759",0,0,0,0,0,0,3,264.8,264.8,202.04,1756,100,"5 or more",152.25,15.6,26.23,18.46,19.02,0,,0,0,0,0,0,0
"HEX_CONUS_-692_-585","CONUS","NM","New Mexico","35037","Quay",-692156,-585386,-103.98,34.77,1,"HEX_CONUS_-792_-585;HEX_CONUS_-742_-672;HEX_CONUS_-742_-499;HEX_CONUS_-642_-672;HEX_CONUS_-642_-499;HEX_CONUS_-592_-585",0,0,0,0,0,0,2,255.9,255.9,107.63,0,43.64,"5 or more",40.9,16.16,37.8,18.91,7.55,0,,0,0,0,0,0,0
"HEX_CONUS_-692_-239","CONUS","CO","Colorado","08071","Las Animas",-692156,-238976,-104.33,37.71,1,"HEX_CONUS_-792_-239;HEX_CONUS_-742_-326;HEX_CONUS_-742_-152;HEX_CONUS_-642_-326;HEX_CONUS_-642_-152;HEX_CONUS_-592_-239",0,0,0,0,0,0,7,647.2,647.2,168.7,315,31.78,"5 or more",33.88,8.59,11.27,16.11,10.75,0,,0,0,0,3,0,0
"HEX_CONUS_-692_-66","CONUS","CO","Colorado","08039","Elbert",-692156,-65771,-104.51,39.18,1,"HEX_CONUS_-792_-66;HEX_CONUS_-742_-152;HEX_CONUS_-742_21;HEX_CONUS_-642_-152;HEX_CONUS_-642_21;HEX_CONUS_-592_-66",2,53,2,1,1,1,12,709.9,709.9,518.16,597,16.01,"5 or more",18.55,2.43,2.2,4.07,1.76,0,,0,0,0,3,0,2
"HEX_CONUS_-692_107","CONUS","CO","Colorado","08123","Weld",-692156,107434,-104.71,40.64,1,"HEX_CONUS_-792_107;HEX_CONUS_-742_21;HEX_CONUS_-742_194;HEX_CONUS_-642_21;HEX_CONUS_-642_194;HEX_CONUS_-592_107",4,10024,2,0,3,1,38,2356.8,2356.8,830.83,5035.31,96.52,"5 or more",416.52,13.88,7.78,5.01,18.23,0,8,0,0,0,3,0,1
"HEX_CONUS_-692_281","CONUS","WY","Wyoming","56031","Platte",-692156,280640,-104.91,42.1,1,"HEX_CONUS_-792_281;HEX_CONUS_-742_194;HEX_CONUS_-742_367;HEX_CONUS_-642_194;HEX_CONUS_-642_367;HEX_CONUS_-592_281",0,0,0,0,0,0,3,1907.4,1907.4,294.26,2110,100,"5 or more",393.46,8.24,14.39,10.75,6.32,0,,1,0,0,0,0,0
"HEX_CONUS_-692_454","CONUS","WY","Wyoming","56005","Campbell",-692156,453845,-105.13,43.56,1,"HEX_CONUS_-792_454;HEX_CONUS_-742_367;HEX_CONUS_-742_540;HEX_CONUS_-642_367;HEX_CONUS_-642_540;HEX_CONUS_-592_454",0,0,0,0,0,0,2,45,45,318.7,590,19.39,"5 or more",77.71,2,2.39,3.3,1.84,0,,1,0,0,0,0,0
"HEX_CONUS_-692_627","CONUS","MT","Montana","30075","Powder River",-692156,627050,-105.35,45.02,1,"HEX_CONUS_-792_627;HEX_CONUS_-742_540;HEX_CONUS_-742_714;HEX_CONUS_-642_540;HEX_CONUS_-642_714;HEX_CONUS_-592_627",0,0,0,0,0,0,0,0,0,19.19,,12.35,"5 or more",81.73,5.52,12.15,8.79,6.02,0,,1,0,0,7,2,0
"HEX_CONUS_-692_800","CONUS","MT","Montana","30017","Custer",-692156,800255,-105.59,46.48,1,"HEX_CONUS_-792_800;HEX_CONUS_-742_714;HEX_CONUS_-742_887;HEX_CONUS_-642_714;HEX_CONUS_-642_887;HEX_CONUS_-592_800",0,0,0,0,0,0,2,231.2,231.2,183.42,225,5.73,"5 or more",134.99,9.8,11.55,6.82,16.52,0,,1,0,0,7,2,0
"HEX_CONUS_-692_973","CONUS","MT","Montana","30055","McCone",-692156,973460,-105.84,47.94,1,"HEX_CONUS_-792_973;HEX_CONUS_-742_887;HEX_CONUS_-742_1060;HEX_CONUS_-642_887;HEX_CONUS_-642_1060;HEX_CONUS_-592_973",0,0,0,0,0,0,1,162.4,179.7,89.22,0,37.06,"5 or more",32.24,2.62,3.67,2.01,2.69,0,,1,0,0,7,2,0
"HEX_CONUS_-692_1147","CONUS","MT","Montana","30019","Daniels",-692156,1146665,-106.1,49.4,0.02,"HEX_CONUS_-792_1147;HEX_CONUS_-742_1060;HEX_CONUS_-642_1060;HEX_CONUS_-592_1147",0,0,0,0,0,0,0,0,0,0,,11.9,"5 or more",6.72,5.42,8.09,2.47,0,0,,1,0,0,7,2,0
"HEX_CONUS_-642_-1192","CONUS","TX","Texas","48043","Brewster",-642156,-1191604,-102.9,29.6,0.7,"HEX_CONUS_-742_-1192;HEX_CONUS_-692_-1278;HEX_CONUS_-692_-1105;HEX_CONUS_-592_-1105;HEX_CONUS_-542_-1192",0,0,0,0,0,0,0,0,0,0,228.9,100,"5 or more",3.28,11.87,10.51,20.4,18.69,5.23,,1,1,0,8,1,0
"HEX_CONUS_-642_-1018","CONUS","TX","Texas","48371","Pecos",-642156,-1018399,-103.03,31.09,1,"HEX_CONUS_-742_-1018;HEX_CONUS_-692_-1105;HEX_CONUS_-692_-932;HEX_CONUS_-592_-1105;HEX_CONUS_-592_-932;HEX_CONUS_-542_-1018",4,3300,3,1,3,0,18,1781.8,1783.8,153.18,9309.48,100,"5 or more",167.94,5.6,9.5,5.43,6.24,0,,1,1,0,8,1,0
"HEX_CONUS_-642_-845","CONUS","NM","New Mexico","35025","Lea",-642156,-845193,-103.18,32.58,1,"HEX_CONUS_-742_-845;HEX_CONUS_-692_-932;HEX_CONUS_-692_-759;HEX_CONUS_-592_-932;HEX_CONUS_-592_-759;HEX_CONUS_-542_-845",2,7000,1,1,1,0,15,2276.3,2351.3,312.61,3947.99,100,"5 or more",237.14,15.37,10.61,24.52,22.09,3.06,,0,0,0,0,0,0
"HEX_CONUS_-642_-672","CONUS","NM","New Mexico","35041","Roosevelt",-642156,-671988,-103.33,34.07,1,"HEX_CONUS_-742_-672;HEX_CONUS_-692_-759;HEX_CONUS_-692_-585;HEX_CONUS_-592_-759;HEX_CONUS_-592_-585;HEX_CONUS_-542_-672",0,0,0,0,0,0,5,944,944,463.13,3024.5,100,"5 or more",172.96,15.23,26.16,24.22,19.33,0,,0,0,0,0,0,0
"HEX_CONUS_-642_-499","CONUS","NM","New Mexico","35021","Harding",-642156,-498783,-103.48,35.54,1,"HEX_CONUS_-742_-499;HEX_CONUS_-692_-412;HEX_CONUS_-692_-585;HEX_CONUS_-592_-585;HEX_CONUS_-592_-412;HEX_CONUS_-542_-499",0,0,0,0,0,0,2,28.5,28.5,0,0,81.93,"5 or more",2.57,9.65,25.53,12.66,3.15,0,,0,0,0,0,0,0
"HEX_CONUS_-642_-326","CONUS","CO","Colorado","08071","Las Animas",-642156,-325578,-103.65,37.01,1,"HEX_CONUS_-742_-326;HEX_CONUS_-692_-412;HEX_CONUS_-692_-239;HEX_CONUS_-592_-412;HEX_CONUS_-592_-239;HEX_CONUS_-542_-326",0,0,0,0,0,0,0,0,0,71.47,315,31.78,"5 or more",33.88,8.59,11.27,16.11,10.75,0,,0,0,0,3,0,0
"HEX_CONUS_-642_-152","CONUS","CO","Colorado","08025","Crowley",-642156,-152373,-103.81,38.48,1,"HEX_CONUS_-742_-152;HEX_CONUS_-692_-239;HEX_CONUS_-692_-66;HEX_CONUS_-592_-239;HEX_CONUS_-592_-66;HEX_CONUS_-542_-152",0,0,0,0,0,0,2,12,12,204.02,900,11.62,"5 or more",14.02,5.11,11.6,3.47,2.79,0,,0,0,0,3,0,0
"HEX_CONUS_-642_21","CONUS","CO","Colorado","08001","Adams",-642156,20832,-103.99,39.95,1,"HEX_CONUS_-742_21;HEX_CONUS_-692_-66;HEX_CONUS_-692_107;HEX_CONUS_-592_-66;HEX_CONUS_-592_107;HEX_CONUS_-542_21",1,750,1,0,1,0,27,1939.8,2025.4,974,2068,15.16,"5 or more",170.32,19.48,7.66,3.45,8.81,0,15,0,0,0,3,0,0
"HEX_CONUS_-642_194","CONUS","WY","Wyoming","56021","Laramie",-642156,194037,-104.18,41.41,1,"HEX_CONUS_-742_194;HEX_CONUS_-692_107;HEX_CONUS_-692_281;HEX_CONUS_-592_281;HEX_CONUS_-592_107;HEX_CONUS_-542_194",1,250,1,0,1,0,3,170,176.5,430.92,4387,100,"5 or more",190.24,11.31,9.41,8.42,10.74,0,18,1,0,0,0,0,0
"HEX_CONUS_-642_367","CONUS","WY","Wyoming","56027","Niobrara",-642156,367242,-104.37,42.87,1,"HEX_CONUS_-742_367;HEX_CONUS_-692_281;HEX_CONUS_-692_454;HEX_CONUS_-592_281;HEX_CONUS_-592_454;HEX_CONUS_-542_367",0,0,0,0,0,0,0,0,0,26.84,,29.19,"5 or more",44.49,4.35,5.34,8.45,2.97,0,,1,0,0,0,0,0
"HEX_CONUS_-642_540","CONUS","WY","Wyoming","56011","Crook",-642156,540447,-104.58,44.33,1,"HEX_CONUS_-742_540;HEX_CONUS_-692_454;HEX_CONUS_-692_627;HEX_CONUS_-592_454;HEX_CONUS_-592_627;HEX_CONUS_-542_540",0,0,0,0,0,0,0,0,0,305.73,,7.44,"5 or more",38.76,3.45,2.68,5.17,2.05,0,,1,0,0,0,0,0
"HEX_CONUS_-642_714","CONUS","MT","Montana","30011","Carter",-642156,713652,-104.79,45.79,1,"HEX_CONUS_-742_714;HEX_CONUS_-692_627;HEX_CONUS_-692_800;HEX_CONUS_-592_627;HEX_CONUS_-592_800;HEX_CONUS_-542_714",0,0,0,0,0,0,0,0,0,0,,7.14,"5 or more",36.5,5.49,13.61,5.99,3.85,0,,1,0,0,7,2,0
"HEX_CONUS_-642_887","CONUS","MT","Montana","30021","Dawson",-642156,886857,-105.01,47.25,1,"HEX_CONUS_-742_887;HEX_CONUS_-692_800;HEX_CONUS_-692_973;HEX_CONUS_-592_800;HEX_CONUS_-592_973;HEX_CONUS_-542_887",0,0,0,0,0,0,1,83.7,83.7,169.48,0,4.83,"1–4.99",82.16,4.71,3.69,2.12,6.04,0,,1,0,0,7,2,0
"HEX_CONUS_-642_1060","CONUS","MT","Montana","30019","Daniels",-642156,1060062,-105.25,48.71,0.88,"HEX_CONUS_-742_1060;HEX_CONUS_-692_973;HEX_CONUS_-692_1147;HEX_CONUS_-592_973;HEX_CONUS_-592_1147;HEX_CONUS_-542_1060",0,0,0,0,0,0,0,0,0,0,,11.9,"5 or more",6.72,5.42,8.09,2.47,0,0,,1,0,0,7,2,1
"HEX_CONUS_-592_-1105","CONUS","TX","Texas","48371","Pecos",-592156,-1105001,-102.42,30.38,1,"HEX_CONUS_-692_-1105;HEX_CONUS_-642_-1192;HEX_CONUS_-642_-1018;HEX_CONUS_-542_-1192;HEX_CONUS_-542_-1018;HEX_CONUS_-492_-1105",1,2000,1,0,1,0,2,286,286,0,9309.48,100,"5 or more",167.94,5.6,9.5,5.43,6.24,0,,1,1,0,8,1,0
"HEX_CONUS_-592_-932","CONUS","TX","Texas","48135","Ector",-592156,-931796,-102.55,31.87,1,"HEX_CONUS_-692_-932;HEX_CONUS_-642_-1018;HEX_CONUS_-642_-845;HEX_CONUS_-542_-1018;HEX_CONUS_-542_-845;HEX_CONUS_-492_-932",2,925,2,0,2,0,18,3670.3,3670.3,349.78,4699.39,100,"5 or more",71.53,14.6,10.36,21.01,10.97,8.91,,1,1,0,8,1,0
"HEX_CONUS_-592_-759","CONUS","TX","Texas","48501","Yoakum",-592156,-758591,-102.69,33.36,1,"HEX_CONUS_-692_-759;HEX_CONUS_-642_-845;HEX_CONUS_-642_-672;HEX_CONUS_-542_-845;HEX_CONUS_-542_-672;HEX_CONUS_-492_-759",0,0,0,0,0,0,5,1196.4,1196.4,491.59,2037,100,"5 or more",121.51,8.56,15.55,14.31,5.41,3.53,,1,1,0,8,1,0
"HEX_CONUS_-592_-585","CONUS","TX","Texas","48117","Deaf Smith",-592156,-585386,-102.83,34.84,1,"HEX_CONUS_-692_-585;HEX_CONUS_-642_-672;HEX_CONUS_-642_-499;HEX_CONUS_-542_-672;HEX_CONUS_-542_-499;HEX_CONUS_-492_-585",0,0,0,0,0,0,10,1495.7,1495.7,216.63,5237.26,100,"5 or more",111.97,16.6,31.82,10.71,5.63,0,,1,1,0,8,1,0
"HEX_CONUS_-592_-412","CONUS","TX","Texas","48111","Dallam",-592156,-412181,-102.98,36.31,1,"HEX_CONUS_-692_-412;HEX_CONUS_-642_-499;HEX_CONUS_-642_-326;HEX_CONUS_-542_-499;HEX_CONUS_-542_-326;HEX_CONUS_-492_-412",0,0,0,0,0,0,0,0,0,7.21,500,100,"5 or more",268.44,11.48,26.13,6.31,1.57,0,,1,1,0,8,1,0
"HEX_CONUS_-592_-239","CONUS","CO","Colorado","08011","Bent",-592156,-238976,-103.13,37.78,1,"HEX_CONUS_-692_-239;HEX_CONUS_-642_-326;HEX_CONUS_-642_-152;HEX_CONUS_-542_-326;HEX_CONUS_-542_-152;HEX_CONUS_-492_-239",0,0,0,0,0,0,5,319.1,319.1,67.78,0,100,"5 or more",169.24,3.49,7.49,2.59,2.9,0,,0,0,0,3,0,0
"HEX_CONUS_-592_-66","CONUS","CO","Colorado","08073","Lincoln",-592156,-65771,-103.29,39.25,1,"HEX_CONUS_-692_-66;HEX_CONUS_-642_-152;HEX_CONUS_-642_21;HEX_CONUS_-542_-152;HEX_CONUS_-542_21;HEX_CONUS_-492_-66",0,0,0,0,0,0,9,2210.8,2210.8,621.38,3146.9,58.18,"5 or more",6.07,4.44,4.44,2.57,4.15,0,,0,0,0,3,0,0
"HEX_CONUS_-592_281","CONUS","NE","Nebraska","31165","Sioux",-592156,280640,-103.63,42.17,1,"HEX_CONUS_-692_281;HEX_CONUS_-642_194;HEX_CONUS_-642_367;HEX_CONUS_-542_194;HEX_CONUS_-542_367;HEX_CONUS_-492_281",0,0,0,0,0,0,2,11.5,11.5,309.92,0,16.26,"5 or more",29.32,5.27,6.07,6.37,0.31,0,,1,0,0,9,3,0
"HEX_CONUS_-592_454","CONUS","SD","South Dakota","46033","Custer",-592156,453845,-103.82,43.64,1,"HEX_CONUS_-692_454;HEX_CONUS_-642_367;HEX_CONUS_-642_540;HEX_CONUS_-542_367;HEX_CONUS_-542_540;HEX_CONUS_-492_454",0,0,0,0,0,0,0,0,0,250.71,0,8,"5 or more",9.91,7.6,2.7,16.67,8.88,0,,0,0,1,9,2,0
"HEX_CONUS_-592_627","CONUS","SD","South Dakota","46019","Butte",-592156,627050,-104.01,45.1,1,"HEX_CONUS_-692_627;HEX_CONUS_-642_540;HEX_CONUS_-642_714;HEX_CONUS_-542_540;HEX_CONUS_-542_714;HEX_CONUS_-492_627",0,0,0,0,0,0,0,0,0,0,103,5.77,"5 or more",6.12,6.75,7.64,6.04,7.93,0,,0,0,1,9,2,0
"HEX_CONUS_-592_800","CONUS","MT","Montana","30025","Fallon",-592156,800255,-104.21,46.56,1,"HEX_CONUS_-692_800;HEX_CONUS_-642_714;HEX_CONUS_-642_887;HEX_CONUS_-542_714;HEX_CONUS_-542_887;HEX_CONUS_-492_800",0,0,0,0,0,0,2,49.5,49.5,138.28,0,5.02,"5 or more",7.22,3.08,5.04,2.6,3.05,0,,1,0,0,7,2,0
"HEX_CONUS_-592_973","CONUS","MT","Montana","30083","Richland",-592156,973460,-104.42,48.02,1,"HEX_CONUS_-692_973;HEX_CONUS_-642_887;HEX_CONUS_-642_1060;HEX_CONUS_-542_887;HEX_CONUS_-542_1060;HEX_CONUS_-492_973",1,470,1,1,0,1,5,479.9,479.9,56.85,74.5,5.89,"5 or more",355.93,3.24,3.46,1.65,3.46,0,,1,0,0,7,2,0
"HEX_CONUS_-592_1147","CONUS","MT","Montana","30091","Sheridan",-592156,1146665,-104.65,49.49,0,"HEX_CONUS_-692_1147;HEX_CONUS_-642_1060;HEX_CONUS_-542_1060",0,0,0,0,0,0,0,0,0,0,,9.28,"5 or more",20.25,5.48,7.04,1.97,4.11,0,,1,0,0,7,2,0
"HEX_CONUS_-592_107","CONUS","CO","Colorado","08075","Logan",-592156,107434,-103.46,40.71,1,"HEX_CONUS_-692_107;HEX_CONUS_-642_21;HEX_CONUS_-642_194;HEX_CONUS_-542_21;HEX_CONUS_-542_194;HEX_CONUS_-492_107",1,2000,1,0,1,1,20,1787.6,1817.3,417.95,995,100,"5 or more",150.81,9.49,8.21,2.29,13.16,0,,0,0,0,3,0,1
"HEX_CONUS_-542_-1192","CONUS","TX","Texas","48443","Terrell",-542156,-1191604,-101.83,29.66,0.33,"HEX_CONUS_-642_-1192;HEX_CONUS_-592_-1105;HEX_CONUS_-492_-1278;HEX_CONUS_-492_-1105;HEX_CONUS_-442_-1192",0,0,0,0,0,0,0,0,0,0,,41.85,"5 or more",1.02,5.26,0,4.71,10.3,3.38,,1,1,0,8,1,0
"HEX_CONUS_-542_-1018","CONUS","TX","Texas","48461","Upton",-542156,-1018399,-101.94,31.15,1,"HEX_CONUS_-642_-1018;HEX_CONUS_-592_-1105;HEX_CONUS_-592_-932;HEX_CONUS_-492_-1105;HEX_CONUS_-492_-932;HEX_CONUS_-442_-1018",0,0,0,0,0,0,23,4166.2,4166.2,285.74,6080.61,100,"5 or more",29.55,6.46,15.86,5.72,4.41,2.96,,1,1,0,8,1,0
"HEX_CONUS_-542_-845","CONUS","TX","Texas","48115","Dawson",-542156,-845193,-102.06,32.64,1,"HEX_CONUS_-642_-845;HEX_CONUS_-592_-932;HEX_CONUS_-592_-759;HEX_CONUS_-492_-932;HEX_CONUS_-492_-759;HEX_CONUS_-442_-845",0,0,0,0,0,0,8,1394.5,1394.5,241.37,1207.81,100,"5 or more",55.91,8.37,16.18,5.36,6.22,0,,1,1,0,8,1,0
"HEX_CONUS_-542_-672","CONUS","TX","Texas","48279","Lamb",-542156,-671988,-102.19,34.13,1,"HEX_CONUS_-642_-672;HEX_CONUS_-592_-759;HEX_CONUS_-592_-585;HEX_CONUS_-492_-759;HEX_CONUS_-492_-585;HEX_CONUS_-442_-672",2,744,2,0,2,0,7,2919.4,2919.4,938.21,638.5,100,"5 or more",169.4,15.33,23.15,11.08,7.64,5.32,,1,1,0,8,1,0
"HEX_CONUS_-542_-499","CONUS","TX","Texas","48359","Oldham",-542156,-498783,-102.32,35.6,1,"HEX_CONUS_-642_-499;HEX_CONUS_-592_-585;HEX_CONUS_-592_-412;HEX_CONUS_-492_-585;HEX_CONUS_-492_-412;HEX_CONUS_-442_-499",0,0,0,0,0,0,8,984.1,984.1,507.69,0,100,"5 or more",5,5.52,12.86,4.91,0.28,0,,1,1,0,8,1,0
"HEX_CONUS_-542_-326","CONUS","CO","Colorado","08009","Baca",-542156,-325578,-102.46,37.08,1,"HEX_CONUS_-642_-326;HEX_CONUS_-592_-412;HEX_CONUS_-592_-239;HEX_CONUS_-492_-239;HEX_CONUS_-492_-412;HEX_CONUS_-442_-326",0,0,0,0,0,0,3,5.5,8.2,0,238,100,"5 or more",126.51,9.35,21.17,8.96,0.52,0,,0,0,0,3,0,0
"HEX_CONUS_-542_-152","CONUS","CO","Colorado","08061","Kiowa",-542156,-152373,-102.6,38.55,1,"HEX_CONUS_-642_-152;HEX_CONUS_-592_-239;HEX_CONUS_-592_-66;HEX_CONUS_-492_-239;HEX_CONUS_-492_-66;HEX_CONUS_-442_-152",0,0,0,0,0,0,0,0,0,338.23,2075,83.79,"5 or more",2.21,5.75,14.19,2.71,0.17,0,,0,0,0,3,0,0
"HEX_CONUS_-542_21","CONUS","CO","Colorado","08125","Yuma",-542156,20832,-102.75,40.01,1,"HEX_CONUS_-642_21;HEX_CONUS_-592_-66;HEX_CONUS_-592_107;HEX_CONUS_-492_-66;HEX_CONUS_-492_107;HEX_CONUS_-442_21",0,0,0,0,0,0,0,0,0,229.77,1222.5,100,"5 or more",331.15,12,12.24,2.76,5.3,0,,0,0,0,3,0,0
"HEX_CONUS_-542_194","CONUS","NE","Nebraska","31123","Morrill",-542156,194037,-102.91,41.48,1,"HEX_CONUS_-642_194;HEX_CONUS_-592_281;HEX_CONUS_-592_107;HEX_CONUS_-492_107;HEX_CONUS_-492_281;HEX_CONUS_-442_194",0,0,0,0,0,0,2,5.1,9.6,292.48,,100,"5 or more",111.34,9.92,13.53,4.79,3.99,0,,1,0,0,9,3,0
"HEX_CONUS_-542_367","CONUS","NE","Nebraska","31045","Dawes",-542156,367242,-103.07,42.94,1,"HEX_CONUS_-642_367;HEX_CONUS_-592_281;HEX_CONUS_-592_454;HEX_CONUS_-492_281;HEX_CONUS_-492_454;HEX_CONUS_-442_367",0,0,0,0,0,0,1,80,80,196.7,250,13.22,"5 or more",19.11,6.75,5.56,10.24,3.5,0,,1,0,0,9,3,0
"HEX_CONUS_-542_540","CONUS","SD","South Dakota","46093","Meade",-542156,540447,-103.25,44.4,1,"HEX_CONUS_-642_540;HEX_CONUS_-592_454;HEX_CONUS_-592_627;HEX_CONUS_-492_454;HEX_CONUS_-492_627;HEX_CONUS_-442_540",1,8.5,1,0,1,0,5,387,387,335.94,400,6.29,"5 or more",6.72,5.52,3.02,9.96,5.85,2.15,,0,0,1,9,2,0
"HEX_CONUS_-542_714","CONUS","SD","South Dakota","46063","Harding",-542156,713652,-103.43,45.86,1,"HEX_CONUS_-642_714;HEX_CONUS_-592_627;HEX_CONUS_-592_800;HEX_CONUS_-492_627;HEX_CONUS_-492_800;HEX_CONUS_-442_714",0,0,0,0,0,0,0,0,0,125.44,,8.37,"5 or more",1.59,2.03,4.09,3.21,0.03,0,,0,0,1,9,2,0
"HEX_CONUS_-542_887","CONUS","ND","North Dakota","38007","Billings",-542156,886857,-103.62,47.32,1,"HEX_CONUS_-642_887;HEX_CONUS_-592_800;HEX_CONUS_-592_973;HEX_CONUS_-492_800;HEX_CONUS_-492_973;HEX_CONUS_-442_887",0,0,0,0,0,0,0,0,0,204.55,383,7.08,"5 or more",2.37,1.21,1.68,1.2,0.62,0,,1,0,0,4,2,0
"HEX_CONUS_-542_1060","CONUS","ND","North Dakota","38023","Divide",-542156,1060062,-103.82,48.79,0.79,"HEX_CONUS_-642_1060;HEX_CONUS_-592_973;HEX_CONUS_-592_1147;HEX_CONUS_-492_973;HEX_CONUS_-442_1060",0,0,0,0,0,0,0,0,0,0,0,4.96,"1–4.99",2.3,4.35,5.16,1.29,1.34,2.72,,1,0,0,4,2,0
"HEX_CONUS_-492_-1278","CONUS","TX","Texas","48271","Kinney",-492156,-1278206,-101.24,28.93,0,"HEX_CONUS_-542_-1192;HEX_CONUS_-442_-1365;HEX_CONUS_-442_-1192;HEX_CONUS_-392_-1278",0,0,0,0,0,0,0,0,0,0,1334.61,10.19,"5 or more",3.87,4.24,9.17,5.65,7.26,0,,1,1,0,8,1,0
"HEX_CONUS_-492_-1105","CONUS","TX","Texas","48105","Crockett",-492156,-1105001,-101.34,30.43,1,"HEX_CONUS_-592_-1105;HEX_CONUS_-542_-1192;HEX_CONUS_-542_-1018;HEX_CONUS_-442_-1192;HEX_CONUS_-442_-1018;HEX_CONUS_-392_-1105",0,0,0,0,0,0,1,300,300,0,1580.7,26.86,"5 or more",12.67,8.33,0,17.11,13.76,0,,1,1,0,8,1,0
"HEX_CONUS_-492_-932","CONUS","TX","Texas","48173","Glasscock",-492156,-931796,-101.45,31.93,1,"HEX_CONUS_-592_-932;HEX_CONUS_-542_-1018;HEX_CONUS_-542_-845;HEX_CONUS_-442_-1018;HEX_CONUS_-442_-845;HEX_CONUS_-392_-932",2,100,1,0,2,0,18,2889.8,2891.8,572.1,3037.42,100,"5 or more",42.99,1.18,2.89,1.15,0.07,0,,1,1,0,8,1,0
"HEX_CONUS_-492_-759","CONUS","TX","Texas","48303","Lubbock",-492156,-758591,-101.56,33.41,1,"HEX_CONUS_-592_-759;HEX_CONUS_-542_-845;HEX_CONUS_-542_-672;HEX_CONUS_-442_-845;HEX_CONUS_-442_-672;HEX_CONUS_-392_-759",1,0,0,0,1,0,9,1683.1,1683.1,418.81,625.3,100,"5 or more",159.6,27.66,41.86,13.22,28.14,0,5,1,1,0,8,1,0
"HEX_CONUS_-492_-585","CONUS","TX","Texas","48381","Randall",-492156,-585386,-101.68,34.89,1,"HEX_CONUS_-592_-585;HEX_CONUS_-542_-672;HEX_CONUS_-542_-499;HEX_CONUS_-442_-672;HEX_CONUS_-442_-499;HEX_CONUS_-392_-585",3,15030,2,1,1,1,7,2336.7,2336.7,509.26,550,100,"5 or more",12.27,15.01,18.39,17.19,11.98,5.52,,1,1,0,8,1,0
"HEX_CONUS_-492_-239","CONUS","KS","Kansas","20075","Hamilton",-492156,-238976,-101.93,37.84,1,"HEX_CONUS_-592_-239;HEX_CONUS_-542_-326;HEX_CONUS_-542_-152;HEX_CONUS_-442_-326;HEX_CONUS_-442_-152;HEX_CONUS_-392_-239",0,0,0,0,0,0,4,32,36.9,61.84,0,100,"5 or more",40.58,9.92,22.84,1.31,4.04,0,,1,0,0,8,1,0
"HEX_CONUS_-492_-66","CONUS","CO","Colorado","08063","Kit Carson",-492156,-65771,-102.06,39.31,1,"HEX_CONUS_-592_-66;HEX_CONUS_-542_-152;HEX_CONUS_-542_21;HEX_CONUS_-442_-152;HEX_CONUS_-442_21;HEX_CONUS_-392_-66",0,0,0,0,0,0,5,718.1,847.5,227.77,3866.6,100,"5 or more",114.42,7.13,7.58,1.05,0,0,,0,0,0,3,0,0
"HEX_CONUS_-492_107","CONUS","CO","Colorado","08115","Sedgwick",-492156,107434,-102.2,40.77,1,"HEX_CONUS_-592_107;HEX_CONUS_-542_21;HEX_CONUS_-542_194;HEX_CONUS_-442_21;HEX_CONUS_-442_194;HEX_CONUS_-392_107",0,0,0,0,0,0,3,97.2,100,176.99,0,100,"5 or more",74.54,8.28,9.11,3.23,4.35,0,,0,0,0,3,0,1
"HEX_CONUS_-492_281","CONUS","NE","Nebraska","31161","Sheridan",-492156,280640,-102.35,42.24,1,"HEX_CONUS_-592_281;HEX_CONUS_-542_194;HEX_CONUS_-542_367;HEX_CONUS_-442_194;HEX_CONUS_-442_367;HEX_CONUS_-392_281",0,0,0,0,0,0,0,0,0,0,,6.68,"5 or more",43.68,9.72,9.64,13.8,6.5,0,,1,0,0,9,3,0
"HEX_CONUS_-492_454","CONUS","SD","South Dakota","46103","Pennington",-492156,453845,-102.5,43.7,1,"HEX_CONUS_-592_454;HEX_CONUS_-542_367;HEX_CONUS_-542_540;HEX_CONUS_-442_367;HEX_CONUS_-442_540;HEX_CONUS_-392_454",0,0,0,0,0,0,0,0,0,87.13,115,5.31,"5 or more",20.07,14.08,4.03,24.06,14.84,0,7,0,0,1,9,2,0
"HEX_CONUS_-492_627","CONUS","SD","South Dakota","46105","Perkins",-492156,627050,-102.66,45.16,1,"HEX_CONUS_-592_627;HEX_CONUS_-542_540;HEX_CONUS_-542_714;HEX_CONUS_-442_540;HEX_CONUS_-442_714;HEX_CONUS_-392_627",0,0,0,0,0,0,0,0,0,116.86,0,8.1,"5 or more",1.5,6.03,9.78,8.98,3.68,5.48,,0,0,1,9,2,0
"HEX_CONUS_-492_800","CONUS","ND","North Dakota","38041","Hettinger",-492156,800255,-102.83,46.62,1,"HEX_CONUS_-592_800;HEX_CONUS_-542_714;HEX_CONUS_-542_887;HEX_CONUS_-442_714;HEX_CONUS_-442_887;HEX_CONUS_-392_800",0,0,0,0,0,0,2,300,300,236.31,0,6.94,"5 or more",0.26,5.34,6.61,1.9,3.42,3.97,,1,0,0,4,2,0
"HEX_CONUS_-492_973","CONUS","ND","North Dakota","38053","McKenzie",-492156,973460,-103.01,48.09,1,"HEX_CONUS_-592_973;HEX_CONUS_-542_887;HEX_CONUS_-542_1060;HEX_CONUS_-442_887;HEX_CONUS_-442_1060;HEX_CONUS_-392_973",2,1455,2,1,1,0,3,811.8,811.8,526.07,150,5.7,"5 or more",90.45,4.28,4.17,3.03,2.61,3.22,,1,0,0,4,2,1
"HEX_CONUS_-492_-412","CONUS","TX","Texas","48421","Sherman",-492156,-412181,-101.8,36.37,1,"HEX_CONUS_-592_-412;HEX_CONUS_-542_-499;HEX_CONUS_-542_-326;HEX_CONUS_-442_-499;HEX_CONUS_-442_-326;HEX_CONUS_-392_-412",0,0,0,0,0,0,11,1520.3,1540.3,299.8,0,100,"5 or more",225.9,12.94,29.25,4.45,0,0,,1,1,0,8,1,0
"HEX_CONUS_-442_-1365","CONUS","TX","Texas","48323","Maverick",-442156,-1364809,-100.66,28.2,0.07,"HEX_CONUS_-492_-1278;HEX_CONUS_-392_-1451;HEX_CONUS_-392_-1278;HEX_CONUS_-342_-1365",0,0,0,0,0,0,0,0,0,0,1505.85,20.45,"5 or more",38.4,17.63,24.06,9.73,27.3,0,,1,1,0,8,1,0
"HEX_CONUS_-442_-1192","CONUS","TX","Texas","48465","Val Verde",-442156,-1191604,-100.75,29.71,0.96,"HEX_CONUS_-542_-1192;HEX_CONUS_-492_-1278;HEX_CONUS_-492_-1105;HEX_CONUS_-392_-1278;HEX_CONUS_-392_-1105;HEX_CONUS_-342_-1192",0,0,0,0,0,0,5,426.8,426.8,0,426.02,100,"5 or more",11.35,24.84,11.11,19.06,42.31,0,,1,1,0,8,1,0
"HEX_CONUS_-442_-1018","CONUS","TX","Texas","48235","Irion",-442156,-1018399,-100.85,31.2,1,"HEX_CONUS_-542_-1018;HEX_CONUS_-492_-1105;HEX_CONUS_-492_-932;HEX_CONUS_-392_-1105;HEX_CONUS_-392_-932;HEX_CONUS_-342_-1018",0,0,0,0,0,0,6,1652.5,1652.5,256.28,0,34.94,"5 or more",5.31,5.82,9.51,14.21,3.68,2.04,,1,1,0,8,1,1
"HEX_CONUS_-442_-845","CONUS","TX","Texas","48415","Scurry",-442156,-845193,-100.95,32.69,1,"HEX_CONUS_-542_-845;HEX_CONUS_-492_-932;HEX_CONUS_-492_-759;HEX_CONUS_-392_-932;HEX_CONUS_-392_-759;HEX_CONUS_-342_-845",2,2300,2,1,1,0,24,4327.2,4576.2,584.17,5167.28,27.78,"5 or more",46.46,8.36,12.91,15.52,7.56,0,,1,1,0,8,1,0
"HEX_CONUS_-442_-672","CONUS","TX","Texas","48153","Floyd",-442156,-671988,-101.05,34.18,1,"HEX_CONUS_-542_-672;HEX_CONUS_-492_-759;HEX_CONUS_-492_-585;HEX_CONUS_-392_-759;HEX_CONUS_-392_-585;HEX_CONUS_-342_-672",4,858,3,1,2,0,11,2218.7,2218.7,645.81,500,100,"5 or more",75,8,0,10.66,5.56,0,,1,1,0,8,1,0
"HEX_CONUS_-442_-499","CONUS","TX","Texas","48233","Hutchinson",-442156,-498783,-101.16,35.66,1,"HEX_CONUS_-542_-499;HEX_CONUS_-492_-585;HEX_CONUS_-492_-412;HEX_CONUS_-392_-412;HEX_CONUS_-392_-585;HEX_CONUS_-342_-499",2,400,1,0,2,1,13,1365.4,1375.4,452.23,1164.7,100,"5 or more",57.23,14.44,25.5,24.58,5.51,0,,1,1,0,8,1,0
"HEX_CONUS_-442_-326","CONUS","KS","Kansas","20189","Stevens",-442156,-325578,-101.27,37.13,1,"HEX_CONUS_-542_-326;HEX_CONUS_-492_-239;HEX_CONUS_-492_-412;HEX_CONUS_-392_-412;HEX_CONUS_-392_-239;HEX_CONUS_-342_-326",0,0,0,0,0,0,4,70.2,88.2,114.98,650,100,"5 or more",186.74,9.95,22.88,1.46,0,0,,1,0,0,8,1,0
"HEX_CONUS_-442_-152","CONUS","KS","Kansas","20203","Wichita",-442156,-152373,-101.39,38.6,1,"HEX_CONUS_-542_-152;HEX_CONUS_-492_-239;HEX_CONUS_-492_-66;HEX_CONUS_-392_-239;HEX_CONUS_-392_-66;HEX_CONUS_-342_-152",0,0,0,0,0,0,2,102,102,116.34,0,100,"5 or more",40.17,15.94,35.54,0.4,0,0,,1,0,0,8,1,0
"HEX_CONUS_-442_21","CONUS","NE","Nebraska","31057","Dundy",-442156,20832,-101.51,40.07,1,"HEX_CONUS_-542_21;HEX_CONUS_-492_-66;HEX_CONUS_-492_107;HEX_CONUS_-392_-66;HEX_CONUS_-392_107;HEX_CONUS_-342_21",0,0,0,0,0,0,2,7.1,9.1,0,0,100,"5 or more",103.72,7.82,6.87,1.39,4.5,0,,1,0,0,9,3,0
"HEX_CONUS_-442_194","CONUS","NE","Nebraska","31005","Arthur",-442156,194037,-101.64,41.53,1,"HEX_CONUS_-542_194;HEX_CONUS_-492_107;HEX_CONUS_-492_281;HEX_CONUS_-392_107;HEX_CONUS_-392_281;HEX_CONUS_-342_194",0,0,0,0,0,0,1,50,50,61.89,,4.99,"1–4.99",12.16,2.91,3.75,3.78,0,0,,1,0,0,9,3,0
"HEX_CONUS_-442_367","CONUS","NE","Nebraska","31031","Cherry",-442156,367242,-101.77,43,1,"HEX_CONUS_-542_367;HEX_CONUS_-492_281;HEX_CONUS_-492_454;HEX_CONUS_-392_281;HEX_CONUS_-392_454;HEX_CONUS_-342_367",0,0,0,0,0,0,0,0,0,0,52.85,2.36,"1–4.99",69.06,6.89,8.54,12.47,3.21,7.01,,1,0,0,9,3,0
"HEX_CONUS_-442_540","CONUS","SD","South Dakota","46055","Haakon",-442156,540447,-101.91,44.46,1,"HEX_CONUS_-542_540;HEX_CONUS_-492_454;HEX_CONUS_-492_627;HEX_CONUS_-392_454;HEX_CONUS_-392_627;HEX_CONUS_-342_540",0,0,0,0,0,0,0,0,0,125.85,300,6.66,"5 or more",1.03,3.76,3.95,6.41,4.46,4.23,,0,0,1,9,2,0
"HEX_CONUS_-442_714","CONUS","SD","South Dakota","46105","Perkins",-442156,713652,-102.06,45.92,1,"HEX_CONUS_-542_714;HEX_CONUS_-492_627;HEX_CONUS_-492_800;HEX_CONUS_-392_627;HEX_CONUS_-392_800;HEX_CONUS_-342_714",0,0,0,0,0,0,1,155.5,155.5,63.09,0,8.1,"5 or more",1.5,6.03,9.78,8.98,3.68,5.48,,0,0,1,9,2,0
"HEX_CONUS_-442_887","CONUS","ND","North Dakota","38025","Dunn",-442156,886857,-102.22,47.39,1,"HEX_CONUS_-542_887;HEX_CONUS_-492_800;HEX_CONUS_-492_973;HEX_CONUS_-392_973;HEX_CONUS_-392_800;HEX_CONUS_-342_887",0,0,0,0,0,0,3,1602.8,1602.8,338.57,300,6.61,"5 or more",4.93,4,4,3.44,2.13,2.57,,1,0,0,4,2,2
"HEX_CONUS_-442_1060","CONUS","ND","North Dakota","38013","Burke",-442156,1060062,-102.38,48.85,0.7,"HEX_CONUS_-542_1060;HEX_CONUS_-492_973;HEX_CONUS_-392_973;HEX_CONUS_-342_1060",0,0,0,0,0,0,1,199.4,199.4,142.02,170.8,9.78,"5 or more",0.84,2.61,4.18,2.03,1.25,2.18,,1,0,0,4,2,0
"HEX_CONUS_-392_973","CONUS","ND","North Dakota","38101","Ward",-392156,973460,-101.59,48.14,1,"HEX_CONUS_-492_973;HEX_CONUS_-442_887;HEX_CONUS_-442_1060;HEX_CONUS_-342_887;HEX_CONUS_-342_1060;HEX_CONUS_-292_973",0,0,0,0,0,0,3,131.9,131.9,181.61,407.7,9.58,"5 or more",9.77,6.82,4.34,4.85,6.36,6.75,,1,0,0,4,2,0
"HEX_CONUS_-392_-1451","CONUS","TX","Texas","48479","Webb",-392156,-1451411,-100.1,27.47,0.04,"HEX_CONUS_-442_-1365;HEX_CONUS_-342_-1538;HEX_CONUS_-342_-1365;HEX_CONUS_-292_-1451",0,0,0,0,0,0,0,0,0,12.43,5218.75,10.38,"5 or more",43.6,16.8,12.94,12.3,23.22,0,,1,1,0,8,1,0
"HEX_CONUS_-392_-412","CONUS","TX","Texas","48357","Ochiltree",-392156,-412181,-100.62,36.42,1,"HEX_CONUS_-492_-412;HEX_CONUS_-442_-499;HEX_CONUS_-442_-326;HEX_CONUS_-342_-499;HEX_CONUS_-342_-326;HEX_CONUS_-292_-412",0,0,0,0,0,0,5,1047.6,1047.6,192.08,252.73,100,"5 or more",73.36,11.64,25.15,7,1.88,0,,1,1,0,8,1,0
"HEX_CONUS_-392_-1278","CONUS","TX","Texas","48323","Maverick",-392156,-1278206,-100.18,28.97,0.94,"HEX_CONUS_-492_-1278;HEX_CONUS_-442_-1365;HEX_CONUS_-442_-1192;HEX_CONUS_-342_-1365;HEX_CONUS_-342_-1192;HEX_CONUS_-292_-1278",0,0,0,0,0,0,6,270,270,0,1505.85,20.45,"5 or more",38.4,17.63,24.06,9.73,27.3,0,,1,1,0,8,1,0
"HEX_CONUS_-392_-1105","CONUS","TX","Texas","48435","Sutton",-392156,-1105001,-100.26,30.48,1,"HEX_CONUS_-492_-1105;HEX_CONUS_-442_-1192;HEX_CONUS_-442_-1018;HEX_CONUS_-342_-1192;HEX_CONUS_-342_-1018;HEX_CONUS_-292_-1105",0,0,0,0,0,0,1,9.9,9.9,101.76,1057.11,8.15,"5 or more",2.42,7.27,7.21,13.46,11.61,0,,1,1,0,8,1,0
"HEX_CONUS_-392_-932","CONUS","TX","Texas","48081","Coke",-392156,-931796,-100.34,31.97,1,"HEX_CONUS_-492_-932;HEX_CONUS_-442_-1018;HEX_CONUS_-442_-845;HEX_CONUS_-342_-1018;HEX_CONUS_-342_-845;HEX_CONUS_-292_-932",1,0,0,0,1,1,19,3757.8,3757.8,465.25,959.19,83.33,"5 or more",6.08,8.46,7.72,22.61,4.13,3.65,,1,1,0,8,1,0
"HEX_CONUS_-392_-759","CONUS","TX","Texas","48269","King",-392156,-758591,-100.43,33.46,1,"HEX_CONUS_-492_-759;HEX_CONUS_-442_-845;HEX_CONUS_-442_-672;HEX_CONUS_-342_-845;HEX_CONUS_-342_-672;HEX_CONUS_-292_-759",0,0,0,0,0,0,2,452,452,148.2,1012.5,9.82,"5 or more",2.73,4.42,10.29,8.64,0,0,,1,1,0,8,1,0
"HEX_CONUS_-392_-585","CONUS","TX","Texas","48087","Collingsworth",-392156,-585386,-100.53,34.94,1,"HEX_CONUS_-492_-585;HEX_CONUS_-442_-672;HEX_CONUS_-442_-499;HEX_CONUS_-342_-672;HEX_CONUS_-342_-499;HEX_CONUS_-292_-585",0,0,0,0,0,0,1,174,174,301.53,,12.33,"5 or more",34.63,14.36,32.71,15.93,5.47,0,,1,1,0,8,1,0
"HEX_CONUS_-392_-239","CONUS","KS","Kansas","20055","Finney",-392156,-238976,-100.73,37.89,1,"HEX_CONUS_-492_-239;HEX_CONUS_-442_-326;HEX_CONUS_-442_-152;HEX_CONUS_-342_-326;HEX_CONUS_-342_-152;HEX_CONUS_-292_-239",0,0,0,0,0,0,10,1496.1,1512.1,282.44,2879.5,100,"5 or more",231.18,15.87,31.46,1.41,6.81,0,,1,0,0,8,1,0
"HEX_CONUS_-392_-66","CONUS","KS","Kansas","20193","Thomas",-392156,-65771,-100.83,39.36,1,"HEX_CONUS_-492_-66;HEX_CONUS_-442_-152;HEX_CONUS_-442_21;HEX_CONUS_-342_-152;HEX_CONUS_-342_21;HEX_CONUS_-292_-66",0,0,0,0,0,0,6,510.5,511.8,125.17,0,100,"5 or more",85.93,5.28,4.97,0.34,2.79,0,,1,0,0,8,1,0
"HEX_CONUS_-392_107","CONUS","NE","Nebraska","31111","Lincoln",-392156,107434,-100.94,40.82,1,"HEX_CONUS_-492_107;HEX_CONUS_-442_21;HEX_CONUS_-442_194;HEX_CONUS_-342_21;HEX_CONUS_-342_194;HEX_CONUS_-292_107",0,0,0,0,0,0,4,1413.8,1413.8,387.28,0,100,"5 or more",760.81,10.43,10.84,7.07,6.12,10.14,,1,0,0,9,3,0
"HEX_CONUS_-392_281","CONUS","NE","Nebraska","31031","Cherry",-392156,280640,-101.06,42.29,1,"HEX_CONUS_-492_281;HEX_CONUS_-442_194;HEX_CONUS_-442_367;HEX_CONUS_-342_194;HEX_CONUS_-342_367;HEX_CONUS_-292_281",0,0,0,0,0,0,0,0,0,0,52.85,2.36,"1–4.99",69.06,6.89,8.54,12.47,3.21,7.01,,1,0,0,9,3,0
"HEX_CONUS_-392_454","CONUS","SD","South Dakota","46095","Mellette",-392156,453845,-101.18,43.75,1,"HEX_CONUS_-492_454;HEX_CONUS_-442_367;HEX_CONUS_-442_540;HEX_CONUS_-342_367;HEX_CONUS_-342_540;HEX_CONUS_-292_454",0,0,0,0,0,0,0,0,0,0,,6.28,"5 or more",1.42,6.67,11.94,11.57,0,7.86,,0,0,1,9,2,0
"HEX_CONUS_-392_627","CONUS","SD","South Dakota","46041","Dewey",-392156,627050,-101.31,45.21,1,"HEX_CONUS_-492_627;HEX_CONUS_-442_540;HEX_CONUS_-442_714;HEX_CONUS_-342_540;HEX_CONUS_-342_714;HEX_CONUS_-292_627",0,0,0,0,0,0,0,0,0,0,0,5.76,"5 or more",1.26,12.18,16.12,16.34,10.29,13.04,,0,0,1,9,2,0
"HEX_CONUS_-392_800","CONUS","ND","North Dakota","38059","Morton",-392156,800255,-101.45,46.68,1,"HEX_CONUS_-492_800;HEX_CONUS_-442_714;HEX_CONUS_-442_887;HEX_CONUS_-342_714;HEX_CONUS_-342_887;HEX_CONUS_-292_800",0,0,0,0,0,0,11,1730,1730,451.27,1009.94,5.75,"5 or more",59.65,6.73,4.34,4.72,5.48,8.12,,1,0,0,4,2,2
"HEX_CONUS_-342_-1538","CONUS","TX","Texas","48505","Zapata",-342156,-1538014,-99.54,26.73,0.19,"HEX_CONUS_-392_-1451;HEX_CONUS_-292_-1451;HEX_CONUS_-292_-1625;HEX_CONUS_-242_-1538",0,0,0,0,0,0,7,845.8,845.8,83.36,4423.21,6.35,"5 or more",4.06,11.76,10.95,10.61,21.47,0,,1,1,0,8,1,0
"HEX_CONUS_-342_-1365","CONUS","TX","Texas","48127","Dimmit",-342156,-1364809,-99.61,28.24,0.97,"HEX_CONUS_-442_-1365;HEX_CONUS_-392_-1451;HEX_CONUS_-392_-1278;HEX_CONUS_-292_-1451;HEX_CONUS_-292_-1278;HEX_CONUS_-242_-1365",0,0,0,0,0,0,3,219.8,219.8,0,1604.1,13.93,"5 or more",17.29,12.99,23.65,7.62,21.15,0,,1,1,0,8,1,0
"HEX_CONUS_-342_-1192","CONUS","TX","Texas","48385","Real",-342156,-1191604,-99.68,29.74,1,"HEX_CONUS_-442_-1192;HEX_CONUS_-392_-1278;HEX_CONUS_-392_-1105;HEX_CONUS_-292_-1278;HEX_CONUS_-292_-1105;HEX_CONUS_-242_-1192",0,0,0,0,0,0,2,205,205,0,,3.13,"1–4.99",0.74,17.75,9.85,20.52,31.91,0,,1,1,0,8,1,0
"HEX_CONUS_-342_-1018","CONUS","TX","Texas","48095","Concho",-342156,-1018399,-99.75,31.24,1,"HEX_CONUS_-442_-1018;HEX_CONUS_-392_-1105;HEX_CONUS_-392_-932;HEX_CONUS_-292_-1105;HEX_CONUS_-292_-932;HEX_CONUS_-242_-1018",0,0,0,0,0,0,8,1520.3,1520.3,267.86,2371.48,33.75,"5 or more",5.05,3.59,7.44,6.84,2.39,0,,1,1,0,8,1,1
"HEX_CONUS_-342_-845","CONUS","TX","Texas","48253","Jones",-342156,-845193,-99.83,32.73,1,"HEX_CONUS_-442_-845;HEX_CONUS_-392_-932;HEX_CONUS_-392_-759;HEX_CONUS_-292_-932;HEX_CONUS_-292_-759;HEX_CONUS_-242_-845",3,2600,2,1,2,0,10,1437.4,1437.4,689.61,3127.31,10.88,"5 or more",12.61,6.9,8.87,9.38,10.04,0,,1,1,0,8,1,0
"HEX_CONUS_-342_-672","CONUS","TX","Texas","48197","Hardeman",-342156,-671988,-99.91,34.22,1,"HEX_CONUS_-442_-672;HEX_CONUS_-392_-759;HEX_CONUS_-392_-585;HEX_CONUS_-292_-759;HEX_CONUS_-292_-585;HEX_CONUS_-242_-672",3,850,2,1,2,0,6,1057.8,1057.8,537.36,2193.76,7.95,"5 or more",11.97,6.18,9.31,9.71,3.98,10.23,,1,1,0,8,1,0
"HEX_CONUS_-342_-499","CONUS","OK","Oklahoma","40129","Roger Mills",-342156,-498783,-99.99,35.7,1,"HEX_CONUS_-442_-499;HEX_CONUS_-392_-412;HEX_CONUS_-392_-585;HEX_CONUS_-292_-412;HEX_CONUS_-292_-585;HEX_CONUS_-242_-499",0,0,0,0,0,0,3,618.7,618.7,245.23,0,11.97,"5 or more",4.99,6.4,10.27,14.08,2.61,4.85,,1,1,1,11,3,0
"HEX_CONUS_-342_-326","CONUS","KS","Kansas","20025","Clark",-342156,-325578,-100.08,37.17,1,"HEX_CONUS_-442_-326;HEX_CONUS_-392_-412;HEX_CONUS_-392_-239;HEX_CONUS_-292_-412;HEX_CONUS_-292_-239;HEX_CONUS_-242_-326",0,0,0,0,0,0,6,785.2,790.8,143.14,150,54.37,"5 or more",3.53,9.72,22.43,5.85,1.3,3.14,,1,0,0,8,1,0
"HEX_CONUS_-342_-152","CONUS","KS","Kansas","20135","Ness",-342156,-152373,-100.17,38.64,1,"HEX_CONUS_-442_-152;HEX_CONUS_-392_-239;HEX_CONUS_-392_-66;HEX_CONUS_-292_-239;HEX_CONUS_-292_-66;HEX_CONUS_-242_-152",0,0,0,0,0,0,1,198.6,198.6,18.27,0,72.33,"5 or more",4.13,8.35,15.55,2.45,5.13,0,,1,0,0,8,1,0
"HEX_CONUS_-342_21","CONUS","NE","Nebraska","31145","Red Willow",-342156,20832,-100.27,40.11,1,"HEX_CONUS_-442_21;HEX_CONUS_-392_-66;HEX_CONUS_-392_107;HEX_CONUS_-292_-66;HEX_CONUS_-292_107;HEX_CONUS_-242_21",0,0,0,0,0,0,4,66.7,75.6,75.49,0,100,"5 or more",41.4,11.09,21.81,2.38,5.24,5.95,,1,0,0,9,3,0
"HEX_CONUS_-342_194","CONUS","NE","Nebraska","31113","Logan",-342156,194037,-100.36,41.58,1,"HEX_CONUS_-442_194;HEX_CONUS_-392_107;HEX_CONUS_-392_281;HEX_CONUS_-292_107;HEX_CONUS_-292_281;HEX_CONUS_-242_194",0,0,0,0,0,0,0,0,0,5.65,,7.51,"5 or more",27.68,3.25,6.22,2.73,0.12,2.62,,1,0,0,9,3,0
"HEX_CONUS_-342_367","CONUS","SD","South Dakota","46121","Todd",-342156,367242,-100.47,43.04,1,"HEX_CONUS_-442_367;HEX_CONUS_-392_281;HEX_CONUS_-392_454;HEX_CONUS_-292_281;HEX_CONUS_-292_454;HEX_CONUS_-242_367",0,0,0,0,0,0,1,1.9,1.9,0,0,4.63,"1–4.99",13.96,15.94,19.12,30.15,11.25,20.16,,0,0,1,9,2,0
"HEX_CONUS_-342_540","CONUS","SD","South Dakota","46117","Stanley",-342156,540447,-100.58,44.5,1,"HEX_CONUS_-442_540;HEX_CONUS_-392_454;HEX_CONUS_-392_627;HEX_CONUS_-292_454;HEX_CONUS_-292_627;HEX_CONUS_-242_540",0,0,0,0,0,0,3,793.1,793.1,201.12,0,6.12,"5 or more",0.99,3.67,5.54,4.53,4.78,3.67,,0,0,1,9,2,1
"HEX_CONUS_-342_714","CONUS","ND","North Dakota","38085","Sioux",-342156,713652,-100.69,45.97,1,"HEX_CONUS_-442_714;HEX_CONUS_-392_627;HEX_CONUS_-392_800;HEX_CONUS_-292_627;HEX_CONUS_-292_800;HEX_CONUS_-242_714",0,0,0,0,0,0,1,94.3,94.3,272.4,0,6.03,"5 or more",0.76,11.56,10.43,14.58,7.78,11.35,,1,0,0,4,2,0
"HEX_CONUS_-342_887","CONUS","ND","North Dakota","38055","McLean",-342156,886857,-100.81,47.43,1,"HEX_CONUS_-442_887;HEX_CONUS_-392_973;HEX_CONUS_-392_800;HEX_CONUS_-292_800;HEX_CONUS_-292_973;HEX_CONUS_-242_887",0,0,0,0,0,0,9,2849,2855,967.29,0.03,6.98,"5 or more",23.27,7.08,7.72,5.14,4.7,9.02,,1,0,0,4,2,0
"HEX_CONUS_-342_1060","CONUS","ND","North Dakota","38009","Bottineau",-342156,1060062,-100.94,48.9,0.63,"HEX_CONUS_-442_1060;HEX_CONUS_-392_973;HEX_CONUS_-292_973;HEX_CONUS_-242_1060",0,0,0,0,0,0,0,0,0,0,,10.98,"5 or more",3.27,4.93,5.22,4.65,3.09,3.73,,1,0,0,4,2,0
"HEX_CONUS_-292_-1451","CONUS","TX","Texas","48479","Webb",-292156,-1451411,-99.05,27.5,0.96,"HEX_CONUS_-392_-1451;HEX_CONUS_-342_-1538;HEX_CONUS_-342_-1365;HEX_CONUS_-242_-1538;HEX_CONUS_-242_-1365;HEX_CONUS_-192_-1451",0,0,0,0,0,0,13,1847.3,1847.3,251.87,5218.75,10.38,"5 or more",43.6,16.8,12.94,12.3,23.22,0,,1,1,0,8,1,0
"HEX_CONUS_-292_-412","CONUS","OK","Oklahoma","40153","Woodward",-292156,-412181,-99.45,36.45,1,"HEX_CONUS_-392_-412;HEX_CONUS_-342_-499;HEX_CONUS_-342_-326;HEX_CONUS_-242_-499;HEX_CONUS_-242_-326;HEX_CONUS_-192_-412",0,0,0,0,0,0,12,1719.4,1719.4,315.25,1525.04,27.26,"5 or more",16.03,5.8,7.93,5.94,6.53,9.24,,1,1,1,11,3,0
"HEX_CONUS_-292_-1625","CONUS","TX","Texas","48427","Starr",-292156,-1624616,-98.99,25.98,0.05,"HEX_CONUS_-342_-1538;HEX_CONUS_-242_-1538;HEX_CONUS_-192_-1625",0,0,0,0,0,0,4,420,420,0,4910.77,100,"5 or more",14.09,36.22,26.8,19.53,61.73,19.48,,1,1,0,8,1,0
"HEX_CONUS_-292_-1278","CONUS","TX","Texas","48163","Frio",-292156,-1278206,-99.11,29.01,1,"HEX_CONUS_-392_-1278;HEX_CONUS_-342_-1365;HEX_CONUS_-342_-1192;HEX_CONUS_-242_-1365;HEX_CONUS_-242_-1192;HEX_CONUS_-192_-1278",3,300,1,0,3,0,4,544.6,544.6,0,1421.43,39.19,"5 or more",58.4,8.45,15.31,6.1,11.92,0,,1,1,0,8,1,0
"HEX_CONUS_-292_-1105","CONUS","TX","Texas","48319","Mason",-292156,-1105001,-99.17,30.51,1,"HEX_CONUS_-392_-1105;HEX_CONUS_-342_-1192;HEX_CONUS_-342_-1018;HEX_CONUS_-242_-1192;HEX_CONUS_-242_-1018;HEX_CONUS_-192_-1105",0,0,0,0,0,0,1,100,100,213.61,0,5.9,"5 or more",5.72,9.11,16.17,16.49,11.55,0,,1,1,0,8,1,1
"HEX_CONUS_-292_-932","CONUS","TX","Texas","48083","Coleman",-292156,-931796,-99.24,32,1,"HEX_CONUS_-392_-932;HEX_CONUS_-342_-1018;HEX_CONUS_-342_-845;HEX_CONUS_-242_-1018;HEX_CONUS_-242_-845;HEX_CONUS_-192_-932",0,0,0,0,0,0,9,1768.5,1768.5,266.13,1545.36,11.23,"5 or more",2.74,11.34,16.41,20.75,9.59,0,,1,1,0,8,1,0
"HEX_CONUS_-292_-759","CONUS","TX","Texas","48023","Baylor",-292156,-758591,-99.3,33.49,1,"HEX_CONUS_-392_-759;HEX_CONUS_-342_-845;HEX_CONUS_-342_-672;HEX_CONUS_-242_-845;HEX_CONUS_-242_-672;HEX_CONUS_-192_-759",1,0,0,0,1,0,14,3346,3346,332.43,1600,7.97,"5 or more",5.94,10.81,24.62,9.69,6.28,6.88,,1,1,0,8,1,0
"HEX_CONUS_-292_-585","CONUS","OK","Oklahoma","40055","Greer",-292156,-585386,-99.37,34.97,1,"HEX_CONUS_-392_-585;HEX_CONUS_-342_-672;HEX_CONUS_-342_-499;HEX_CONUS_-242_-672;HEX_CONUS_-242_-499;HEX_CONUS_-192_-585",0,0,0,0,0,0,4,526.6,531.2,104.7,0,6.85,"5 or more",8.47,6.08,11.28,6.69,4.61,6.65,,1,1,1,11,3,0
"HEX_CONUS_-292_-239","CONUS","KS","Kansas","20047","Edwards",-292156,-238976,-99.52,37.93,1,"HEX_CONUS_-392_-239;HEX_CONUS_-342_-326;HEX_CONUS_-342_-152;HEX_CONUS_-242_-326;HEX_CONUS_-242_-152;HEX_CONUS_-192_-239",0,0,0,0,0,0,11,1283.5,1288,525.12,575,100,"5 or more",100.75,9.83,22.41,2.6,4.44,3.54,,1,0,0,8,1,0
"HEX_CONUS_-292_-66","CONUS","KS","Kansas","20163","Rooks",-292156,-65771,-99.6,39.4,1,"HEX_CONUS_-392_-66;HEX_CONUS_-342_-152;HEX_CONUS_-342_21;HEX_CONUS_-242_-152;HEX_CONUS_-242_21;HEX_CONUS_-192_-66",0,0,0,0,0,0,4,217.7,217.7,63.41,0,14.98,"5 or more",2.98,9.33,12.97,3.1,3.58,7.44,,1,0,0,8,1,0
"HEX_CONUS_-292_107","CONUS","NE","Nebraska","31047","Dawson",-292156,107434,-99.68,40.86,1,"HEX_CONUS_-392_107;HEX_CONUS_-342_21;HEX_CONUS_-342_194;HEX_CONUS_-242_21;HEX_CONUS_-242_194;HEX_CONUS_-192_107",0,0,0,0,0,0,7,160.9,160.9,386.96,0,100,"5 or more",211.23,17.81,23.47,3.77,9.46,11.08,,1,0,0,9,3,0
"HEX_CONUS_-292_281","CONUS","NE","Nebraska","31017","Brown",-292156,280640,-99.77,42.33,1,"HEX_CONUS_-392_281;HEX_CONUS_-342_194;HEX_CONUS_-342_367;HEX_CONUS_-242_194;HEX_CONUS_-242_367;HEX_CONUS_-192_281",0,0,0,0,0,0,1,59.4,59.4,0,21.9,2.53,"1–4.99",70.1,9.69,19.02,7.39,0,7.64,,1,0,0,9,3,0
"HEX_CONUS_-292_454","CONUS","SD","South Dakota","46085","Lyman",-292156,453845,-99.86,43.79,1,"HEX_CONUS_-392_454;HEX_CONUS_-342_367;HEX_CONUS_-342_540;HEX_CONUS_-242_367;HEX_CONUS_-242_540;HEX_CONUS_-192_454",0,0,0,0,0,0,1,538.3,538.3,73.9,0,6.31,"5 or more",2.95,6.65,10.49,6.79,2.53,7.39,,0,0,1,9,2,0
"HEX_CONUS_-292_627","CONUS","SD","South Dakota","46129","Walworth",-292156,627050,-99.96,45.26,1,"HEX_CONUS_-392_627;HEX_CONUS_-342_540;HEX_CONUS_-342_714;HEX_CONUS_-242_540;HEX_CONUS_-242_714;HEX_CONUS_-192_627",0,0,0,0,0,0,0,0,0,285.32,0,4.96,"1–4.99",1.57,9.03,8.71,10.16,1.69,9.24,,0,0,1,9,2,0
"HEX_CONUS_-292_800","CONUS","ND","North Dakota","38043","Kidder",-292156,800255,-100.06,46.72,1,"HEX_CONUS_-392_800;HEX_CONUS_-342_714;HEX_CONUS_-342_887;HEX_CONUS_-242_714;HEX_CONUS_-242_887;HEX_CONUS_-192_800",1,0,0,0,1,0,1,200,200,819,0,5.24,"5 or more",16.6,4.19,1.7,2.99,0,3.52,,1,0,0,4,2,0
"HEX_CONUS_-292_973","CONUS","ND","North Dakota","38069","Pierce",-292156,973460,-100.16,48.19,1,"HEX_CONUS_-392_973;HEX_CONUS_-342_887;HEX_CONUS_-342_1060;HEX_CONUS_-242_887;HEX_CONUS_-242_1060;HEX_CONUS_-192_973",0,0,0,0,0,0,1,149,149,248.05,0,6.8,"5 or more",1.19,5.59,2.21,5.35,1.75,5.33,,1,0,0,4,2,0
"HEX_CONUS_-242_-1538","CONUS","TX","Texas","48427","Starr",-242156,-1538014,-98.51,26.75,1,"HEX_CONUS_-342_-1538;HEX_CONUS_-292_-1451;HEX_CONUS_-292_-1625;HEX_CONUS_-192_-1451;HEX_CONUS_-192_-1625;HEX_CONUS_-142_-1538",0,0,0,0,0,0,8,1055.4,1055.4,228.71,4910.77,100,"5 or more",14.09,36.22,26.8,19.53,61.73,19.48,,1,1,0,8,1,0
"HEX_CONUS_-242_-1365","CONUS","TX","Texas","48311","McMullen",-242156,-1364809,-98.55,28.27,1,"HEX_CONUS_-342_-1365;HEX_CONUS_-292_-1451;HEX_CONUS_-292_-1278;HEX_CONUS_-192_-1451;HEX_CONUS_-192_-1278;HEX_CONUS_-142_-1365",0,0,0,0,0,0,1,410,410,122.13,261.42,10.99,"5 or more",8.3,2.63,6.33,3.39,5.08,0,,1,1,0,8,1,0
"HEX_CONUS_-242_-1192","CONUS","TX","Texas","48091","Comal",-242156,-1191604,-98.6,29.77,1,"HEX_CONUS_-342_-1192;HEX_CONUS_-292_-1278;HEX_CONUS_-292_-1105;HEX_CONUS_-192_-1278;HEX_CONUS_-192_-1105;HEX_CONUS_-142_-1192",27,583,7,12,15,0,13,1574.6,1580.6,426.85,406.51,1.14,"1–4.99",23.37,16.72,6.65,15.35,27.09,0,5,1,1,0,8,1,1
"HEX_CONUS_-242_-1018","CONUS","TX","Texas","48411","San Saba",-242156,-1018399,-98.66,31.27,1,"HEX_CONUS_-342_-1018;HEX_CONUS_-292_-1105;HEX_CONUS_-292_-932;HEX_CONUS_-192_-1105;HEX_CONUS_-192_-932;HEX_CONUS_-142_-1018",0,0,0,0,0,0,4,849.2,849.2,210.31,,7.06,"5 or more",8.43,6.44,10.78,11.01,9.13,0,,1,1,0,8,1,0
"HEX_CONUS_-242_-845","CONUS","TX","Texas","48429","Stephens",-242156,-845193,-98.71,32.76,1,"HEX_CONUS_-342_-845;HEX_CONUS_-292_-932;HEX_CONUS_-292_-759;HEX_CONUS_-192_-932;HEX_CONUS_-192_-759;HEX_CONUS_-142_-845",1,0,0,0,1,0,5,1802.2,1868.2,268.45,301.4,8.47,"5 or more",41.83,6.85,7.33,11.55,9.21,8.07,,1,1,0,8,1,0
"HEX_CONUS_-242_-672","CONUS","OK","Oklahoma","40141","Tillman",-242156,-671988,-98.77,34.25,1,"HEX_CONUS_-342_-672;HEX_CONUS_-292_-759;HEX_CONUS_-292_-585;HEX_CONUS_-192_-759;HEX_CONUS_-192_-585;HEX_CONUS_-142_-672",2,230,1,1,1,0,6,883.8,912.7,475.47,0,2.99,"1–4.99",18.58,8.08,15.84,7.69,5.03,9.99,,1,1,1,11,3,0
"HEX_CONUS_-242_-499","CONUS","OK","Oklahoma","40039","Custer",-242156,-498783,-98.83,35.73,1,"HEX_CONUS_-342_-499;HEX_CONUS_-292_-412;HEX_CONUS_-292_-585;HEX_CONUS_-192_-412;HEX_CONUS_-192_-585;HEX_CONUS_-142_-499",0,0,0,0,0,0,9,2126.1,2126.1,361.39,120,6.55,"5 or more",18.58,11.57,12.16,10.15,4.91,11.9,,1,1,1,11,3,0
"HEX_CONUS_-242_-326","CONUS","KS","Kansas","20007","Barber",-242156,-325578,-98.89,37.2,1,"HEX_CONUS_-342_-326;HEX_CONUS_-292_-412;HEX_CONUS_-292_-239;HEX_CONUS_-192_-412;HEX_CONUS_-192_-239;HEX_CONUS_-142_-326",0,0,0,0,0,0,5,467.5,467.5,270.63,284,2.61,"1–4.99",5.13,6.92,13.5,4.49,2.63,4.07,,1,0,0,8,1,0
"HEX_CONUS_-242_-152","CONUS","KS","Kansas","20009","Barton",-242156,-152373,-98.95,38.68,1,"HEX_CONUS_-342_-152;HEX_CONUS_-292_-239;HEX_CONUS_-292_-66;HEX_CONUS_-192_-239;HEX_CONUS_-192_-66;HEX_CONUS_-142_-152",0,0,0,0,0,0,9,296.8,297.4,473.33,0,100,"5 or more",36.46,15.37,7.03,4.3,15.5,16.17,,1,0,0,8,1,0
"HEX_CONUS_-242_21","CONUS","NE","Nebraska","31061","Franklin",-242156,20832,-99.02,40.14,1,"HEX_CONUS_-342_21;HEX_CONUS_-292_-66;HEX_CONUS_-292_107;HEX_CONUS_-192_-66;HEX_CONUS_-192_107;HEX_CONUS_-142_21",0,0,0,0,0,0,8,360.3,361.3,214.95,0,100,"5 or more",69.03,13.19,23.19,3.03,9.06,3.56,,1,0,0,9,3,0
"HEX_CONUS_-242_194","CONUS","NE","Nebraska","31175","Valley",-242156,194037,-99.09,41.61,1,"HEX_CONUS_-342_194;HEX_CONUS_-292_107;HEX_CONUS_-292_281;HEX_CONUS_-192_107;HEX_CONUS_-192_281;HEX_CONUS_-142_194",0,0,0,0,0,0,7,180.9,181.5,0,,7.18,"5 or more",79.26,11.12,18.62,3.32,7.07,6.14,,1,0,0,9,3,1
"HEX_CONUS_-242_367","CONUS","SD","South Dakota","46053","Gregory",-242156,367242,-99.16,43.08,1,"HEX_CONUS_-342_367;HEX_CONUS_-292_281;HEX_CONUS_-292_454;HEX_CONUS_-192_281;HEX_CONUS_-192_454;HEX_CONUS_-142_367",0,0,0,0,0,0,3,324.5,324.5,109.16,0,5.36,"5 or more",1.91,6.99,10.06,4.91,0.57,5.17,,0,0,1,9,2,0
"HEX_CONUS_-242_540","CONUS","SD","South Dakota","46059","Hand",-242156,540447,-99.24,44.54,1,"HEX_CONUS_-342_540;HEX_CONUS_-292_454;HEX_CONUS_-292_627;HEX_CONUS_-192_454;HEX_CONUS_-192_627;HEX_CONUS_-142_540",0,0,0,0,0,0,5,716.5,716.5,395.18,0,8.06,"5 or more",1.9,7.09,7.1,8.26,4.52,5.21,,0,0,1,9,2,0
"HEX_CONUS_-242_714","CONUS","ND","North Dakota","38051","McIntosh",-242156,713652,-99.32,46,1,"HEX_CONUS_-342_714;HEX_CONUS_-292_627;HEX_CONUS_-292_800;HEX_CONUS_-192_627;HEX_CONUS_-192_800;HEX_CONUS_-142_714",0,0,0,0,0,0,4,541.5,541.5,295.21,262,6.34,"5 or more",1.21,8.97,8.63,6.27,1.19,8.8,,1,0,0,4,2,0
"HEX_CONUS_-242_887","CONUS","ND","North Dakota","38103","Wells",-242156,886857,-99.41,47.47,1,"HEX_CONUS_-342_887;HEX_CONUS_-292_800;HEX_CONUS_-292_973;HEX_CONUS_-192_800;HEX_CONUS_-192_973;HEX_CONUS_-142_887",0,0,0,0,0,0,0,0,0,144.13,,6.12,"5 or more",1.02,6.47,0,4,4.67,6.88,,1,0,0,4,2,0
"HEX_CONUS_-242_1060","CONUS","ND","North Dakota","38095","Towner",-242156,1060062,-99.5,48.94,0.58,"HEX_CONUS_-342_1060;HEX_CONUS_-292_973;HEX_CONUS_-192_973;HEX_CONUS_-142_1060",0,0,0,0,0,0,1,150,150,120.08,,4.65,"1–4.99",0.37,3.52,2.18,3.06,1.97,0,,1,0,0,4,2,0
"HEX_CONUS_-192_-1451","CONUS","TX","Texas","48273","Kleberg",-192156,-1451411,-98.01,27.52,1,"HEX_CONUS_-292_-1451;HEX_CONUS_-242_-1538;HEX_CONUS_-242_-1365;HEX_CONUS_-142_-1538;HEX_CONUS_-142_-1365;HEX_CONUS_-92_-1451",2,502,2,0,2,1,6,558.4,558.4,214.85,340,5.01,"5 or more",5.07,12.17,10.17,11.54,20.55,7.56,,1,1,0,8,1,0
"HEX_CONUS_-192_-412","CONUS","OK","Oklahoma","40003","Alfalfa",-192156,-412181,-98.27,36.48,1,"HEX_CONUS_-292_-412;HEX_CONUS_-242_-499;HEX_CONUS_-242_-326;HEX_CONUS_-142_-499;HEX_CONUS_-142_-326;HEX_CONUS_-92_-412",0,0,0,0,0,0,5,839.7,839.7,131.16,176,2.53,"1–4.99",5.89,4.45,7.28,1.71,3.46,3.69,,1,1,1,11,3,0
"HEX_CONUS_-192_-1625","CONUS","TX","Texas","48215","Hidalgo",-192156,-1624616,-97.97,26,0.43,"HEX_CONUS_-292_-1625;HEX_CONUS_-242_-1538;HEX_CONUS_-142_-1538;HEX_CONUS_-92_-1625",5,2410.25,5,1,4,1,32,3021.9,3053.3,285.93,3981.02,100,"5 or more",292.62,38.06,32.62,18.84,42.02,39.58,9,1,1,0,8,1,1
"HEX_CONUS_-192_-1278","CONUS","TX","Texas","48493","Wilson",-192156,-1278206,-98.05,29.03,1,"HEX_CONUS_-292_-1278;HEX_CONUS_-242_-1365;HEX_CONUS_-242_-1192;HEX_CONUS_-142_-1365;HEX_CONUS_-142_-1192;HEX_CONUS_-92_-1278",3,0,0,0,3,0,19,4940.6,4940.6,436.69,2936.41,2.11,"1–4.99",16.92,11.56,10.44,6.61,19.26,0,,1,1,0,8,1,0
"HEX_CONUS_-192_-1105","CONUS","TX","Texas","48453","Travis",-192156,-1105001,-98.09,30.53,1,"HEX_CONUS_-292_-1105;HEX_CONUS_-242_-1192;HEX_CONUS_-242_-1018;HEX_CONUS_-142_-1192;HEX_CONUS_-142_-1018;HEX_CONUS_-92_-1105",9,375,5,3,5,3,22,1437.8,1472.2,37.29,685.19,3.09,"1–4.99",134.25,22.92,7.51,14.53,23.74,0,243,1,1,0,8,1,1
"HEX_CONUS_-192_-932","CONUS","TX","Texas","48143","Erath",-192156,-931796,-98.13,32.03,1,"HEX_CONUS_-292_-932;HEX_CONUS_-242_-1018;HEX_CONUS_-242_-845;HEX_CONUS_-142_-1018;HEX_CONUS_-142_-845;HEX_CONUS_-92_-932",2,600,1,1,1,2,9,4722.8,4722.8,298.07,1070.55,2.7,"1–4.99",13.62,10.87,6.64,19.59,13.14,0,,1,1,0,8,1,0
"HEX_CONUS_-192_-759","CONUS","TX","Texas","48077","Clay",-192156,-758591,-98.17,33.52,1,"HEX_CONUS_-292_-759;HEX_CONUS_-242_-845;HEX_CONUS_-242_-672;HEX_CONUS_-142_-845;HEX_CONUS_-142_-672;HEX_CONUS_-92_-759",0,0,0,0,0,0,9,912.1,912.1,446.46,2108,4.68,"1–4.99",9.61,10.38,21.12,16.84,5.6,8.12,,1,1,0,8,1,0
"HEX_CONUS_-192_-585","CONUS","OK","Oklahoma","40015","Caddo",-192156,-585386,-98.22,35,1,"HEX_CONUS_-292_-585;HEX_CONUS_-242_-672;HEX_CONUS_-242_-499;HEX_CONUS_-142_-672;HEX_CONUS_-142_-499;HEX_CONUS_-92_-585",0,0,0,0,0,0,21,3134.8,3221.4,270.92,1592.49,5.38,"5 or more",74.17,12.98,13.32,11.66,16.58,14.91,,1,1,1,11,3,0
"HEX_CONUS_-192_-239","CONUS","KS","Kansas","20155","Reno",-192156,-238976,-98.32,37.95,1,"HEX_CONUS_-292_-239;HEX_CONUS_-242_-326;HEX_CONUS_-242_-152;HEX_CONUS_-142_-326;HEX_CONUS_-142_-152;HEX_CONUS_-92_-239",0,0,0,0,0,0,13,841.7,844.4,262.75,967.8,5.7,"5 or more",68.73,17.14,9.21,22.42,13.55,21.01,4,1,0,0,8,1,1
"HEX_CONUS_-192_-66","CONUS","KS","Kansas","20123","Mitchell",-192156,-65771,-98.37,39.42,1,"HEX_CONUS_-292_-66;HEX_CONUS_-242_-152;HEX_CONUS_-242_21;HEX_CONUS_-142_-152;HEX_CONUS_-142_21;HEX_CONUS_-92_-66",0,0,0,0,0,0,4,21.3,37.2,28.46,160,5.13,"5 or more",13.97,7.22,7.44,0.79,6.22,3.18,,1,0,0,8,1,0
"HEX_CONUS_-192_107","CONUS","NE","Nebraska","31079","Hall",-192156,107434,-98.42,40.89,1,"HEX_CONUS_-292_107;HEX_CONUS_-242_21;HEX_CONUS_-242_194;HEX_CONUS_-142_21;HEX_CONUS_-142_194;HEX_CONUS_-92_107",1,0,0,0,1,0,10,596.8,657.8,334.51,0,100,"5 or more",237.97,18.78,22.06,1.88,13.09,7.41,,1,0,0,9,3,0
"HEX_CONUS_-192_281","CONUS","NE","Nebraska","31089","Holt",-192156,280640,-98.48,42.36,1,"HEX_CONUS_-292_281;HEX_CONUS_-242_194;HEX_CONUS_-242_367;HEX_CONUS_-142_194;HEX_CONUS_-142_367;HEX_CONUS_-92_281",0,0,0,0,0,0,5,1011.7,1011.7,223.85,250,5.86,"5 or more",279.32,8.55,13.14,8.16,6.29,4.97,,1,0,0,9,3,0
"HEX_CONUS_-192_454","CONUS","SD","South Dakota","46003","Aurora",-192156,453845,-98.54,43.82,1,"HEX_CONUS_-292_454;HEX_CONUS_-242_367;HEX_CONUS_-242_540;HEX_CONUS_-142_367;HEX_CONUS_-142_540;HEX_CONUS_-92_454",0,0,0,0,0,0,5,256.9,256.9,258.86,10.8,6.18,"5 or more",0.92,5.01,7.47,4.02,3,3.74,,0,0,1,9,2,0
"HEX_CONUS_-192_627","CONUS","SD","South Dakota","46013","Brown",-192156,627050,-98.6,45.29,1,"HEX_CONUS_-292_627;HEX_CONUS_-242_540;HEX_CONUS_-242_714;HEX_CONUS_-142_540;HEX_CONUS_-142_714;HEX_CONUS_-92_627",0,0,0,0,0,0,3,327.4,330.1,161.57,511.96,8.34,"5 or more",14.61,12.71,2.57,5.28,16.19,11.34,,0,0,1,9,2,0
"HEX_CONUS_-192_800","CONUS","ND","North Dakota","38093","Stutsman",-192156,800255,-98.67,46.75,1,"HEX_CONUS_-292_800;HEX_CONUS_-242_714;HEX_CONUS_-242_887;HEX_CONUS_-142_714;HEX_CONUS_-142_887;HEX_CONUS_-92_800",1,100,1,1,0,0,3,306.2,354.4,603.17,447,6.36,"5 or more",10.62,10.46,0,4.93,5.86,9.26,,1,0,0,4,2,1
"HEX_CONUS_-192_973","CONUS","ND","North Dakota","38071","Ramsey",-192156,973460,-98.74,48.22,1,"HEX_CONUS_-292_973;HEX_CONUS_-242_887;HEX_CONUS_-242_1060;HEX_CONUS_-142_887;HEX_CONUS_-142_1060;HEX_CONUS_-92_973",0,0,0,0,0,0,0,0,0,126.74,0,4.65,"1–4.99",0.34,8.31,2.93,6.7,12.6,0,,1,0,0,4,2,0
"HEX_CONUS_-142_-1538","CONUS","TX","Texas","48261","Kenedy",-142156,-1538014,-97.47,26.77,0.74,"HEX_CONUS_-242_-1538;HEX_CONUS_-192_-1451;HEX_CONUS_-192_-1625;HEX_CONUS_-92_-1625;HEX_CONUS_-92_-1451",1,166,1,0,1,0,10,2123.9,2123.9,180.91,1310.6,4.75,"1–4.99",0.87,3.11,0,8.41,1.36,0,,1,1,0,8,1,0
"HEX_CONUS_-142_-1365","CONUS","TX","Texas","48025","Bee",-142156,-1364809,-97.5,28.29,1,"HEX_CONUS_-242_-1365;HEX_CONUS_-192_-1451;HEX_CONUS_-192_-1278;HEX_CONUS_-92_-1451;HEX_CONUS_-92_-1278;HEX_CONUS_-42_-1365",1,597,1,0,0,0,14,3160.2,3160.2,422.13,1599.07,3.1,"1–4.99",4.96,8.92,11.28,3.65,14.06,0,,1,1,0,8,1,0
"HEX_CONUS_-142_-1192","CONUS","TX","Texas","48055","Caldwell",-142156,-1191604,-97.53,29.79,1,"HEX_CONUS_-242_-1192;HEX_CONUS_-192_-1278;HEX_CONUS_-192_-1105;HEX_CONUS_-92_-1278;HEX_CONUS_-92_-1105;HEX_CONUS_-42_-1192",13,3040,6,2,9,3,19,4888.7,4901.1,375.38,4577.98,0.98,"0.5–0.99",29.24,17.28,12.77,7.12,28.88,0,,1,1,0,8,1,1
"HEX_CONUS_-142_-1018","CONUS","TX","Texas","48099","Coryell",-142156,-1018399,-97.56,31.29,1,"HEX_CONUS_-242_-1018;HEX_CONUS_-192_-1105;HEX_CONUS_-192_-932;HEX_CONUS_-92_-1105;HEX_CONUS_-92_-932;HEX_CONUS_-42_-1018",7,527,3,1,5,3,16,2635.7,2635.7,209.15,107.6,2.78,"1–4.99",1.63,10.93,5.11,12.97,15.49,0,,1,1,0,8,1,0
"HEX_CONUS_-142_-845","CONUS","TX","Texas","48367","Parker",-142156,-845193,-97.59,32.78,1,"HEX_CONUS_-242_-845;HEX_CONUS_-192_-932;HEX_CONUS_-192_-759;HEX_CONUS_-92_-932;HEX_CONUS_-92_-759;HEX_CONUS_-42_-845",9,370,2,3,5,1,32,4486,4487.8,644.94,1472.2,3,"1–4.99",15.77,8.79,3.33,16.64,6.27,7.1,,1,1,0,8,1,3
"HEX_CONUS_-142_-672","CONUS","OK","Oklahoma","40067","Jefferson",-142156,-671988,-97.63,34.27,1,"HEX_CONUS_-242_-672;HEX_CONUS_-192_-759;HEX_CONUS_-192_-585;HEX_CONUS_-92_-759;HEX_CONUS_-92_-585;HEX_CONUS_-42_-672",0,0,0,0,0,0,4,395,395,170.16,0,1.86,"1–4.99",15.6,9.26,16.02,16.51,6.2,10.93,,1,1,1,11,3,0
"HEX_CONUS_-142_-499","CONUS","OK","Oklahoma","40083","Logan",-142156,-498783,-97.66,35.75,1,"HEX_CONUS_-242_-499;HEX_CONUS_-192_-412;HEX_CONUS_-192_-585;HEX_CONUS_-92_-585;HEX_CONUS_-92_-412;HEX_CONUS_-42_-499",4,1410,2,2,2,2,13,4674.4,5064.9,579.63,150,1.88,"1–4.99",7.66,8.15,8.03,6.69,5.53,11.75,,1,1,1,11,3,4
"HEX_CONUS_-142_-326","CONUS","KS","Kansas","20191","Sumner",-142156,-325578,-97.7,37.22,1,"HEX_CONUS_-242_-326;HEX_CONUS_-192_-412;HEX_CONUS_-192_-239;HEX_CONUS_-92_-412;HEX_CONUS_-92_-239;HEX_CONUS_-42_-326",0,0,0,0,0,0,14,1456.1,1506.1,530.39,1883.82,1.3,"1–4.99",8.76,9.88,7.37,3.75,8.47,12.55,,1,0,0,8,1,0
"HEX_CONUS_-142_-152","CONUS","KS","Kansas","20169","Saline",-142156,-152373,-97.73,38.7,1,"HEX_CONUS_-242_-152;HEX_CONUS_-192_-239;HEX_CONUS_-192_-66;HEX_CONUS_-92_-239;HEX_CONUS_-92_-66;HEX_CONUS_-42_-152",0,0,0,0,0,0,9,1091.1,1091.1,388.04,350,3.62,"1–4.99",10.04,13.83,7.45,9.92,9.89,21.22,,1,0,0,8,1,1
"HEX_CONUS_-142_21","CONUS","NE","Nebraska","31169","Thayer",-142156,20832,-97.77,40.17,1,"HEX_CONUS_-242_21;HEX_CONUS_-192_-66;HEX_CONUS_-192_107;HEX_CONUS_-92_-66;HEX_CONUS_-92_107;HEX_CONUS_-42_21",0,0,0,0,0,0,5,717.1,717.1,114.83,0,100,"5 or more",103.16,16.48,19.2,1.76,15.07,5.05,,1,0,0,9,3,0
"HEX_CONUS_-142_194","CONUS","NE","Nebraska","31141","Platte",-142156,194037,-97.81,41.63,1,"HEX_CONUS_-242_194;HEX_CONUS_-192_107;HEX_CONUS_-192_281;HEX_CONUS_-92_281;HEX_CONUS_-92_107;HEX_CONUS_-42_194",0,0,0,0,0,0,10,472,473.9,351.77,0,100,"5 or more",140.65,11.58,16.32,1.97,8.92,4.34,,1,0,0,9,3,0
"HEX_CONUS_-142_367","CONUS","SD","South Dakota","46009","Bon Homme",-142156,367242,-97.86,43.1,1,"HEX_CONUS_-242_367;HEX_CONUS_-192_281;HEX_CONUS_-192_454;HEX_CONUS_-92_281;HEX_CONUS_-92_454;HEX_CONUS_-42_367",0,0,0,0,0,0,5,513.3,526.7,206.77,200,3.21,"1–4.99",8.48,4.68,7.5,2.92,1.11,4.15,,0,0,1,9,2,1
"HEX_CONUS_-142_540","CONUS","SD","South Dakota","46005","Beadle",-142156,540447,-97.9,44.56,1,"HEX_CONUS_-242_540;HEX_CONUS_-192_454;HEX_CONUS_-192_627;HEX_CONUS_-92_454;HEX_CONUS_-92_627;HEX_CONUS_-42_540",0,0,0,0,0,0,4,88.5,115.3,131.55,2.5,8.95,"5 or more",13.11,11.49,4,6.67,14.55,7.13,,0,0,1,9,2,0
"HEX_CONUS_-142_714","CONUS","ND","North Dakota","38081","Sargent",-142156,713652,-97.95,46.03,1,"HEX_CONUS_-242_714;HEX_CONUS_-192_627;HEX_CONUS_-192_800;HEX_CONUS_-92_627;HEX_CONUS_-92_800;HEX_CONUS_-42_714",1,700,1,1,0,0,0,0,0,233.85,265,3.75,"1–4.99",10.3,3.53,0,1.37,0.49,2.85,,1,0,0,4,2,0
"HEX_CONUS_-142_887","CONUS","ND","North Dakota","38039","Griggs",-142156,886857,-98,47.5,1,"HEX_CONUS_-242_887;HEX_CONUS_-192_800;HEX_CONUS_-192_973;HEX_CONUS_-92_800;HEX_CONUS_-92_973;HEX_CONUS_-42_887",0,0,0,0,0,0,5,428.4,428.4,290.99,0,5.42,"5 or more",2.51,8.17,4.51,5.4,2.38,6.12,,1,0,0,4,2,0
"HEX_CONUS_-142_1060","CONUS","ND","North Dakota","38019","Cavalier",-142156,1060062,-98.05,48.97,0.55,"HEX_CONUS_-242_1060;HEX_CONUS_-192_973;HEX_CONUS_-92_973;HEX_CONUS_-42_1060",0,0,0,0,0,0,3,199.5,199.5,0,0,3.75,"1–4.99",0.64,5.74,0.37,2.07,2.9,0,,1,0,0,4,2,0
"HEX_CONUS_-92_-1625","CONUS","TX","Texas","48061","Cameron",-92156,-1624616,-96.94,26.02,0.19,"HEX_CONUS_-192_-1625;HEX_CONUS_-142_-1538",1,0,0,0,0,0,1,95.3,95.3,22.29,5632.63,42.8,"5 or more",193.05,50.79,24.38,11.36,60.02,0.31,,1,1,0,8,1,0
"HEX_CONUS_-92_-1451","CONUS","TX","Texas","48355","Nueces",-92156,-1451411,-96.96,27.54,0.3,"HEX_CONUS_-192_-1451;HEX_CONUS_-142_-1538;HEX_CONUS_-142_-1365;HEX_CONUS_-42_-1365",0,0,0,0,0,0,6,2075,2075,0,2975.75,2.88,"1–4.99",230.45,30.64,23.8,11.42,16.85,0.02,4,1,1,0,8,1,0
"HEX_CONUS_-92_-1278","CONUS","TX","Texas","48469","Victoria",-92156,-1278206,-96.98,29.05,1,"HEX_CONUS_-192_-1278;HEX_CONUS_-142_-1365;HEX_CONUS_-142_-1192;HEX_CONUS_-42_-1365;HEX_CONUS_-42_-1192;HEX_CONUS_8_-1278",1,1500,1,0,1,0,12,1831.1,1831.1,197.36,3411.11,1.1,"1–4.99",68.63,16.76,12.96,12.05,20.46,0,,1,1,0,8,1,0
"HEX_CONUS_-92_-1105","CONUS","TX","Texas","48331","Milam",-92156,-1105001,-97,30.55,1,"HEX_CONUS_-192_-1105;HEX_CONUS_-142_-1192;HEX_CONUS_-142_-1018;HEX_CONUS_-42_-1192;HEX_CONUS_-42_-1018;HEX_CONUS_8_-1105",8,2853,5,0,7,3,7,906.8,906.8,169.84,9360.88,2.27,"1–4.99",273.29,10.2,8.61,6.47,12.43,12.61,,1,1,0,8,1,0
"HEX_CONUS_-92_-932","CONUS","TX","Texas","48217","Hill",-92156,-931796,-97.02,32.04,1,"HEX_CONUS_-192_-932;HEX_CONUS_-142_-1018;HEX_CONUS_-142_-845;HEX_CONUS_-42_-1018;HEX_CONUS_-42_-845;HEX_CONUS_8_-932",15,5735,6,0,14,3,17,5253.4,5253.4,541.89,3957.32,1.58,"1–4.99",5.85,12.8,7.39,11.74,14.48,10.76,,1,1,0,8,1,1
"HEX_CONUS_-92_-759","CONUS","TX","Texas","48097","Cooke",-92156,-758591,-97.04,33.53,1,"HEX_CONUS_-192_-759;HEX_CONUS_-142_-845;HEX_CONUS_-142_-672;HEX_CONUS_-42_-845;HEX_CONUS_-42_-672;HEX_CONUS_8_-759",2,411,2,1,1,1,26,2644,2644,320.67,1300.39,1.34,"1–4.99",11.02,15.81,25.31,17.33,18.37,11.58,,1,1,0,8,1,2
"HEX_CONUS_-92_-585","CONUS","OK","Oklahoma","40125","Pottawatomie",-92156,-585386,-97.06,35.01,1,"HEX_CONUS_-192_-585;HEX_CONUS_-142_-672;HEX_CONUS_-142_-499;HEX_CONUS_-42_-672;HEX_CONUS_-42_-499;HEX_CONUS_8_-585",0,0,0,0,0,0,4,1726.6,1726.6,280.93,150,2.06,"1–4.99",13.05,18.08,12.64,22.64,11.8,15.61,,1,1,1,11,3,2
"HEX_CONUS_-92_-412","CONUS","OK","Oklahoma","40103","Noble",-92156,-412181,-97.09,36.49,1,"HEX_CONUS_-192_-412;HEX_CONUS_-142_-499;HEX_CONUS_-142_-326;HEX_CONUS_-42_-499;HEX_CONUS_-42_-326;HEX_CONUS_8_-412",0,0,0,0,0,0,14,3353,3353,358.49,873.9,1.33,"1–4.99",22.44,6.7,9.99,5.56,5.4,8.49,,1,1,1,11,3,0
"HEX_CONUS_-92_-239","CONUS","KS","Kansas","20015","Butler",-92156,-238976,-97.11,37.97,1,"HEX_CONUS_-192_-239;HEX_CONUS_-142_-326;HEX_CONUS_-142_-152;HEX_CONUS_-42_-326;HEX_CONUS_-42_-152;HEX_CONUS_8_-239",0,0,0,0,0,0,9,600.4,653.7,497.96,585,0.89,"0.5–0.99",14.78,9.79,5.45,10.84,8.52,13.85,,1,0,0,8,1,2
"HEX_CONUS_-92_-66","CONUS","KS","Kansas","20027","Clay",-92156,-65771,-97.14,39.44,1,"HEX_CONUS_-192_-66;HEX_CONUS_-142_-152;HEX_CONUS_-142_21;HEX_CONUS_-42_-152;HEX_CONUS_-42_21;HEX_CONUS_8_-66",0,0,0,0,0,0,5,328.6,331.1,269.86,199,5.17,"5 or more",11.96,6.82,0.53,4.83,6.16,4.85,,1,0,0,8,1,0
"HEX_CONUS_-92_281","CONUS","NE","Nebraska","31027","Cedar",-92156,280640,-97.19,42.37,1,"HEX_CONUS_-192_281;HEX_CONUS_-142_194;HEX_CONUS_-142_367;HEX_CONUS_-42_194;HEX_CONUS_-42_367;HEX_CONUS_8_281",0,0,0,0,0,0,13,1093.9,1098.9,274.15,0,16.13,"5 or more",69.37,9.28,17,3.16,5.07,5.21,,1,0,0,9,3,0
"HEX_CONUS_-92_454","CONUS","SD","South Dakota","46087","McCook",-92156,453845,-97.22,43.84,1,"HEX_CONUS_-192_454;HEX_CONUS_-142_367;HEX_CONUS_-142_540;HEX_CONUS_-42_367;HEX_CONUS_-42_540;HEX_CONUS_8_454",1,500,1,0,1,1,1,405.7,405.7,128.93,100,3.63,"1–4.99",1.5,7.04,8.41,3.52,5.35,4.08,,0,0,1,9,2,0
"HEX_CONUS_-92_627","CONUS","SD","South Dakota","46037","Day",-92156,627050,-97.25,45.3,1,"HEX_CONUS_-192_627;HEX_CONUS_-142_540;HEX_CONUS_-142_714;HEX_CONUS_-42_540;HEX_CONUS_-42_714;HEX_CONUS_8_627",0,0,0,0,0,0,9,1224.8,1231,352.8,300,5.45,"5 or more",1.93,11.62,1.17,9.36,11.48,9.96,,0,0,1,9,2,0
"HEX_CONUS_-92_800","CONUS","ND","North Dakota","38017","Cass",-92156,800255,-97.28,46.77,1,"HEX_CONUS_-192_800;HEX_CONUS_-142_714;HEX_CONUS_-142_887;HEX_CONUS_-42_714;HEX_CONUS_-42_887;HEX_CONUS_8_800",1,280,1,0,1,0,5,17.9,29.7,647.26,2279,3.21,"1–4.99",19.13,11.7,1.05,2.26,14.26,10.12,11,1,0,0,4,2,0
"HEX_CONUS_-92_973","CONUS","ND","North Dakota","38099","Walsh",-92156,973460,-97.31,48.24,1,"HEX_CONUS_-192_973;HEX_CONUS_-142_887;HEX_CONUS_-142_1060;HEX_CONUS_-42_887;HEX_CONUS_-42_1060;HEX_CONUS_8_973",0,0,0,0,0,0,3,13.5,17.5,246.99,,3.31,"1–4.99",2.26,9.24,3.66,6.3,8.38,0,,1,0,0,4,2,0
"HEX_CONUS_-92_107","CONUS","NE","Nebraska","31159","Seward",-92156,107434,-97.16,40.91,1,"HEX_CONUS_-192_107;HEX_CONUS_-142_21;HEX_CONUS_-142_194;HEX_CONUS_-42_21;HEX_CONUS_-42_194;HEX_CONUS_8_107",2,0,0,1,1,0,16,853.5,856.3,349.28,0,15.13,"5 or more",62.01,8.21,11.27,2.2,3.49,3.64,,1,0,0,9,3,0
"HEX_CONUS_-42_-1365","CONUS","TX","Texas","48057","Calhoun",-42156,-1364809,-96.44,28.29,0.53,"HEX_CONUS_-142_-1365;HEX_CONUS_-92_-1451;HEX_CONUS_-92_-1278;HEX_CONUS_8_-1278",0,0,0,0,0,0,8,1779,1785,12.91,502.6,0.65,"0.5–0.99",17.34,15.93,8.84,8.26,12.39,0,,1,1,0,8,1,0
"HEX_CONUS_-42_-1192","CONUS","TX","Texas","48089","Colorado",-42156,-1191604,-96.45,29.8,1,"HEX_CONUS_-142_-1192;HEX_CONUS_-92_-1278;HEX_CONUS_-92_-1105;HEX_CONUS_8_-1278;HEX_CONUS_8_-1105;HEX_CONUS_58_-1192",2,330,2,0,2,2,6,2002.2,2002.2,190.23,3495.18,1.34,"1–4.99",71.04,10.26,13.6,4.58,12.53,0,,1,1,0,8,1,0
"HEX_CONUS_-42_-1018","CONUS","TX","Texas","48293","Limestone",-42156,-1018399,-96.46,31.3,1,"HEX_CONUS_-142_-1018;HEX_CONUS_-92_-1105;HEX_CONUS_-92_-932;HEX_CONUS_8_-1105;HEX_CONUS_8_-932;HEX_CONUS_58_-1018",2,2000,2,0,2,0,11,6148.3,6148.3,509.66,1291.09,1.28,"1–4.99",19.7,8.74,7.55,9.7,12.42,9.6,,1,1,0,8,1,0
"HEX_CONUS_-42_-845","CONUS","TX","Texas","48257","Kaufman",-42156,-845193,-96.47,32.79,1,"HEX_CONUS_-142_-845;HEX_CONUS_-92_-932;HEX_CONUS_-92_-759;HEX_CONUS_8_-932;HEX_CONUS_8_-759;HEX_CONUS_58_-845",42,3220.95,24,26,13,2,27,4725.2,4736,638.61,2023.8,0.88,"0.5–0.99",3.15,8.78,4.6,8.39,11.67,12.33,,1,1,0,8,1,3
"HEX_CONUS_-42_-672","CONUS","OK","Oklahoma","40069","Johnston",-42156,-671988,-96.48,34.28,1,"HEX_CONUS_-142_-672;HEX_CONUS_-92_-759;HEX_CONUS_-92_-585;HEX_CONUS_8_-759;HEX_CONUS_8_-585;HEX_CONUS_58_-672",0,0,0,0,0,0,7,493,493,316.8,3138,1.03,"1–4.99",10.24,9.02,14.27,16.07,4.71,13.46,,1,1,1,11,3,0
"HEX_CONUS_-42_-499","CONUS","OK","Oklahoma","40037","Creek",-42156,-498783,-96.49,35.76,1,"HEX_CONUS_-142_-499;HEX_CONUS_-92_-585;HEX_CONUS_-92_-412;HEX_CONUS_8_-585;HEX_CONUS_8_-412;HEX_CONUS_58_-499",0,0,0,0,0,0,3,2049.2,2050.2,283.43,2136.9,1.02,"1–4.99",20.46,14.39,7.7,19.78,9.44,28.69,,1,1,1,11,3,0
"HEX_CONUS_-42_-326","CONUS","KS","Kansas","20019","Chautauqua",-42156,-325578,-96.5,37.23,1,"HEX_CONUS_-142_-326;HEX_CONUS_-92_-412;HEX_CONUS_-92_-239;HEX_CONUS_8_-412;HEX_CONUS_8_-239;HEX_CONUS_58_-326",0,0,0,0,0,0,6,388.5,391.7,95.95,,0.64,"0.5–0.99",0.9,7.87,6.06,12.46,3.75,12.15,,1,0,0,8,1,0
"HEX_CONUS_-42_-152","CONUS","KS","Kansas","20127","Morris",-42156,-152373,-96.51,38.71,1,"HEX_CONUS_-142_-152;HEX_CONUS_-92_-239;HEX_CONUS_-92_-66;HEX_CONUS_8_-239;HEX_CONUS_8_-66;HEX_CONUS_58_-152",1,1000,1,0,1,0,6,933.3,934.9,403.03,0,1.14,"1–4.99",2.97,8.86,12.13,13.26,6.05,12.33,,1,0,0,8,1,1
"HEX_CONUS_-42_21","CONUS","NE","Nebraska","31067","Gage",-42156,20832,-96.53,40.18,1,"HEX_CONUS_-142_21;HEX_CONUS_-92_-66;HEX_CONUS_-92_107;HEX_CONUS_8_-66;HEX_CONUS_8_107;HEX_CONUS_58_21",1,0,0,0,1,0,7,677.9,677.9,101.13,1470,3.01,"1–4.99",54.05,12.22,16.62,3.39,8.39,5.59,,1,0,0,9,3,1
"HEX_CONUS_-42_194","CONUS","NE","Nebraska","31053","Dodge",-42156,194037,-96.54,41.64,1,"HEX_CONUS_-142_194;HEX_CONUS_-92_281;HEX_CONUS_-92_107;HEX_CONUS_8_107;HEX_CONUS_8_281;HEX_CONUS_58_194",1,336,1,1,0,0,9,210.8,211.6,108.02,150,3.04,"1–4.99",55.89,15.82,13.99,2.73,18.15,14.23,,1,0,0,9,3,0
"HEX_CONUS_-42_367","CONUS","SD","South Dakota","46083","Lincoln",-42156,367242,-96.55,43.11,1,"HEX_CONUS_-142_367;HEX_CONUS_-92_281;HEX_CONUS_-92_454;HEX_CONUS_8_281;HEX_CONUS_8_454;HEX_CONUS_58_367",0,0,0,0,0,0,4,146.5,146.5,381.14,120,2.2,"1–4.99",5.85,4.98,3.11,1.37,4.16,2.49,4,0,0,1,9,2,2
"HEX_CONUS_-42_540","CONUS","SD","South Dakota","46039","Deuel",-42156,540447,-96.56,44.57,1,"HEX_CONUS_-142_540;HEX_CONUS_-92_454;HEX_CONUS_-92_627;HEX_CONUS_8_454;HEX_CONUS_8_627;HEX_CONUS_58_540",1,430,1,0,0,1,30,2532.9,2532.9,396.1,1536.2,2.32,"1–4.99",1.48,5.64,5.65,4.06,1.73,4.93,,0,0,1,9,2,0
"HEX_CONUS_-42_714","CONUS","ND","North Dakota","38077","Richland",-42156,713652,-96.58,46.04,1,"HEX_CONUS_-142_714;HEX_CONUS_-92_627;HEX_CONUS_-92_800;HEX_CONUS_8_627;HEX_CONUS_8_800;HEX_CONUS_58_714",0,0,0,0,0,0,3,50.9,52.4,481.71,472,3.16,"1–4.99",5.82,7.92,0,2.29,11.34,6.2,,1,0,0,4,2,0
"HEX_CONUS_-42_887","CONUS","MN","Minnesota","27119","Polk",-42156,886857,-96.59,47.51,1,"HEX_CONUS_-142_887;HEX_CONUS_-92_800;HEX_CONUS_-92_973;HEX_CONUS_8_800;HEX_CONUS_8_973;HEX_CONUS_58_887",0,0,0,0,0,0,5,29.4,33.4,168.47,150,2.04,"1–4.99",16.34,10.98,18.52,14.23,12.12,9.18,,1,1,1,26,1,0
"HEX_CONUS_-42_1060","CONUS","MN","Minnesota","27069","Kittson",-42156,1060062,-96.61,48.98,0.53,"HEX_CONUS_-142_1060;HEX_CONUS_-92_973;HEX_CONUS_8_973;HEX_CONUS_58_1060",0,0,0,0,0,0,0,0,0,167.33,0,1.75,"1–4.99",1.96,7.94,5.9,18.51,8.01,0,,1,1,1,26,1,0
"HEX_CONUS_8_-1278","CONUS","TX","Texas","48321","Matagorda",7844,-1278206,-95.92,29.05,0.99,"HEX_CONUS_-92_-1278;HEX_CONUS_-42_-1365;HEX_CONUS_-42_-1192;HEX_CONUS_58_-1192;HEX_CONUS_108_-1278",3,545,3,0,3,0,32,9515.3,9699.1,572.16,5546.04,0.65,"0.5–0.99",83.22,24.83,18.06,16.86,19.79,5.94,,1,1,0,8,1,0
"HEX_CONUS_8_-1105","CONUS","TX","Texas","48185","Grimes",7844,-1105001,-95.91,30.55,1,"HEX_CONUS_-92_-1105;HEX_CONUS_-42_-1192;HEX_CONUS_-42_-1018;HEX_CONUS_58_-1192;HEX_CONUS_58_-1018;HEX_CONUS_108_-1105",3,600,1,0,2,1,8,2702.4,2702.4,579.31,4893.93,1.05,"1–4.99",203.32,11.12,13.33,4.29,12.74,0,,1,1,0,8,1,0
"HEX_CONUS_8_-932","CONUS","TX","Texas","48213","Henderson",7844,-931796,-95.91,32.05,1,"HEX_CONUS_-92_-932;HEX_CONUS_-42_-1018;HEX_CONUS_-42_-845;HEX_CONUS_58_-1018;HEX_CONUS_58_-845;HEX_CONUS_108_-932",2,530,2,0,1,1,5,1598.4,1598.4,290.09,1908.07,0.82,"0.5–0.99",11.57,14.25,7.46,8.76,16.12,13.72,,1,1,0,8,1,1
"HEX_CONUS_8_-759","CONUS","TX","Texas","48147","Fannin",7844,-758591,-95.91,33.54,1,"HEX_CONUS_-92_-759;HEX_CONUS_-42_-845;HEX_CONUS_-42_-672;HEX_CONUS_58_-845;HEX_CONUS_58_-672;HEX_CONUS_108_-759",1,75,1,0,1,0,12,2886.5,2886.5,316.34,501.63,1.08,"1–4.99",14.57,11.99,20.69,11.38,11.48,12.86,,1,1,0,8,1,0
"HEX_CONUS_8_-585","CONUS","OK","Oklahoma","40121","Pittsburg",7844,-585386,-95.91,35.02,1,"HEX_CONUS_-92_-585;HEX_CONUS_-42_-672;HEX_CONUS_-42_-499;HEX_CONUS_58_-672;HEX_CONUS_58_-499;HEX_CONUS_108_-585",0,0,0,0,0,0,4,1492.5,1492.5,244.02,1799.82,1.35,"1–4.99",9.68,15.71,22.13,28.61,9.8,16.22,,1,1,1,11,3,0
"HEX_CONUS_8_-412","CONUS","OK","Oklahoma","40147","Washington",7844,-412181,-95.91,36.5,1,"HEX_CONUS_-92_-412;HEX_CONUS_-42_-499;HEX_CONUS_-42_-326;HEX_CONUS_58_-499;HEX_CONUS_58_-326;HEX_CONUS_108_-412",6,0,0,2,4,2,6,1906.5,1924.7,264.62,150,0.64,"0.5–0.99",3.96,15.09,10.76,15.89,13.97,15.51,,1,1,1,11,3,2
"HEX_CONUS_8_-239","CONUS","KS","Kansas","20207","Woodson",7844,-238976,-95.91,37.97,1,"HEX_CONUS_-92_-239;HEX_CONUS_-42_-326;HEX_CONUS_-42_-152;HEX_CONUS_58_-326;HEX_CONUS_58_-152;HEX_CONUS_108_-239",0,0,0,0,0,0,9,1614.6,1625,257.19,,0.73,"0.5–0.99",1.18,4.1,2.63,4.81,0.82,8.13,,1,0,0,8,1,0
"HEX_CONUS_8_-66","CONUS","KS","Kansas","20085","Jackson",7844,-65771,-95.9,39.44,1,"HEX_CONUS_-92_-66;HEX_CONUS_-42_-152;HEX_CONUS_-42_21;HEX_CONUS_58_-152;HEX_CONUS_58_21;HEX_CONUS_108_-66",0,0,0,0,0,0,10,2880.3,2880.3,355.31,300,0.88,"0.5–0.99",2.07,6.43,8.51,7.79,7.9,9.07,,1,0,0,8,1,0
"HEX_CONUS_8_107","CONUS","NE","Nebraska","31025","Cass",7844,107434,-95.9,40.91,1,"HEX_CONUS_-92_107;HEX_CONUS_-42_21;HEX_CONUS_-42_194;HEX_CONUS_58_21;HEX_CONUS_58_194;HEX_CONUS_108_107",6,217,2,5,1,0,15,4788.6,4792.1,501.06,2603.65,1.41,"1–4.99",16.94,6.25,8.32,1.38,6.7,3.43,,1,0,0,9,3,1
"HEX_CONUS_8_281","CONUS","IA","Iowa","19193","Woodbury",7844,280640,-95.9,42.38,1,"HEX_CONUS_-92_281;HEX_CONUS_-42_194;HEX_CONUS_-42_367;HEX_CONUS_58_194;HEX_CONUS_58_367;HEX_CONUS_108_281",1,0,0,0,1,1,10,2268.1,2268.1,442.13,15.15,1.13,"1–4.99",658.49,16.39,15.43,11.09,12.83,16.28,,1,1,0,6,2,3
"HEX_CONUS_8_454","CONUS","MN","Minnesota","27105","Nobles",7844,453845,-95.9,43.84,1,"HEX_CONUS_-92_454;HEX_CONUS_-42_367;HEX_CONUS_-42_540;HEX_CONUS_58_367;HEX_CONUS_58_540;HEX_CONUS_108_454",1,450,1,0,0,0,69,1692.6,1692.6,181.1,713.92,1,"1–4.99",4.43,14.64,29.07,1.82,11.38,7.75,,1,1,1,26,1,0
"HEX_CONUS_8_627","CONUS","MN","Minnesota","27151","Swift",7844,627050,-95.89,45.31,1,"HEX_CONUS_-92_627;HEX_CONUS_-42_540;HEX_CONUS_-42_714;HEX_CONUS_58_540;HEX_CONUS_58_714;HEX_CONUS_108_627",0,0,0,0,0,0,17,485.4,487.4,235.29,300,1.86,"1–4.99",15.92,10.92,24.36,5.02,5.12,10.14,,1,1,1,26,1,0
"HEX_CONUS_8_800","CONUS","MN","Minnesota","27005","Becker",7844,800255,-95.89,46.77,1,"HEX_CONUS_-92_800;HEX_CONUS_-42_714;HEX_CONUS_-42_887;HEX_CONUS_58_714;HEX_CONUS_58_887;HEX_CONUS_108_800",0,0,0,0,0,0,10,74.7,74.7,302.86,,1.52,"1–4.99",11.85,7.69,5.99,12,3.25,9.43,,1,1,1,26,1,0
"HEX_CONUS_8_973","CONUS","MN","Minnesota","27089","Marshall",7844,973460,-95.89,48.24,1,"HEX_CONUS_-92_973;HEX_CONUS_-42_887;HEX_CONUS_-42_1060;HEX_CONUS_58_887;HEX_CONUS_58_1060;HEX_CONUS_108_973",0,0,0,0,0,0,1,6.5,6.5,0,150,1.76,"1–4.99",0.96,8.09,15.71,13.61,5.82,0,,1,1,1,26,1,0
"HEX_CONUS_58_-1192","CONUS","TX","Texas","48201","Harris",57844,-1191604,-95.38,29.8,1,"HEX_CONUS_-42_-1192;HEX_CONUS_8_-1278;HEX_CONUS_8_-1105;HEX_CONUS_108_-1278;HEX_CONUS_108_-1105;HEX_CONUS_158_-1192",4,96,2,3,0,0,114,19631.2,19664.5,724.96,8879.23,0.36,"Under 0.5",338.26,80.62,13.79,11.81,100,23.48,223,1,1,0,8,1,1
"HEX_CONUS_58_-1018","CONUS","TX","Texas","48225","Houston",57844,-1018399,-95.37,31.3,1,"HEX_CONUS_-42_-1018;HEX_CONUS_8_-1105;HEX_CONUS_8_-932;HEX_CONUS_108_-1105;HEX_CONUS_108_-932;HEX_CONUS_158_-1018",1,20,1,0,1,0,0,0,0,105.75,2032.48,0.83,"0.5–0.99",8.71,11.09,18.64,8.47,10.84,0,,1,1,0,8,1,0
"HEX_CONUS_58_-845","CONUS","TX","Texas","48499","Wood",57844,-845193,-95.35,32.79,1,"HEX_CONUS_-42_-845;HEX_CONUS_8_-932;HEX_CONUS_8_-759;HEX_CONUS_108_-932;HEX_CONUS_108_-759;HEX_CONUS_158_-845",2,3012,2,0,1,2,4,1497.2,1497.2,364.08,0,0.71,"0.5–0.99",15,10.05,14.48,7.22,11.23,13.92,,1,1,0,8,1,0
"HEX_CONUS_58_-672","CONUS","OK","Oklahoma","40127","Pushmataha",57844,-671988,-95.34,34.28,1,"HEX_CONUS_-42_-672;HEX_CONUS_8_-759;HEX_CONUS_8_-585;HEX_CONUS_108_-759;HEX_CONUS_108_-585;HEX_CONUS_158_-672",0,0,0,0,0,0,3,614,614,183.55,0,0.34,"Under 0.5",1.73,13.06,18.71,19.71,14.4,22.67,,1,1,1,11,3,0
"HEX_CONUS_58_-499","CONUS","OK","Oklahoma","40101","Muskogee",57844,-498783,-95.32,35.76,1,"HEX_CONUS_-42_-499;HEX_CONUS_8_-585;HEX_CONUS_8_-412;HEX_CONUS_108_-412;HEX_CONUS_108_-585;HEX_CONUS_158_-499",3,389.5,1,1,1,1,9,5492.7,5556.7,488.36,1577,1.42,"1–4.99",33.73,19.43,22.41,24.32,14.02,38.28,3,1,1,1,11,3,1
"HEX_CONUS_58_-326","CONUS","KS","Kansas","20099","Labette",57844,-325578,-95.31,37.23,1,"HEX_CONUS_-42_-326;HEX_CONUS_8_-412;HEX_CONUS_8_-239;HEX_CONUS_108_-412;HEX_CONUS_108_-239;HEX_CONUS_158_-326",1,20,1,0,1,0,11,475,475,299.52,1410,0.63,"0.5–0.99",4.03,11.41,2.22,2.94,11.14,19.54,,1,0,0,8,1,0
"HEX_CONUS_58_-152","CONUS","KS","Kansas","20059","Franklin",57844,-152373,-95.29,38.71,1,"HEX_CONUS_-42_-152;HEX_CONUS_8_-239;HEX_CONUS_8_-66;HEX_CONUS_108_-239;HEX_CONUS_108_-66;HEX_CONUS_158_-152",7,2250,3,0,6,1,19,1155,1161.6,391.69,150,0.72,"0.5–0.99",3.45,7.6,8.33,2.63,7.53,10.75,,1,0,0,8,1,3
"HEX_CONUS_58_21","CONUS","MO","Missouri","29087","Holt",57844,20832,-95.28,40.17,1,"HEX_CONUS_-42_21;HEX_CONUS_8_-66;HEX_CONUS_8_107;HEX_CONUS_108_-66;HEX_CONUS_108_107;HEX_CONUS_158_21",1,0,0,0,1,1,12,2371.7,2371.7,460.32,0,0.94,"0.5–0.99",22.72,8.9,18.92,1.77,6.15,10.99,,1,1,0,6,0,0
"HEX_CONUS_58_194","CONUS","IA","Iowa","19165","Shelby",57844,194037,-95.26,41.64,1,"HEX_CONUS_-42_194;HEX_CONUS_8_107;HEX_CONUS_8_281;HEX_CONUS_108_107;HEX_CONUS_108_281;HEX_CONUS_158_194",0,0,0,0,0,0,16,1079.5,1089.3,168.07,,0.89,"0.5–0.99",3.92,9.85,17.05,0.76,4.28,8.17,,1,1,0,6,2,1
"HEX_CONUS_58_367","CONUS","IA","Iowa","19041","Clay",57844,367242,-95.24,43.11,1,"HEX_CONUS_-42_367;HEX_CONUS_8_281;HEX_CONUS_8_454;HEX_CONUS_108_281;HEX_CONUS_108_454;HEX_CONUS_158_367",0,0,0,0,0,0,27,1971.3,1992.7,180.22,0,0.9,"0.5–0.99",4.51,11.7,20.7,3.14,10.79,6,,1,1,0,6,2,1
"HEX_CONUS_58_540","CONUS","MN","Minnesota","27127","Redwood",57844,540447,-95.23,44.57,1,"HEX_CONUS_-42_540;HEX_CONUS_8_454;HEX_CONUS_8_627;HEX_CONUS_108_454;HEX_CONUS_108_627;HEX_CONUS_158_540",0,0,0,0,0,0,68,249.6,270.8,328.99,1542.47,1.15,"1–4.99",2.44,11.75,24.97,2.75,6.41,8.08,,1,1,1,26,1,0
"HEX_CONUS_58_714","CONUS","MN","Minnesota","27041","Douglas",57844,713652,-95.21,46.04,1,"HEX_CONUS_-42_714;HEX_CONUS_8_627;HEX_CONUS_8_800;HEX_CONUS_108_627;HEX_CONUS_108_800;HEX_CONUS_158_714",0,0,0,0,0,0,16,118,127.2,246.5,39.5,1.36,"1–4.99",7.46,7.02,5.35,5.6,2.74,9.99,,1,1,1,26,1,0
"HEX_CONUS_58_887","CONUS","MN","Minnesota","27029","Clearwater",57844,886857,-95.19,47.51,1,"HEX_CONUS_-42_887;HEX_CONUS_8_800;HEX_CONUS_8_973;HEX_CONUS_108_973;HEX_CONUS_108_800;HEX_CONUS_158_887",0,0,0,0,0,0,1,50,51.3,115.24,0,1.55,"1–4.99",8.8,7.33,14.63,13.79,0,4.37,,1,1,1,26,1,0
"HEX_CONUS_58_1060","CONUS","MN","Minnesota","27077","Lake of the Woods",57844,1060062,-95.16,48.98,0.59,"HEX_CONUS_-42_1060;HEX_CONUS_8_973;HEX_CONUS_108_973;HEX_CONUS_158_1060",0,0,0,0,0,0,0,0,0,341.69,,1.25,"1–4.99",1.19,2.84,6.29,5.86,2.91,0,,1,1,1,26,1,0
"HEX_CONUS_108_-412","CONUS","OK","Oklahoma","40041","Delaware",107844,-412181,-94.73,36.49,1,"HEX_CONUS_8_-412;HEX_CONUS_58_-499;HEX_CONUS_58_-326;HEX_CONUS_158_-499;HEX_CONUS_158_-326;HEX_CONUS_208_-412",0,0,0,0,0,0,5,1075.2,1424.7,234.85,0,0.53,"0.5–0.99",38.38,18.13,21.96,19.57,13.73,23.31,,1,1,1,11,3,1
"HEX_CONUS_108_973","CONUS","MN","Minnesota","27007","Beltrami",107844,973460,-94.46,48.24,1,"HEX_CONUS_8_973;HEX_CONUS_58_887;HEX_CONUS_58_1060;HEX_CONUS_158_887;HEX_CONUS_158_1060;HEX_CONUS_208_973",0,0,0,0,0,0,0,0,0,274.41,0,1.42,"1–4.99",7.16,9.17,13.73,19.51,1.62,0,,1,1,1,26,1,0
"HEX_CONUS_108_-1278","CONUS","TX","Texas","48167","Galveston",107844,-1278206,-94.85,29.04,0.34,"HEX_CONUS_8_-1278;HEX_CONUS_58_-1192;HEX_CONUS_158_-1192",0,0,0,0,0,0,16,2927,3211.7,23.45,3095.02,0.34,"Under 0.5",6.61,38.94,7.06,14.08,48.59,6.4,5,1,1,0,8,1,0
"HEX_CONUS_108_-1105","CONUS","TX","Texas","48373","Polk",107844,-1105001,-94.83,30.55,1,"HEX_CONUS_8_-1105;HEX_CONUS_58_-1192;HEX_CONUS_58_-1018;HEX_CONUS_158_-1192;HEX_CONUS_158_-1018;HEX_CONUS_208_-1105",0,0,0,0,0,0,5,350.1,400,87.43,575,0.8,"0.5–0.99",564.7,18.66,13.09,7.26,17.79,0,,1,1,0,8,1,0
"HEX_CONUS_108_-932","CONUS","TX","Texas","48401","Rusk",107844,-931796,-94.8,32.04,1,"HEX_CONUS_8_-932;HEX_CONUS_58_-1018;HEX_CONUS_58_-845;HEX_CONUS_158_-1018;HEX_CONUS_158_-845;HEX_CONUS_208_-932",0,0,0,0,0,0,6,4965.3,4965.3,446.67,1240.89,0.66,"0.5–0.99",1001.33,8.78,9.3,7.08,7.67,10.62,,1,1,0,8,1,0
"HEX_CONUS_108_-759","CONUS","TX","Texas","48387","Red River",107844,-758591,-94.78,33.53,1,"HEX_CONUS_8_-759;HEX_CONUS_58_-845;HEX_CONUS_58_-672;HEX_CONUS_158_-845;HEX_CONUS_158_-672;HEX_CONUS_208_-759",1,300,1,0,1,0,2,550,550,428.56,330.21,0.8,"0.5–0.99",6.06,10.72,14.36,10.88,6.41,10.54,,1,1,0,8,1,0
"HEX_CONUS_108_-585","CONUS","OK","Oklahoma","40079","Le Flore",107844,-585386,-94.75,35.01,1,"HEX_CONUS_8_-585;HEX_CONUS_58_-672;HEX_CONUS_58_-499;HEX_CONUS_158_-672;HEX_CONUS_158_-499;HEX_CONUS_208_-585",0,0,0,0,0,0,2,432.5,460,76.38,336,0.37,"Under 0.5",16.86,17.51,26.02,19.18,20.3,24.08,,1,1,1,11,3,0
"HEX_CONUS_108_-239","CONUS","KS","Kansas","20011","Bourbon",107844,-238976,-94.7,37.97,1,"HEX_CONUS_8_-239;HEX_CONUS_58_-326;HEX_CONUS_58_-152;HEX_CONUS_158_-326;HEX_CONUS_158_-152;HEX_CONUS_208_-239",0,0,0,0,0,0,7,2023.6,2034.5,159.7,1034.3,0.54,"0.5–0.99",2.96,9.06,10.27,2.73,10.38,13.75,,1,0,0,8,1,0
"HEX_CONUS_108_-66","CONUS","MO","Missouri","29165","Platte",107844,-65771,-94.67,39.44,1,"HEX_CONUS_8_-66;HEX_CONUS_58_-152;HEX_CONUS_58_21;HEX_CONUS_158_-152;HEX_CONUS_158_21;HEX_CONUS_208_-66",10,1980,5,1,7,1,16,4427.6,4833.4,505.41,0,1.12,"1–4.99",302.44,7.65,6.02,2.96,8.51,9.12,6,1,1,0,6,0,3
"HEX_CONUS_108_107","CONUS","IA","Iowa","19003","Adams",107844,107434,-94.64,40.9,1,"HEX_CONUS_8_107;HEX_CONUS_58_21;HEX_CONUS_58_194;HEX_CONUS_158_21;HEX_CONUS_158_194;HEX_CONUS_208_107",0,0,0,0,0,0,21,1742.7,1759.6,192.62,0,0.73,"0.5–0.99",1.77,8.12,14.06,2.7,7.99,8.87,,1,1,0,6,2,2
"HEX_CONUS_108_281","CONUS","IA","Iowa","19025","Calhoun",107844,280640,-94.61,42.37,1,"HEX_CONUS_8_281;HEX_CONUS_58_194;HEX_CONUS_58_367;HEX_CONUS_158_194;HEX_CONUS_158_367;HEX_CONUS_208_281",0,0,0,0,0,0,16,1566.1,1570.1,169.16,0,0.74,"0.5–0.99",3.55,15.3,28.62,1.24,9.22,7.7,,1,1,0,6,2,0
"HEX_CONUS_108_454","CONUS","MN","Minnesota","27091","Martin",107844,453845,-94.57,43.84,1,"HEX_CONUS_8_454;HEX_CONUS_58_367;HEX_CONUS_58_540;HEX_CONUS_158_367;HEX_CONUS_158_540;HEX_CONUS_208_454",0,0,0,0,0,0,30,1480.9,1509.6,288.18,300,0.83,"0.5–0.99",9.14,14.16,29.45,1.29,6.56,9.03,,1,1,1,26,1,0
"HEX_CONUS_108_627","CONUS","MN","Minnesota","27093","Meeker",107844,627050,-94.54,45.3,1,"HEX_CONUS_8_627;HEX_CONUS_58_540;HEX_CONUS_58_714;HEX_CONUS_158_540;HEX_CONUS_158_714;HEX_CONUS_208_627",1,0,0,0,0,0,96,2352.5,2375.4,374.63,700,1.01,"1–4.99",5.64,8.42,15.04,3.1,3.86,9.19,,1,1,1,26,1,1
"HEX_CONUS_108_800","CONUS","MN","Minnesota","27021","Cass",107844,800255,-94.5,46.77,1,"HEX_CONUS_8_800;HEX_CONUS_58_714;HEX_CONUS_58_887;HEX_CONUS_158_714;HEX_CONUS_158_887;HEX_CONUS_208_800",0,0,0,0,0,0,2,16,16.8,329.93,,1.01,"1–4.99",6.78,9.11,14.33,12.96,0.98,11.14,,1,1,1,26,1,0
"HEX_CONUS_158_-1192","CONUS","TX","Texas","48245","Jefferson",157844,-1191604,-94.3,29.79,0.84,"HEX_CONUS_58_-1192;HEX_CONUS_108_-1278;HEX_CONUS_108_-1105;HEX_CONUS_208_-1105;HEX_CONUS_258_-1192",1,240,1,0,1,0,9,3166.9,3166.9,437.79,1108.5,0.37,"Under 0.5",89.36,35.67,12.32,21.96,40.8,15.74,,1,1,0,8,1,0
"HEX_CONUS_158_-1018","CONUS","TX","Texas","48405","San Augustine",157844,-1018399,-94.27,31.29,1,"HEX_CONUS_58_-1018;HEX_CONUS_108_-1105;HEX_CONUS_108_-932;HEX_CONUS_208_-1105;HEX_CONUS_208_-932;HEX_CONUS_258_-1018",1,1137.5,1,0,1,0,3,71.8,71.8,31.61,,0.58,"0.5–0.99",3.69,10.08,17.05,4.42,12.91,10.76,,1,1,0,8,1,0
"HEX_CONUS_158_-845","CONUS","TX","Texas","48315","Marion",157844,-845193,-94.23,32.78,1,"HEX_CONUS_58_-845;HEX_CONUS_108_-932;HEX_CONUS_108_-759;HEX_CONUS_208_-932;HEX_CONUS_208_-759;HEX_CONUS_258_-845",5,0,0,1,4,0,6,2437,2437,334.8,360,0.58,"0.5–0.99",72.71,8.35,10.69,5.54,4.36,9.9,,1,1,0,8,1,1
"HEX_CONUS_158_-672","CONUS","AR","Arkansas","05061","Howard",157844,-671988,-94.2,34.27,1,"HEX_CONUS_58_-672;HEX_CONUS_108_-759;HEX_CONUS_108_-585;HEX_CONUS_208_-759;HEX_CONUS_208_-585;HEX_CONUS_258_-672",0,0,0,0,0,0,5,131.3,131.3,0,0,0.29,"Under 0.5",7.94,15.26,33.31,4.79,11.22,11.07,,1,1,0,5,3,0
"HEX_CONUS_158_-499","CONUS","AR","Arkansas","05033","Crawford",157844,-498783,-94.16,35.75,1,"HEX_CONUS_58_-499;HEX_CONUS_108_-412;HEX_CONUS_108_-585;HEX_CONUS_208_-585;HEX_CONUS_208_-412;HEX_CONUS_258_-499",0,0,0,0,0,0,14,423.3,424.6,47.16,50.1,0.39,"Under 0.5",32.34,13.62,18.07,9.84,10.69,29.81,,1,1,0,5,3,2
"HEX_CONUS_158_-326","CONUS","MO","Missouri","29097","Jasper",157844,-325578,-94.12,37.22,1,"HEX_CONUS_58_-326;HEX_CONUS_108_-412;HEX_CONUS_108_-239;HEX_CONUS_208_-412;HEX_CONUS_208_-239;HEX_CONUS_258_-326",2,200,1,0,2,2,7,1696.3,1712.6,221.4,664,0.48,"Under 0.5",29.14,15.83,11.18,6.62,13.26,22.76,,1,1,0,6,0,0
"HEX_CONUS_158_-152","CONUS","MO","Missouri","29101","Johnson",157844,-152373,-94.08,38.69,1,"HEX_CONUS_58_-152;HEX_CONUS_108_-239;HEX_CONUS_108_-66;HEX_CONUS_208_-239;HEX_CONUS_208_-66;HEX_CONUS_258_-152",3,880,1,0,2,2,8,1753.2,1753.2,147.75,0,0.56,"0.5–0.99",10.8,6.91,6.06,1.59,7.83,12.85,,1,1,0,6,0,2
"HEX_CONUS_158_21","CONUS","MO","Missouri","29081","Harrison",157844,20832,-94.03,40.16,1,"HEX_CONUS_58_21;HEX_CONUS_108_-66;HEX_CONUS_108_107;HEX_CONUS_208_107;HEX_CONUS_208_-66;HEX_CONUS_258_21",0,0,0,0,0,0,7,255,266.5,70.56,,0.68,"0.5–0.99",1.46,9.39,18.28,4.96,6.42,15.94,,1,1,0,6,0,0
"HEX_CONUS_158_194","CONUS","IA","Iowa","19049","Dallas",157844,194037,-93.99,41.63,1,"HEX_CONUS_58_194;HEX_CONUS_108_107;HEX_CONUS_108_281;HEX_CONUS_208_107;HEX_CONUS_208_281;HEX_CONUS_258_194",12,915,7,3,8,1,27,1758.3,1769.5,367.77,200,0.75,"0.5–0.99",3.45,5.44,7.76,1.38,5.46,2,5,1,1,0,6,2,1
"HEX_CONUS_158_367","CONUS","IA","Iowa","19081","Hancock",157844,367242,-93.94,43.09,1,"HEX_CONUS_58_367;HEX_CONUS_108_281;HEX_CONUS_108_454;HEX_CONUS_208_281;HEX_CONUS_208_454;HEX_CONUS_258_367",0,0,0,0,0,0,26,2354.6,2367.3,243.29,0,0.63,"0.5–0.99",5.38,9.81,21.13,1.24,6.77,4.12,,1,1,0,6,2,0
"HEX_CONUS_158_540","CONUS","MN","Minnesota","27139","Scott",157844,540447,-93.89,44.56,1,"HEX_CONUS_58_540;HEX_CONUS_108_454;HEX_CONUS_108_627;HEX_CONUS_208_454;HEX_CONUS_208_627;HEX_CONUS_258_540",0,0,0,0,0,0,96,2145.7,2151.7,359.6,190.5,1.07,"1–4.99",13.26,4.84,0,2.57,3.3,6.37,5,1,1,1,26,1,4
"HEX_CONUS_158_714","CONUS","MN","Minnesota","27097","Morrison",157844,713652,-93.83,46.03,1,"HEX_CONUS_58_714;HEX_CONUS_108_627;HEX_CONUS_108_800;HEX_CONUS_208_627;HEX_CONUS_208_800;HEX_CONUS_258_714",0,0,0,0,0,0,21,75.7,77.4,135.89,324,0.97,"0.5–0.99",17.75,9.08,16.18,10.82,8.37,9.68,,1,1,1,26,1,1
"HEX_CONUS_158_887","CONUS","MN","Minnesota","27061","Itasca",157844,886857,-93.78,47.49,1,"HEX_CONUS_58_887;HEX_CONUS_108_973;HEX_CONUS_108_800;HEX_CONUS_208_973;HEX_CONUS_208_800;HEX_CONUS_258_887",0,0,0,0,0,0,4,954.9,955.7,372.86,286.8,0.91,"0.5–0.99",142.36,6.11,8.07,6.23,5.57,8.19,,1,1,1,26,1,0
"HEX_CONUS_158_1060","CONUS","MN","Minnesota","27071","Koochiching",157844,1060062,-93.72,48.96,0.04,"HEX_CONUS_58_1060;HEX_CONUS_108_973;HEX_CONUS_208_973",0,0,0,0,0,0,2,66.5,66.5,59.15,,0.89,"0.5–0.99",42.98,2.67,0.51,4.23,3.81,0,,1,1,1,26,1,0
"HEX_CONUS_208_107","CONUS","IA","Iowa","19185","Wayne",207844,107434,-93.38,40.89,1,"HEX_CONUS_108_107;HEX_CONUS_158_21;HEX_CONUS_158_194;HEX_CONUS_258_21;HEX_CONUS_258_194;HEX_CONUS_308_107",0,0,0,0,0,0,3,20.7,20.7,0,,0.6,"0.5–0.99",2.04,11.37,19.16,4.29,11.66,14.43,,1,1,0,6,2,1
"HEX_CONUS_208_973","CONUS","MN","Minnesota","27137","St. Louis",207844,973460,-93.04,48.22,0.92,"HEX_CONUS_108_973;HEX_CONUS_158_887;HEX_CONUS_158_1060;HEX_CONUS_258_887;HEX_CONUS_308_973",0,0,0,0,0,0,0,0,0,256.93,0,0.65,"0.5–0.99",87.63,10.04,9.03,13.49,11.4,0,5,1,1,1,26,1,0
"HEX_CONUS_208_-1105","CONUS","TX","Texas","48351","Newton",207844,-1105001,-93.74,30.53,1,"HEX_CONUS_108_-1105;HEX_CONUS_158_-1192;HEX_CONUS_158_-1018;HEX_CONUS_258_-1192;HEX_CONUS_258_-1018;HEX_CONUS_308_-1105",0,0,0,0,0,0,8,4692.8,4748.8,367.05,175,1.46,"1–4.99",7.58,8.91,3.53,5.53,14.35,5.88,,1,1,0,8,1,0
"HEX_CONUS_208_-932","CONUS","LA","Louisiana","22031","De Soto",207844,-931796,-93.7,32.03,1,"HEX_CONUS_108_-932;HEX_CONUS_158_-1018;HEX_CONUS_158_-845;HEX_CONUS_258_-1018;HEX_CONUS_258_-845;HEX_CONUS_308_-932",0,0,0,0,0,0,3,271.6,271.6,235.63,1185,0.52,"0.5–0.99",28.11,10.08,7.74,5.27,11.1,14.6,,1,0,0,7,4,0
"HEX_CONUS_208_-759","CONUS","AR","Arkansas","05057","Hempstead",207844,-758591,-93.65,33.51,1,"HEX_CONUS_108_-759;HEX_CONUS_158_-845;HEX_CONUS_158_-672;HEX_CONUS_258_-845;HEX_CONUS_258_-672;HEX_CONUS_308_-759",1,0,0,1,0,0,5,986.3,986.3,131.67,500,0.38,"Under 0.5",8.53,16.85,32.43,4.3,14.06,15.47,,1,1,0,5,3,0
"HEX_CONUS_208_-585","CONUS","AR","Arkansas","05149","Yell",207844,-585386,-93.6,35,1,"HEX_CONUS_108_-585;HEX_CONUS_158_-672;HEX_CONUS_158_-499;HEX_CONUS_258_-672;HEX_CONUS_258_-499;HEX_CONUS_308_-585",1,0,0,1,0,0,6,2020.3,2020.3,183.5,150,0.45,"Under 0.5",5.8,15.5,25.1,5.15,12.76,13.08,,1,1,0,5,3,1
"HEX_CONUS_208_-412","CONUS","AR","Arkansas","05015","Carroll",207844,-412181,-93.55,36.47,1,"HEX_CONUS_108_-412;HEX_CONUS_158_-499;HEX_CONUS_158_-326;HEX_CONUS_258_-499;HEX_CONUS_258_-326;HEX_CONUS_308_-412",1,0,0,1,0,0,5,274.2,330.2,0,180,0.42,"Under 0.5",10.64,15.24,23.39,5.54,13.36,15.7,,1,1,0,5,3,1
"HEX_CONUS_208_-239","CONUS","MO","Missouri","29085","Hickory",207844,-238976,-93.49,37.95,1,"HEX_CONUS_108_-239;HEX_CONUS_158_-326;HEX_CONUS_158_-152;HEX_CONUS_258_-326;HEX_CONUS_258_-152;HEX_CONUS_308_-239",0,0,0,0,0,0,3,215.9,215.9,13.94,,0.53,"0.5–0.99",1.42,11.53,8.85,12.73,3.07,26.61,,1,1,0,6,0,0
"HEX_CONUS_208_-66","CONUS","MO","Missouri","29033","Carroll",207844,-65771,-93.44,39.42,1,"HEX_CONUS_108_-66;HEX_CONUS_158_-152;HEX_CONUS_158_21;HEX_CONUS_258_-152;HEX_CONUS_258_21;HEX_CONUS_308_-66",0,0,0,0,0,0,6,193.4,198.3,62.48,96,0.54,"0.5–0.99",5.92,9.49,14.82,3.27,11.99,16.13,,1,1,0,6,0,0
"HEX_CONUS_208_281","CONUS","IA","Iowa","19083","Hardin",207844,280640,-93.32,42.35,1,"HEX_CONUS_108_281;HEX_CONUS_158_194;HEX_CONUS_158_367;HEX_CONUS_258_194;HEX_CONUS_258_367;HEX_CONUS_308_281",0,0,0,0,0,0,33,2824,2846.5,95.82,200,0.61,"0.5–0.99",9.25,12.22,20.99,1.69,9.4,3.55,,1,1,0,6,2,0
"HEX_CONUS_208_454","CONUS","MN","Minnesota","27047","Freeborn",207844,453845,-93.25,43.82,1,"HEX_CONUS_108_454;HEX_CONUS_158_367;HEX_CONUS_158_540;HEX_CONUS_258_367;HEX_CONUS_258_540;HEX_CONUS_308_454",0,0,0,0,0,0,87,2011.8,2018.6,99.55,762,0.63,"0.5–0.99",5.85,14.04,27.86,2.21,10.39,11.51,,1,1,1,26,1,0
"HEX_CONUS_208_627","CONUS","MN","Minnesota","27003","Anoka",207844,627050,-93.18,45.28,1,"HEX_CONUS_108_627;HEX_CONUS_158_540;HEX_CONUS_158_714;HEX_CONUS_258_540;HEX_CONUS_258_714;HEX_CONUS_308_627",7,375,5,1,5,1,109,3983,4035.9,685.03,0,0.99,"0.5–0.99",116.74,9.71,3.03,11.3,10.52,7.39,8,1,1,1,26,1,4
"HEX_CONUS_208_800","CONUS","MN","Minnesota","27001","Aitkin",207844,800255,-93.11,46.75,1,"HEX_CONUS_108_800;HEX_CONUS_158_714;HEX_CONUS_158_887;HEX_CONUS_258_714;HEX_CONUS_258_887;HEX_CONUS_308_800",0,0,0,0,0,0,4,107,108.7,394.99,0,0.84,"0.5–0.99",5.41,7.82,11.18,10.22,11,9,,1,1,1,26,1,1
"HEX_CONUS_258_-1192","CONUS","LA","Louisiana","22023","Cameron",257844,-1191604,-93.23,29.77,0.62,"HEX_CONUS_158_-1192;HEX_CONUS_208_-1105;HEX_CONUS_308_-1105;HEX_CONUS_358_-1192",0,0,0,0,0,0,10,1469.5,1582,184.84,,0.32,"Under 0.5",34.18,4.73,1.44,8.48,4.09,1.63,,1,0,0,7,4,0
"HEX_CONUS_258_-1018","CONUS","LA","Louisiana","22115","Vernon",257844,-1018399,-93.17,31.27,1,"HEX_CONUS_158_-1018;HEX_CONUS_208_-1105;HEX_CONUS_208_-932;HEX_CONUS_308_-1105;HEX_CONUS_308_-932;HEX_CONUS_358_-1018",1,430,1,0,1,0,3,1849.8,1849.8,272.71,,0.36,"Under 0.5",5.72,7.78,1.56,4.5,10.14,7.11,,1,0,0,7,4,0
"HEX_CONUS_258_-845","CONUS","LA","Louisiana","22027","Claiborne",257844,-845193,-93.11,32.76,1,"HEX_CONUS_158_-845;HEX_CONUS_208_-932;HEX_CONUS_208_-759;HEX_CONUS_308_-932;HEX_CONUS_308_-759;HEX_CONUS_358_-845",0,0,0,0,0,0,1,7.5,7.5,169.03,0,0.4,"Under 0.5",3.33,8.03,5.45,1.34,6.7,13.1,,1,0,0,7,4,0
"HEX_CONUS_258_-672","CONUS","AR","Arkansas","05059","Hot Spring",257844,-671988,-93.05,34.24,1,"HEX_CONUS_158_-672;HEX_CONUS_208_-759;HEX_CONUS_208_-585;HEX_CONUS_308_-759;HEX_CONUS_308_-585;HEX_CONUS_358_-672",0,0,0,0,0,0,10,2230.3,2230.3,125.87,875,0.3,"Under 0.5",76.77,10.4,7.83,3.13,13.32,11.73,,1,1,0,5,3,0
"HEX_CONUS_258_-499","CONUS","AR","Arkansas","05115","Pope",257844,-498783,-92.99,35.72,1,"HEX_CONUS_158_-499;HEX_CONUS_208_-585;HEX_CONUS_208_-412;HEX_CONUS_308_-585;HEX_CONUS_308_-412;HEX_CONUS_358_-499",1,0,0,0,1,1,3,8.2,8.2,36.32,600,0.46,"Under 0.5",963.44,14.41,17.28,4.18,11.59,12.99,,1,1,0,5,3,1
"HEX_CONUS_258_-326","CONUS","MO","Missouri","29225","Webster",257844,-325578,-92.92,37.2,1,"HEX_CONUS_158_-326;HEX_CONUS_208_-412;HEX_CONUS_208_-239;HEX_CONUS_308_-412;HEX_CONUS_308_-239;HEX_CONUS_358_-326",2,20,1,0,2,1,7,935.1,938.3,105.21,,0.47,"Under 0.5",4.12,9.96,4.82,8.23,10.99,16.31,,1,1,0,6,0,1
"HEX_CONUS_258_-152","CONUS","MO","Missouri","29141","Morgan",257844,-152373,-92.86,38.67,1,"HEX_CONUS_158_-152;HEX_CONUS_208_-239;HEX_CONUS_208_-66;HEX_CONUS_308_-239;HEX_CONUS_308_-66;HEX_CONUS_358_-152",0,0,0,0,0,0,1,2,2,65.15,,0.73,"0.5–0.99",10.21,12.88,8.49,7.62,11.92,27.91,,1,1,0,6,0,0
"HEX_CONUS_258_21","CONUS","MO","Missouri","29001","Adair",257844,20832,-92.78,40.14,1,"HEX_CONUS_158_21;HEX_CONUS_208_107;HEX_CONUS_208_-66;HEX_CONUS_308_-66;HEX_CONUS_308_107;HEX_CONUS_358_21",0,0,0,0,0,0,5,465.5,473.5,115.65,450,0.56,"0.5–0.99",3.13,9.67,7.81,1.87,6.35,19.66,,1,1,0,6,0,0
"HEX_CONUS_258_194","CONUS","IA","Iowa","19157","Poweshiek",257844,194037,-92.71,41.61,1,"HEX_CONUS_158_194;HEX_CONUS_208_107;HEX_CONUS_208_281;HEX_CONUS_308_107;HEX_CONUS_308_281;HEX_CONUS_358_194",0,0,0,0,0,0,14,1167.2,1177,154.09,0,0.58,"0.5–0.99",2.96,13.38,25.56,3.01,9.09,4.79,,1,1,0,6,2,0
"HEX_CONUS_258_367","CONUS","IA","Iowa","19067","Floyd",257844,367242,-92.63,43.07,1,"HEX_CONUS_158_367;HEX_CONUS_208_281;HEX_CONUS_208_454;HEX_CONUS_308_281;HEX_CONUS_308_454;HEX_CONUS_358_367",0,0,0,0,0,0,18,1110.5,1145.9,142.97,,0.6,"0.5–0.99",4.44,11.41,21.29,2.19,12.15,7.76,,1,1,0,6,2,0
"HEX_CONUS_258_540","CONUS","MN","Minnesota","27049","Goodhue",257844,540447,-92.55,44.54,1,"HEX_CONUS_158_540;HEX_CONUS_208_454;HEX_CONUS_208_627;HEX_CONUS_308_454;HEX_CONUS_308_627;HEX_CONUS_358_540",4,1825,2,0,3,1,84,2816.3,2858,448.36,1568,0.75,"0.5–0.99",540.1,9.04,14.01,2.33,7.4,9.7,,1,1,1,26,1,3
"HEX_CONUS_258_714","CONUS","MN","Minnesota","27115","Pine",257844,713652,-92.46,46,1,"HEX_CONUS_158_714;HEX_CONUS_208_627;HEX_CONUS_208_800;HEX_CONUS_308_627;HEX_CONUS_308_800;HEX_CONUS_358_714",0,0,0,0,0,0,9,53.5,60.5,176.73,438,0.59,"0.5–0.99",2.84,7.06,9.25,8.56,4.82,7.9,,1,1,1,26,1,1
"HEX_CONUS_258_887","CONUS","MN","Minnesota","27137","St. Louis",257844,886857,-92.37,47.47,1,"HEX_CONUS_158_887;HEX_CONUS_208_973;HEX_CONUS_208_800;HEX_CONUS_308_800;HEX_CONUS_308_973;HEX_CONUS_358_887",0,0,0,0,0,0,4,182.5,182.5,246.96,0,0.65,"0.5–0.99",87.63,10.04,9.03,13.49,11.4,0,5,1,1,1,26,1,0
"HEX_CONUS_308_-1105","CONUS","LA","Louisiana","22003","Allen",307844,-1105001,-92.66,30.5,1,"HEX_CONUS_208_-1105;HEX_CONUS_258_-1192;HEX_CONUS_258_-1018;HEX_CONUS_358_-1192;HEX_CONUS_358_-1018;HEX_CONUS_408_-1105",0,0,0,0,0,0,6,2087.7,2095.9,283.3,0,0.3,"Under 0.5",44.74,7.91,9.75,5.07,9.69,8.24,,1,0,0,7,4,0
"HEX_CONUS_308_-932","CONUS","LA","Louisiana","22127","Winn",307844,-931796,-92.59,32,1,"HEX_CONUS_208_-932;HEX_CONUS_258_-1018;HEX_CONUS_258_-845;HEX_CONUS_358_-1018;HEX_CONUS_358_-845;HEX_CONUS_408_-932",0,0,0,0,0,0,1,66.4,66.4,140.24,0,0.37,"Under 0.5",2.65,6.58,4.43,2.57,7.73,10.71,,1,0,0,7,4,0
"HEX_CONUS_308_-759","CONUS","AR","Arkansas","05013","Calhoun",307844,-758591,-92.52,33.49,1,"HEX_CONUS_208_-759;HEX_CONUS_258_-845;HEX_CONUS_258_-672;HEX_CONUS_358_-845;HEX_CONUS_358_-672;HEX_CONUS_408_-759",0,0,0,0,0,0,6,2585.8,2585.8,233.43,1060,0.41,"Under 0.5",0.3,4.88,5.36,1.36,6.26,6.19,,1,1,0,5,3,1
"HEX_CONUS_308_-585","CONUS","AR","Arkansas","05045","Faulkner",307844,-585386,-92.45,34.97,1,"HEX_CONUS_208_-585;HEX_CONUS_258_-672;HEX_CONUS_258_-499;HEX_CONUS_358_-672;HEX_CONUS_358_-499;HEX_CONUS_408_-585",3,575,1,0,3,3,10,696,697,311.01,290,0.4,"Under 0.5",6.38,13.15,6.79,2.92,8.29,10.58,10,1,1,0,5,3,2
"HEX_CONUS_308_-412","CONUS","AR","Arkansas","05005","Baxter",307844,-412181,-92.37,36.45,1,"HEX_CONUS_208_-412;HEX_CONUS_258_-499;HEX_CONUS_258_-326;HEX_CONUS_358_-499;HEX_CONUS_358_-326;HEX_CONUS_408_-412",0,0,0,0,0,0,3,421.4,421.4,0,,0.43,"Under 0.5",4.75,18.66,13.52,6.67,13.96,11.09,,1,1,0,5,3,0
"HEX_CONUS_308_-239","CONUS","MO","Missouri","29169","Pulaski",307844,-238976,-92.29,37.92,1,"HEX_CONUS_208_-239;HEX_CONUS_258_-326;HEX_CONUS_258_-152;HEX_CONUS_358_-326;HEX_CONUS_358_-152;HEX_CONUS_408_-239",0,0,0,0,0,0,5,219.1,219.1,188.84,,0.49,"Under 0.5",6.57,6.35,2.31,3.5,7.93,12.5,,1,1,0,6,0,1
"HEX_CONUS_308_-66","CONUS","MO","Missouri","29137","Monroe",307844,-65771,-92.2,39.39,1,"HEX_CONUS_208_-66;HEX_CONUS_258_-152;HEX_CONUS_258_21;HEX_CONUS_358_-152;HEX_CONUS_358_21;HEX_CONUS_408_-66",2,0,0,0,2,1,18,1753.9,1768.8,126.44,0,0.56,"0.5–0.99",6.57,7.25,10.21,1.07,6.43,14.68,,1,1,0,6,0,1
"HEX_CONUS_308_107","CONUS","IA","Iowa","19177","Van Buren",307844,107434,-92.12,40.86,1,"HEX_CONUS_208_107;HEX_CONUS_258_21;HEX_CONUS_258_194;HEX_CONUS_358_21;HEX_CONUS_358_194;HEX_CONUS_408_107",0,0,0,0,0,0,7,758.5,812,154.13,,0.62,"0.5–0.99",1.33,8.26,13.03,1.63,8.15,11.7,,1,1,0,6,2,1
"HEX_CONUS_308_281","CONUS","IA","Iowa","19019","Buchanan",307844,280640,-92.03,42.32,1,"HEX_CONUS_208_281;HEX_CONUS_258_194;HEX_CONUS_258_367;HEX_CONUS_358_194;HEX_CONUS_358_367;HEX_CONUS_408_281",1,0,0,0,1,1,24,674.9,720.9,222.54,400,0.54,"0.5–0.99",4.83,7.32,10.53,1.48,7.77,2.3,,1,1,0,6,2,1
"HEX_CONUS_308_454","CONUS","MN","Minnesota","27045","Fillmore",307844,453845,-91.93,43.79,1,"HEX_CONUS_208_454;HEX_CONUS_258_367;HEX_CONUS_258_540;HEX_CONUS_358_367;HEX_CONUS_358_540;HEX_CONUS_408_454",0,0,0,0,0,0,34,440.6,461.2,76.7,49.98,0.62,"0.5–0.99",13.04,10.55,18.89,3.03,13.77,8.63,,1,1,1,26,1,0
"HEX_CONUS_308_627","CONUS","WI","Wisconsin","55005","Barron",307844,627050,-91.83,45.25,1,"HEX_CONUS_208_627;HEX_CONUS_258_540;HEX_CONUS_258_714;HEX_CONUS_358_540;HEX_CONUS_358_714;HEX_CONUS_408_627",1,0,0,0,0,1,20,442.5,505.7,37.8,495,0.56,"0.5–0.99",11.17,10.25,14.57,3.24,4.37,13.6,,1,0,1,15,1,2
"HEX_CONUS_308_800","CONUS","WI","Wisconsin","55031","Douglas",307844,800255,-91.72,46.72,1,"HEX_CONUS_208_800;HEX_CONUS_258_714;HEX_CONUS_258_887;HEX_CONUS_358_714;HEX_CONUS_358_887;HEX_CONUS_408_800",1,0,0,0,0,1,6,160,168,157.03,561.5,0.5,"Under 0.5",3.62,7.85,7.16,4.18,8.36,9.45,,1,0,1,15,1,1
"HEX_CONUS_308_973","CONUS","MN","Minnesota","27075","Lake",307844,973460,-91.61,48.18,0.51,"HEX_CONUS_208_973;HEX_CONUS_258_887;HEX_CONUS_358_887;HEX_CONUS_408_973",0,0,0,0,0,0,1,4,4,0,,0.56,"0.5–0.99",126.49,5.31,0,10.87,0,0,,1,1,1,26,1,0
"HEX_CONUS_358_-1192","CONUS","LA","Louisiana","22113","Vermilion",357844,-1191604,-92.15,29.74,0.85,"HEX_CONUS_258_-1192;HEX_CONUS_308_-1105;HEX_CONUS_408_-1278;HEX_CONUS_408_-1105;HEX_CONUS_458_-1192",0,0,0,0,0,0,3,132.8,134.8,120.04,0,0.37,"Under 0.5",152.49,15.11,16.1,4.3,21.02,7.58,,1,0,0,7,4,0
"HEX_CONUS_358_-1018","CONUS","LA","Louisiana","22009","Avoyelles",357844,-1018399,-92.08,31.24,1,"HEX_CONUS_258_-1018;HEX_CONUS_308_-1105;HEX_CONUS_308_-932;HEX_CONUS_408_-1105;HEX_CONUS_408_-932;HEX_CONUS_458_-1018",0,0,0,0,0,0,3,1179.9,1179.9,158.33,200,0.32,"Under 0.5",65.9,15.31,19.59,5.84,19.19,14.9,,1,0,0,7,4,0
"HEX_CONUS_358_-845","CONUS","LA","Louisiana","22067","Morehouse",357844,-845193,-91.99,32.73,1,"HEX_CONUS_258_-845;HEX_CONUS_308_-932;HEX_CONUS_308_-759;HEX_CONUS_408_-932;HEX_CONUS_408_-759;HEX_CONUS_458_-845",1,1850,1,0,0,1,9,2295.6,2295.6,122.04,1550,1.08,"1–4.99",86.98,13.45,9.35,6.1,19.77,19.85,,1,0,0,7,4,0
"HEX_CONUS_358_-672","CONUS","AR","Arkansas","05069","Jefferson",357844,-671988,-91.91,34.21,1,"HEX_CONUS_258_-672;HEX_CONUS_308_-759;HEX_CONUS_308_-585;HEX_CONUS_408_-759;HEX_CONUS_408_-585;HEX_CONUS_458_-672",1,500,1,0,1,1,7,2203.3,2203.3,276.39,1875,0.68,"0.5–0.99",389.9,17.04,11.55,1.34,23.12,18.32,,1,1,0,5,3,0
"HEX_CONUS_358_-499","CONUS","AR","Arkansas","05023","Cleburne",357844,-498783,-91.82,35.69,1,"HEX_CONUS_258_-499;HEX_CONUS_308_-585;HEX_CONUS_308_-412;HEX_CONUS_408_-412;HEX_CONUS_408_-585;HEX_CONUS_458_-499",0,0,0,0,0,0,7,1912,1912,86.84,,0.32,"Under 0.5",11.77,15.13,15.18,3.68,12.52,9.67,,1,1,0,5,3,1
"HEX_CONUS_358_-326","CONUS","MO","Missouri","29215","Texas",357844,-325578,-91.73,37.17,1,"HEX_CONUS_258_-326;HEX_CONUS_308_-412;HEX_CONUS_308_-239;HEX_CONUS_408_-412;HEX_CONUS_408_-239;HEX_CONUS_458_-326",0,0,0,0,0,0,2,8,55.4,0,,0.42,"Under 0.5",3.99,11,5.5,8.3,12.83,20.12,,1,1,0,6,0,0
"HEX_CONUS_358_-152","CONUS","MO","Missouri","29073","Gasconade",357844,-152373,-91.64,38.64,1,"HEX_CONUS_258_-152;HEX_CONUS_308_-239;HEX_CONUS_308_-66;HEX_CONUS_408_-239;HEX_CONUS_408_-66;HEX_CONUS_458_-152",4,1200,1,0,4,3,7,1545.8,1545.8,392.51,440,0.55,"0.5–0.99",2.29,8.57,5.95,3.32,7.23,20.89,,1,1,0,6,0,1
"HEX_CONUS_358_21","CONUS","MO","Missouri","29111","Lewis",357844,20832,-91.54,40.11,1,"HEX_CONUS_258_21;HEX_CONUS_308_-66;HEX_CONUS_308_107;HEX_CONUS_408_107;HEX_CONUS_408_-66;HEX_CONUS_458_21",0,0,0,0,0,0,4,204.9,218.1,232.41,,0.57,"0.5–0.99",3.53,8.59,9.5,0.57,11.9,15.79,,1,1,0,6,0,0
"HEX_CONUS_358_194","CONUS","IA","Iowa","19103","Johnson",357844,194037,-91.44,41.57,1,"HEX_CONUS_258_194;HEX_CONUS_308_107;HEX_CONUS_308_281;HEX_CONUS_408_107;HEX_CONUS_408_281;HEX_CONUS_458_194",2,0,0,0,2,0,22,1744.8,1829.2,335.29,153.4,0.58,"0.5–0.99",39.68,14.07,7.86,3.09,16.29,4.25,4,1,1,0,6,2,1
"HEX_CONUS_358_367","CONUS","IA","Iowa","19043","Clayton",357844,367242,-91.33,43.03,1,"HEX_CONUS_258_367;HEX_CONUS_308_281;HEX_CONUS_308_454;HEX_CONUS_408_281;HEX_CONUS_408_454;HEX_CONUS_458_367",1,400,1,0,0,1,10,100.2,105.9,39.34,0,0.6,"0.5–0.99",7.34,11.97,3.46,2.69,18.7,2.52,,1,1,0,6,2,5
"HEX_CONUS_358_540","CONUS","WI","Wisconsin","55121","Trempealeau",357844,540447,-91.21,44.5,1,"HEX_CONUS_258_540;HEX_CONUS_308_454;HEX_CONUS_308_627;HEX_CONUS_408_454;HEX_CONUS_408_627;HEX_CONUS_458_540",0,0,0,0,0,0,8,30.3,47.2,189.19,89,0.57,"0.5–0.99",9.01,6.63,3.65,1.91,8.75,8.42,,1,0,1,15,1,0
"HEX_CONUS_358_714","CONUS","WI","Wisconsin","55113","Sawyer",357844,713652,-91.09,45.96,1,"HEX_CONUS_258_714;HEX_CONUS_308_627;HEX_CONUS_308_800;HEX_CONUS_408_627;HEX_CONUS_408_800;HEX_CONUS_458_714",0,0,0,0,0,0,6,15.6,15.6,99.5,243.6,0.5,"0.5–0.99",4.42,6.98,1.8,2.79,3.92,9.32,,1,0,1,15,1,0
"HEX_CONUS_358_887","CONUS","MN","Minnesota","27031","Cook",357844,886857,-90.97,47.43,1,"HEX_CONUS_258_887;HEX_CONUS_308_800;HEX_CONUS_308_973;HEX_CONUS_408_800;HEX_CONUS_408_973;HEX_CONUS_458_887",0,0,0,0,0,0,1,0,131.6,0,18,0.51,"0.5–0.99",157.03,4.17,0,12.38,0,0,,1,1,1,26,1,0
"HEX_CONUS_408_-412","CONUS","AR","Arkansas","05121","Randolph",407844,-412181,-91.19,36.41,1,"HEX_CONUS_308_-412;HEX_CONUS_358_-499;HEX_CONUS_358_-326;HEX_CONUS_458_-499;HEX_CONUS_458_-326;HEX_CONUS_508_-412",0,0,0,0,0,0,1,1,1,0,,0.44,"Under 0.5",187.33,12.91,12.43,4.8,14.92,16.66,,1,1,0,5,3,0
"HEX_CONUS_408_107","CONUS","IL","Illinois","17071","Henderson",407844,107434,-90.86,40.82,1,"HEX_CONUS_308_107;HEX_CONUS_358_21;HEX_CONUS_358_194;HEX_CONUS_458_21;HEX_CONUS_458_194;HEX_CONUS_508_107",0,0,0,0,0,0,14,740.7,759.5,31.23,,0.56,"0.5–0.99",10.74,7.7,13.06,0.41,7.52,11.38,,1,0,0,24,1,1
"HEX_CONUS_408_-1278","CONUS","LA","Louisiana","22109","Terrebonne",407844,-1278206,-91.66,28.97,0.06,"HEX_CONUS_358_-1192;HEX_CONUS_458_-1192;HEX_CONUS_508_-1278",0,0,0,0,0,0,0,0,0,0,0,0.29,"Under 0.5",3.75,15.53,7.12,2.72,13.6,6.12,,1,0,0,7,4,0
"HEX_CONUS_408_-1105","CONUS","LA","Louisiana","22047","Iberville",407844,-1105001,-91.57,30.47,1,"HEX_CONUS_308_-1105;HEX_CONUS_358_-1192;HEX_CONUS_358_-1018;HEX_CONUS_458_-1192;HEX_CONUS_458_-1018;HEX_CONUS_508_-1105",2,545,2,0,2,0,19,6456.7,7167.8,686.67,4648.93,0.29,"Under 0.5",541.51,9.78,8.34,1.14,12.09,6.88,,1,0,0,7,4,0
"HEX_CONUS_408_-932","CONUS","LA","Louisiana","22107","Tensas",407844,-931796,-91.48,31.96,1,"HEX_CONUS_308_-932;HEX_CONUS_358_-1018;HEX_CONUS_358_-845;HEX_CONUS_458_-1018;HEX_CONUS_458_-845;HEX_CONUS_508_-932",0,0,0,0,0,0,1,1440,1440,54.43,0,0.44,"Under 0.5",26.55,14.71,15.36,0.92,22.77,16.67,,1,0,0,7,4,0
"HEX_CONUS_408_-759","CONUS","AR","Arkansas","05017","Chicot",407844,-758591,-91.39,33.45,1,"HEX_CONUS_308_-759;HEX_CONUS_358_-845;HEX_CONUS_358_-672;HEX_CONUS_458_-845;HEX_CONUS_458_-672;HEX_CONUS_508_-759",0,0,0,0,0,0,5,1019.6,1019.6,80.04,385,5.14,"5 or more",298.56,14.58,14.6,1.62,22.86,16.83,,1,1,0,5,3,0
"HEX_CONUS_408_-585","CONUS","AR","Arkansas","05095","Monroe",407844,-585386,-91.29,34.93,1,"HEX_CONUS_308_-585;HEX_CONUS_358_-672;HEX_CONUS_358_-499;HEX_CONUS_458_-672;HEX_CONUS_458_-499;HEX_CONUS_508_-585",0,0,0,0,0,0,9,432.8,552.8,146.71,0,0.56,"0.5–0.99",322.18,14.42,0,0.18,22.09,11.21,,1,1,0,5,3,0
"HEX_CONUS_408_-239","CONUS","MO","Missouri","29221","Washington",407844,-238976,-91.08,37.88,1,"HEX_CONUS_308_-239;HEX_CONUS_358_-326;HEX_CONUS_358_-152;HEX_CONUS_458_-326;HEX_CONUS_458_-152;HEX_CONUS_508_-239",0,0,0,0,0,0,1,408,408,83.17,0,0.48,"Under 0.5",3.85,9.89,3.5,5.04,8.08,23.64,,1,1,0,6,0,0
"HEX_CONUS_408_-66","CONUS","MO","Missouri","29163","Pike",407844,-65771,-90.97,39.35,1,"HEX_CONUS_308_-66;HEX_CONUS_358_-152;HEX_CONUS_358_21;HEX_CONUS_458_-152;HEX_CONUS_458_21;HEX_CONUS_508_-66",0,0,0,0,0,0,6,1451.4,1453.1,86.01,0,0.58,"0.5–0.99",7.22,7.11,8.26,1.83,5.78,15.6,,1,1,0,6,0,0
"HEX_CONUS_408_281","CONUS","IA","Iowa","19097","Jackson",407844,280640,-90.74,42.28,1,"HEX_CONUS_308_281;HEX_CONUS_358_194;HEX_CONUS_358_367;HEX_CONUS_458_194;HEX_CONUS_458_367;HEX_CONUS_508_281",4,0,0,1,3,2,14,238.4,281.2,158.84,0,0.56,"0.5–0.99",3.44,10.32,14.8,1.63,8.76,6.83,,1,1,0,6,2,1
"HEX_CONUS_408_454","CONUS","WI","Wisconsin","55081","Monroe",407844,453845,-90.61,43.74,1,"HEX_CONUS_308_454;HEX_CONUS_358_367;HEX_CONUS_358_540;HEX_CONUS_458_367;HEX_CONUS_458_540;HEX_CONUS_508_454",0,0,0,0,0,0,19,249.2,249.2,82.72,0,0.56,"0.5–0.99",42.83,8.86,1.64,4.6,10.62,13.6,,1,0,1,15,1,1
"HEX_CONUS_408_627","CONUS","WI","Wisconsin","55119","Taylor",407844,627050,-90.48,45.21,1,"HEX_CONUS_308_627;HEX_CONUS_358_540;HEX_CONUS_358_714;HEX_CONUS_458_540;HEX_CONUS_458_714;HEX_CONUS_508_627",0,0,0,0,0,0,11,127.4,127.4,130.03,,0.53,"0.5–0.99",2.28,4.34,0,0.51,2.9,6.68,,1,0,1,15,1,0
"HEX_CONUS_408_800","CONUS","MI","Michigan","26053","Gogebic",407844,800255,-90.34,46.67,1,"HEX_CONUS_308_800;HEX_CONUS_358_714;HEX_CONUS_358_887;HEX_CONUS_458_714;HEX_CONUS_458_887;HEX_CONUS_508_800",0,0,0,0,0,0,4,51.2,51.2,0,,0.46,"Under 0.5",8.98,6.88,2.09,2.58,7.5,0,,1,0,1,25,2,0
"HEX_CONUS_408_973","CONUS","MN","Minnesota","27031","Cook",407844,973460,-90.19,48.14,0.42,"HEX_CONUS_308_973;HEX_CONUS_358_887;HEX_CONUS_458_887;HEX_CONUS_508_973",0,0,0,0,0,0,1,6.7,6.7,0,18,0.51,"0.5–0.99",157.03,4.17,0,12.38,0,0,,1,1,1,26,1,0
"HEX_CONUS_458_-1192","CONUS","LA","Louisiana","22007","Assumption",457844,-1191604,-91.08,29.7,1,"HEX_CONUS_358_-1192;HEX_CONUS_408_-1278;HEX_CONUS_408_-1105;HEX_CONUS_508_-1278;HEX_CONUS_508_-1105;HEX_CONUS_558_-1192",1,0,0,0,1,0,7,217.7,645.1,302.09,0,0.29,"Under 0.5",21.48,10.73,15.05,0.69,8.94,6.39,,1,0,0,7,4,0
"HEX_CONUS_458_-1018","CONUS","MS","Mississippi","28005","Amite",457844,-1018399,-90.98,31.2,1,"HEX_CONUS_358_-1018;HEX_CONUS_408_-1105;HEX_CONUS_408_-932;HEX_CONUS_508_-1105;HEX_CONUS_508_-932;HEX_CONUS_558_-1018",0,0,0,0,0,0,0,0,0,149.29,405,0.29,"Under 0.5",2.58,10.52,14.42,3.91,4.78,6.56,,1,0,0,5,1,0
"HEX_CONUS_458_-845","CONUS","MS","Mississippi","28125","Sharkey",457844,-845193,-90.88,32.69,1,"HEX_CONUS_358_-845;HEX_CONUS_408_-932;HEX_CONUS_408_-759;HEX_CONUS_508_-932;HEX_CONUS_508_-759;HEX_CONUS_558_-845",1,0,0,0,1,0,5,112.6,117.6,195.94,120,0.4,"Under 0.5",74.72,12.56,16.35,0.21,13.46,14.07,,1,0,0,5,1,0
"HEX_CONUS_458_-672","CONUS","MS","Mississippi","28027","Coahoma",457844,-671988,-90.77,34.17,1,"HEX_CONUS_358_-672;HEX_CONUS_408_-759;HEX_CONUS_408_-585;HEX_CONUS_508_-759;HEX_CONUS_508_-585;HEX_CONUS_558_-672",1,0,0,0,1,0,4,648.7,648.7,183.83,200,0.37,"Under 0.5",131.44,16.1,14.97,0.12,11.76,25.31,,1,0,0,5,1,0
"HEX_CONUS_458_-499","CONUS","AR","Arkansas","05111","Poinsett",457844,-498783,-90.66,35.65,1,"HEX_CONUS_358_-499;HEX_CONUS_408_-412;HEX_CONUS_408_-585;HEX_CONUS_508_-585;HEX_CONUS_508_-412;HEX_CONUS_558_-499",0,0,0,0,0,0,10,632.8,633.1,109.01,240,4.92,"1–4.99",973.17,17.17,21.8,0.16,12.96,20.5,,1,1,0,5,3,0
"HEX_CONUS_458_-326","CONUS","MO","Missouri","29223","Wayne",457844,-325578,-90.54,37.12,1,"HEX_CONUS_358_-326;HEX_CONUS_408_-412;HEX_CONUS_408_-239;HEX_CONUS_508_-239;HEX_CONUS_508_-412;HEX_CONUS_558_-326",0,0,0,0,0,0,1,34.1,34.1,105.57,,0.38,"Under 0.5",2.5,14.81,4.35,7.15,22.35,15.11,,1,1,0,6,0,0
"HEX_CONUS_458_-152","CONUS","MO","Missouri","29189","St. Louis",457844,-152373,-90.42,38.59,1,"HEX_CONUS_358_-152;HEX_CONUS_408_-239;HEX_CONUS_408_-66;HEX_CONUS_508_-239;HEX_CONUS_508_-66;HEX_CONUS_558_-152",12,500,1,4,6,4,19,4257.2,4305.5,539.33,922.8,0.78,"0.5–0.99",545.49,30.85,3.83,2.39,22.51,69.34,62,1,1,0,6,0,5
"HEX_CONUS_458_21","CONUS","IL","Illinois","17017","Cass",457844,20832,-90.3,40.06,1,"HEX_CONUS_358_21;HEX_CONUS_408_107;HEX_CONUS_408_-66;HEX_CONUS_508_107;HEX_CONUS_508_-66;HEX_CONUS_558_21",0,0,0,0,0,0,10,985.5,985.5,191.4,149.94,0.58,"0.5–0.99",12.93,8.45,13.16,0.33,8.27,13.84,,1,0,0,24,1,0
"HEX_CONUS_458_194","CONUS","IL","Illinois","17073","Henry",457844,194037,-90.16,41.52,1,"HEX_CONUS_358_194;HEX_CONUS_408_107;HEX_CONUS_408_281;HEX_CONUS_508_107;HEX_CONUS_508_281;HEX_CONUS_558_194",0,0,0,0,0,0,33,4946.4,4950,332.11,540.74,0.58,"0.5–0.99",10.85,10.87,14.95,0.53,11.45,10.72,,1,0,0,24,1,0
"HEX_CONUS_458_367","CONUS","WI","Wisconsin","55049","Iowa",457844,367242,-90.02,42.99,1,"HEX_CONUS_358_367;HEX_CONUS_408_281;HEX_CONUS_408_454;HEX_CONUS_508_281;HEX_CONUS_508_454;HEX_CONUS_558_367",0,0,0,0,0,0,22,1037.1,1093.7,157.29,439,0.56,"0.5–0.99",8.9,5.65,1.92,3.05,4.7,8.07,,1,0,1,15,1,5
"HEX_CONUS_458_540","CONUS","WI","Wisconsin","55141","Wood",457844,540447,-89.88,44.45,1,"HEX_CONUS_358_540;HEX_CONUS_408_454;HEX_CONUS_408_627;HEX_CONUS_508_454;HEX_CONUS_508_627;HEX_CONUS_558_540",1,20,1,0,0,0,16,1459.3,1549.1,193.08,550.56,0.57,"0.5–0.99",200.82,7.91,0,7.02,7.39,9.15,,1,0,1,15,1,1
"HEX_CONUS_458_714","CONUS","WI","Wisconsin","55125","Vilas",457844,713652,-89.72,45.91,1,"HEX_CONUS_358_714;HEX_CONUS_408_627;HEX_CONUS_408_800;HEX_CONUS_508_627;HEX_CONUS_508_800;HEX_CONUS_558_714",0,0,0,0,0,0,5,31.5,51.8,0,,0.51,"0.5–0.99",4.87,7.48,0.93,5.98,1.77,0,,1,0,1,15,1,1
"HEX_CONUS_458_887","CONUS","MI","Michigan","26131","Ontonagon",457844,886857,-89.56,47.38,1,"HEX_CONUS_358_887;HEX_CONUS_408_800;HEX_CONUS_408_973;HEX_CONUS_508_800;HEX_CONUS_508_973;HEX_CONUS_558_887",0,0,0,0,0,0,0,0,0,0,0,0.43,"Under 0.5",0.61,4.49,5.25,4.77,4.23,0,,1,0,1,25,2,0
"HEX_CONUS_508_107","CONUS","IL","Illinois","17143","Peoria",507844,107434,-89.6,40.77,1,"HEX_CONUS_408_107;HEX_CONUS_458_21;HEX_CONUS_458_194;HEX_CONUS_558_21;HEX_CONUS_558_194;HEX_CONUS_608_107",2,0,0,0,0,0,20,2670.4,2670.4,306.06,2474,0.49,"Under 0.5",446.61,16.3,14.1,0.66,17.01,22.49,4,1,0,0,24,1,0
"HEX_CONUS_508_-1278","CONUS","LA","Louisiana","22109","Terrebonne",507844,-1278206,-90.6,28.92,0.36,"HEX_CONUS_408_-1278;HEX_CONUS_458_-1192;HEX_CONUS_558_-1192;HEX_CONUS_608_-1278",0,0,0,0,0,0,0,0,0,0,0,0.29,"Under 0.5",3.75,15.53,7.12,2.72,13.6,6.12,,1,0,0,7,4,0
"HEX_CONUS_508_-1105","CONUS","LA","Louisiana","22105","Tangipahoa",507844,-1105001,-90.49,30.42,1,"HEX_CONUS_408_-1105;HEX_CONUS_458_-1192;HEX_CONUS_458_-1018;HEX_CONUS_558_-1192;HEX_CONUS_558_-1018;HEX_CONUS_608_-1105",0,0,0,0,0,0,13,5304.3,5792.5,987.07,847.9,0.28,"Under 0.5",19.38,17.78,7.6,7.35,26.75,11.87,,1,0,0,7,4,0
"HEX_CONUS_508_-932","CONUS","MS","Mississippi","28029","Copiah",507844,-931796,-90.38,31.92,1,"HEX_CONUS_408_-932;HEX_CONUS_458_-1018;HEX_CONUS_458_-845;HEX_CONUS_558_-1018;HEX_CONUS_558_-845;HEX_CONUS_608_-932",1,0,0,0,1,0,3,82.7,86.9,268.07,0,0.33,"Under 0.5",6.75,12.36,7.69,2,8.68,13.1,,1,0,0,5,1,1
"HEX_CONUS_508_-759","CONUS","MS","Mississippi","28083","Leflore",507844,-758591,-90.26,33.4,1,"HEX_CONUS_408_-759;HEX_CONUS_458_-845;HEX_CONUS_458_-672;HEX_CONUS_558_-845;HEX_CONUS_558_-672;HEX_CONUS_608_-759",0,0,0,0,0,0,3,299,299,179.54,200,0.43,"Under 0.5",201.94,18.73,13.51,0.59,22.6,22.16,,1,0,0,5,1,0
"HEX_CONUS_508_-585","CONUS","MS","Mississippi","28033","DeSoto",507844,-585386,-90.14,34.88,1,"HEX_CONUS_408_-585;HEX_CONUS_458_-672;HEX_CONUS_458_-499;HEX_CONUS_558_-672;HEX_CONUS_558_-499;HEX_CONUS_608_-585",4,1898,2,1,2,3,8,2999,2999,289.36,1904,0.31,"Under 0.5",36.29,11.55,6.88,2.1,8.14,11.87,,1,0,0,5,1,1
"HEX_CONUS_508_-239","CONUS","MO","Missouri","29157","Perry",507844,-238976,-89.88,37.83,1,"HEX_CONUS_408_-239;HEX_CONUS_458_-326;HEX_CONUS_458_-152;HEX_CONUS_558_-326;HEX_CONUS_558_-152;HEX_CONUS_608_-239",0,0,0,0,0,0,12,1379.1,3278,259.19,0,0.77,"0.5–0.99",3.38,7.44,4.91,1.38,4.21,12,,1,1,0,6,0,0
"HEX_CONUS_508_-66","CONUS","IL","Illinois","17117","Macoupin",507844,-65771,-89.75,39.3,1,"HEX_CONUS_408_-66;HEX_CONUS_458_-152;HEX_CONUS_458_21;HEX_CONUS_558_-152;HEX_CONUS_558_21;HEX_CONUS_608_-66",2,1632,2,0,2,2,9,2082.2,2082.2,311.99,444,0.63,"0.5–0.99",4.48,9.38,10.97,0.65,3.09,14.2,,1,0,0,24,1,1
"HEX_CONUS_508_281","CONUS","IL","Illinois","17177","Stephenson",507844,280640,-89.45,42.23,1,"HEX_CONUS_408_281;HEX_CONUS_458_194;HEX_CONUS_458_367;HEX_CONUS_558_194;HEX_CONUS_558_367;HEX_CONUS_608_281",1,48,1,0,0,1,50,4058.3,4070.3,289.22,662,0.56,"0.5–0.99",8.26,13.06,17.89,1.43,11.28,12.41,,1,0,0,24,1,1
"HEX_CONUS_508_454","CONUS","WI","Wisconsin","55077","Marquette",507844,453845,-89.29,43.69,1,"HEX_CONUS_408_454;HEX_CONUS_458_367;HEX_CONUS_458_540;HEX_CONUS_558_367;HEX_CONUS_558_540;HEX_CONUS_608_454",3,0,0,0,2,2,10,1462.2,1464.5,241.01,,0.51,"0.5–0.99",9.8,6.75,1.1,5.32,6.25,11.14,,1,0,1,15,1,2
"HEX_CONUS_508_627","CONUS","WI","Wisconsin","55067","Langlade",507844,627050,-89.13,45.15,1,"HEX_CONUS_408_627;HEX_CONUS_458_540;HEX_CONUS_458_714;HEX_CONUS_558_540;HEX_CONUS_558_714;HEX_CONUS_608_627",0,0,0,0,0,0,7,78.9,78.9,54.11,,0.56,"0.5–0.99",24.58,6.48,1.54,1.24,5.4,0,,1,0,1,15,1,1
"HEX_CONUS_508_800","CONUS","MI","Michigan","26061","Houghton",507844,800255,-88.95,46.61,1,"HEX_CONUS_408_800;HEX_CONUS_458_714;HEX_CONUS_458_887;HEX_CONUS_558_714;HEX_CONUS_558_887;HEX_CONUS_608_800",0,0,0,0,0,0,4,92.6,92.6,0,0,0.36,"Under 0.5",4.55,4.11,1.02,2.18,2.34,0,3,1,0,1,25,2,0
"HEX_CONUS_508_973","CONUS","MI","Michigan","26083","Keweenaw",507844,973460,-88.77,48.08,0.62,"HEX_CONUS_408_973;HEX_CONUS_458_887;HEX_CONUS_558_887;HEX_CONUS_608_973",0,0,0,0,0,0,0,0,0,0,,0.32,"Under 0.5",0.21,1.86,0,1.83,2.36,0,,1,0,1,25,2,0
"HEX_CONUS_508_-412","CONUS","MO","Missouri","29069","Dunklin",507844,-412181,-90.01,36.36,1,"HEX_CONUS_408_-412;HEX_CONUS_458_-499;HEX_CONUS_458_-326;HEX_CONUS_558_-499;HEX_CONUS_558_-326;HEX_CONUS_608_-412",0,0,0,0,0,0,5,1838,1861.1,226.39,0,0.36,"Under 0.5",184.7,20.69,24.27,0,10.59,23.68,,1,1,0,6,0,0
"HEX_CONUS_558_-1192","CONUS","LA","Louisiana","22075","Plaquemines",557844,-1191604,-90.01,29.65,1,"HEX_CONUS_458_-1192;HEX_CONUS_508_-1278;HEX_CONUS_508_-1105;HEX_CONUS_608_-1278;HEX_CONUS_608_-1105;HEX_CONUS_658_-1192",1,0,0,0,0,1,11,2643,2694,434.43,0,0.29,"Under 0.5",60.9,8.28,2.82,3.08,5.59,3.99,,1,0,0,7,4,1
"HEX_CONUS_558_-1018","CONUS","MS","Mississippi","28091","Marion",557844,-1018399,-89.89,31.14,1,"HEX_CONUS_458_-1018;HEX_CONUS_508_-1105;HEX_CONUS_508_-932;HEX_CONUS_608_-1105;HEX_CONUS_608_-932;HEX_CONUS_658_-1018",0,0,0,0,0,0,7,1411.6,1413.2,269.11,100,0.28,"Under 0.5",4.86,14.9,6.41,9.16,17.73,8.55,,1,0,0,5,1,0
"HEX_CONUS_558_-845","CONUS","MS","Mississippi","28089","Madison",557844,-845193,-89.76,32.63,1,"HEX_CONUS_458_-845;HEX_CONUS_508_-932;HEX_CONUS_508_-759;HEX_CONUS_608_-932;HEX_CONUS_608_-759;HEX_CONUS_658_-845",4,2696,4,1,3,1,5,1429.7,1429.7,381.83,877,0.32,"Under 0.5",16.95,8.94,3.44,1.41,10.41,7.85,14,1,0,0,5,1,0
"HEX_CONUS_558_-672","CONUS","MS","Mississippi","28161","Yalobusha",557844,-671988,-89.63,34.12,1,"HEX_CONUS_458_-672;HEX_CONUS_508_-759;HEX_CONUS_508_-585;HEX_CONUS_608_-759;HEX_CONUS_608_-585;HEX_CONUS_658_-672",0,0,0,0,0,0,4,904.1,904.1,89.96,0,0.3,"Under 0.5",6.22,7.95,5.18,1.7,4.57,14.49,,1,0,0,5,1,0
"HEX_CONUS_558_-499","CONUS","TN","Tennessee","47097","Lauderdale",557844,-498783,-89.5,35.6,1,"HEX_CONUS_458_-499;HEX_CONUS_508_-585;HEX_CONUS_508_-412;HEX_CONUS_608_-585;HEX_CONUS_608_-412;HEX_CONUS_658_-499",0,0,0,0,0,0,15,3973.8,3975.4,372.47,,0.32,"Under 0.5",7.31,12.19,0.99,1.18,7.23,17.55,,1,1,0,15,2,0
"HEX_CONUS_558_-326","CONUS","IL","Illinois","17003","Alexander",557844,-325578,-89.36,37.07,1,"HEX_CONUS_458_-326;HEX_CONUS_508_-239;HEX_CONUS_508_-412;HEX_CONUS_608_-412;HEX_CONUS_608_-239;HEX_CONUS_658_-326",1,1200,1,0,1,0,5,1984.7,1984.7,239.58,,0.53,"0.5–0.99",4.05,19,9.4,1.07,27.17,11.15,,1,0,0,24,1,0
"HEX_CONUS_558_-152","CONUS","IL","Illinois","17027","Clinton",557844,-152373,-89.21,38.54,1,"HEX_CONUS_458_-152;HEX_CONUS_508_-239;HEX_CONUS_508_-66;HEX_CONUS_608_-239;HEX_CONUS_608_-66;HEX_CONUS_658_-152",0,0,0,0,0,0,15,2555.3,2575.4,253.59,175,0.54,"0.5–0.99",10.43,7.49,9,0.32,6.46,10.24,,1,0,0,24,1,0
"HEX_CONUS_558_21","CONUS","IL","Illinois","17115","Macon",557844,20832,-89.05,40,1,"HEX_CONUS_458_21;HEX_CONUS_508_107;HEX_CONUS_508_-66;HEX_CONUS_608_107;HEX_CONUS_608_-66;HEX_CONUS_658_21",1,500,1,0,1,1,22,3919.1,4136.2,442.89,1600.3,0.57,"0.5–0.99",35.9,15.8,13.75,0.89,13.52,26.63,,1,0,0,24,1,3
"HEX_CONUS_558_194","CONUS","IL","Illinois","17099","LaSalle",557844,194037,-88.89,41.47,1,"HEX_CONUS_458_194;HEX_CONUS_508_107;HEX_CONUS_508_281;HEX_CONUS_608_107;HEX_CONUS_608_281;HEX_CONUS_658_194",7,1750,3,1,6,0,44,8812.1,8852.5,466.74,774.1,0.53,"0.5–0.99",115.17,12.45,7.91,1.18,16.64,7.68,,1,0,0,24,1,2
"HEX_CONUS_558_367","CONUS","WI","Wisconsin","55055","Jefferson",557844,367242,-88.72,42.93,1,"HEX_CONUS_458_367;HEX_CONUS_508_281;HEX_CONUS_508_454;HEX_CONUS_608_281;HEX_CONUS_608_454;HEX_CONUS_658_367",3,112.5,1,0,3,3,23,2896,2896,241.41,295,0.58,"0.5–0.99",19.8,8.49,2.31,2.82,10,11.55,,1,0,1,15,1,5
"HEX_CONUS_558_540","CONUS","WI","Wisconsin","55087","Outagamie",557844,540447,-88.55,44.39,1,"HEX_CONUS_458_540;HEX_CONUS_508_454;HEX_CONUS_508_627;HEX_CONUS_608_454;HEX_CONUS_608_627;HEX_CONUS_658_540",1,0,0,0,0,1,19,1556.5,1569.5,454.87,150,0.61,"0.5–0.99",62.71,6.65,0,1.61,5.24,10.5,5,1,0,1,15,1,5
"HEX_CONUS_558_714","CONUS","WI","Wisconsin","55037","Florence",557844,713652,-88.36,45.85,1,"HEX_CONUS_458_714;HEX_CONUS_508_627;HEX_CONUS_508_800;HEX_CONUS_608_627;HEX_CONUS_608_800;HEX_CONUS_658_714",0,0,0,0,0,0,14,142.2,144.2,80.85,0,0.59,"0.5–0.99",0.15,3.19,0.44,1.9,2.98,0,,1,0,1,15,1,0
"HEX_CONUS_558_887","CONUS","MI","Michigan","26083","Keweenaw",557844,886857,-88.16,47.31,1,"HEX_CONUS_458_887;HEX_CONUS_508_800;HEX_CONUS_508_973;HEX_CONUS_608_973;HEX_CONUS_608_800;HEX_CONUS_658_887",0,0,0,0,0,0,0,0,0,0,,0.32,"Under 0.5",0.21,1.86,0,1.83,2.36,0,,1,0,1,25,2,0
"HEX_CONUS_608_107","CONUS","IL","Illinois","17105","Livingston",607844,107434,-88.35,40.7,1,"HEX_CONUS_508_107;HEX_CONUS_558_21;HEX_CONUS_558_194;HEX_CONUS_658_21;HEX_CONUS_658_194;HEX_CONUS_708_107",0,0,0,0,0,0,17,2123,2123,275.85,1712.4,0.53,"0.5–0.99",7.93,6.5,4.16,0.31,8.1,9.18,,1,0,0,24,1,2
"HEX_CONUS_608_973","CONUS","MI","Michigan","26083","Keweenaw",607844,973460,-87.35,48.01,0.38,"HEX_CONUS_508_973;HEX_CONUS_558_887;HEX_CONUS_658_887",0,0,0,0,0,0,0,0,0,0,,0.32,"Under 0.5",0.21,1.86,0,1.83,2.36,0,,1,0,1,25,2,0
"HEX_CONUS_608_-1278","CONUS","LA","Louisiana","22075","Plaquemines",607844,-1278206,-89.53,28.87,0.24,"HEX_CONUS_508_-1278;HEX_CONUS_558_-1192;HEX_CONUS_658_-1192",0,0,0,0,0,0,0,0,0,0,0,0.29,"Under 0.5",60.9,8.28,2.82,3.08,5.59,3.99,,1,0,0,7,4,0
"HEX_CONUS_608_-1105","CONUS","MS","Mississippi","28045","Hancock",607844,-1105001,-89.41,30.37,1,"HEX_CONUS_508_-1105;HEX_CONUS_558_-1192;HEX_CONUS_558_-1018;HEX_CONUS_658_-1192;HEX_CONUS_658_-1018;HEX_CONUS_708_-1105",0,0,0,0,0,0,3,1001.1,1001.1,430.61,0,0.25,"Under 0.5",9.03,16.44,6.75,17.65,12.45,10.83,,1,0,0,5,1,0
"HEX_CONUS_608_-932","CONUS","MS","Mississippi","28061","Jasper",607844,-931796,-89.27,31.86,1,"HEX_CONUS_508_-932;HEX_CONUS_558_-1018;HEX_CONUS_558_-845;HEX_CONUS_658_-1018;HEX_CONUS_658_-845;HEX_CONUS_708_-932",0,0,0,0,0,0,4,737.2,737.2,211.57,715,0.31,"Under 0.5",7.75,9.51,8.21,1.7,7.16,8.63,,1,0,0,5,1,0
"HEX_CONUS_608_-759","CONUS","MS","Mississippi","28019","Choctaw",607844,-758591,-89.13,33.35,1,"HEX_CONUS_508_-759;HEX_CONUS_558_-845;HEX_CONUS_558_-672;HEX_CONUS_658_-845;HEX_CONUS_658_-672;HEX_CONUS_708_-759",1,30,1,0,1,0,5,2489.2,2489.2,112.18,67,0.33,"Under 0.5",14.15,8.23,8.5,1.84,6.28,10.85,,1,0,0,5,1,0
"HEX_CONUS_608_-585","CONUS","MS","Mississippi","28139","Tippah",607844,-585386,-88.99,34.83,1,"HEX_CONUS_508_-585;HEX_CONUS_558_-672;HEX_CONUS_558_-499;HEX_CONUS_658_-672;HEX_CONUS_658_-499;HEX_CONUS_708_-585",0,0,0,0,0,0,5,1045.6,1045.6,105.81,,0.28,"Under 0.5",3.73,7.86,0.51,2.14,5.72,11.55,,1,0,0,5,1,0
"HEX_CONUS_608_-412","CONUS","TN","Tennessee","47183","Weakley",607844,-412181,-88.84,36.3,1,"HEX_CONUS_508_-412;HEX_CONUS_558_-499;HEX_CONUS_558_-326;HEX_CONUS_658_-499;HEX_CONUS_658_-326;HEX_CONUS_708_-412",0,0,0,0,0,0,3,674.6,674.6,106.39,0,0.3,"Under 0.5",5.89,12.95,16.73,0.71,5.98,13.21,,1,1,0,15,2,1
"HEX_CONUS_608_-239","CONUS","IL","Illinois","17165","Saline",607844,-238976,-88.68,37.77,1,"HEX_CONUS_508_-239;HEX_CONUS_558_-326;HEX_CONUS_558_-152;HEX_CONUS_658_-326;HEX_CONUS_658_-152;HEX_CONUS_708_-239",0,0,0,0,0,0,11,312.8,473.6,258.44,1135,0.36,"Under 0.5",2.9,13.3,10.84,1.05,13.72,12.87,,1,0,0,24,1,1
"HEX_CONUS_608_-66","CONUS","IL","Illinois","17173","Shelby",607844,-65771,-88.52,39.24,1,"HEX_CONUS_508_-66;HEX_CONUS_558_-152;HEX_CONUS_558_21;HEX_CONUS_658_-152;HEX_CONUS_658_21;HEX_CONUS_708_-66",1,0,0,0,1,0,10,1916,2012.1,273.15,1275,0.51,"0.5–0.99",3.71,7.37,12.49,0.41,5.26,12.91,,1,0,0,24,1,1
"HEX_CONUS_608_281","CONUS","IL","Illinois","17097","Lake",607844,280640,-88.17,42.16,1,"HEX_CONUS_508_281;HEX_CONUS_558_194;HEX_CONUS_558_367;HEX_CONUS_658_194;HEX_CONUS_658_367;HEX_CONUS_708_281",20,352.68,10,4,13,5,55,2858.2,3073,613.19,732.4,0.42,"Under 0.5",358.73,10.52,1.84,1.35,10.27,12.1,36,1,0,0,24,1,3
"HEX_CONUS_608_454","CONUS","WI","Wisconsin","55117","Sheboygan",607844,453845,-87.98,43.62,1,"HEX_CONUS_508_454;HEX_CONUS_558_367;HEX_CONUS_558_540;HEX_CONUS_658_367;HEX_CONUS_658_540;HEX_CONUS_708_454",2,2449.5,1,0,2,1,22,3395.2,3395.2,393.82,1083.3,0.68,"0.5–0.99",312.94,8.52,0,2,9.09,8.23,,1,0,1,15,1,1
"HEX_CONUS_608_627","CONUS","WI","Wisconsin","55075","Marinette",607844,627050,-87.78,45.08,1,"HEX_CONUS_508_627;HEX_CONUS_558_540;HEX_CONUS_558_714;HEX_CONUS_658_540;HEX_CONUS_658_714;HEX_CONUS_708_627",0,0,0,0,0,0,15,331.1,334.3,94.95,0,0.59,"0.5–0.99",11.28,6.71,0.59,4.83,7.34,0,,1,0,1,15,1,0
"HEX_CONUS_608_800","CONUS","MI","Michigan","26103","Marquette",607844,800255,-87.57,46.55,1,"HEX_CONUS_508_800;HEX_CONUS_558_714;HEX_CONUS_558_887;HEX_CONUS_658_714;HEX_CONUS_658_887;HEX_CONUS_708_800",0,0,0,0,0,0,7,199.5,223.5,66.14,316.4,0.46,"Under 0.5",262.49,8.58,3.45,8.52,9.67,0,,1,0,1,25,2,1
"HEX_CONUS_658_-1192","CONUS","LA","Louisiana","22075","Plaquemines",657844,-1191604,-88.94,29.59,0.53,"HEX_CONUS_558_-1192;HEX_CONUS_608_-1278;HEX_CONUS_608_-1105;HEX_CONUS_708_-1105",0,0,0,0,0,0,0,0,0,0,0,0.29,"Under 0.5",60.9,8.28,2.82,3.08,5.59,3.99,,1,0,0,7,4,0
"HEX_CONUS_658_-1018","CONUS","MS","Mississippi","28041","Greene",657844,-1018399,-88.79,31.08,1,"HEX_CONUS_558_-1018;HEX_CONUS_608_-1105;HEX_CONUS_608_-932;HEX_CONUS_708_-1105;HEX_CONUS_708_-932;HEX_CONUS_758_-1018",0,0,0,0,0,0,3,128.8,128.8,141,0,0.3,"Under 0.5",2.62,1.67,1.74,1.8,1.17,1.79,,1,0,0,5,1,0
"HEX_CONUS_658_-845","CONUS","MS","Mississippi","28075","Lauderdale",657844,-845193,-88.65,32.57,1,"HEX_CONUS_558_-845;HEX_CONUS_608_-932;HEX_CONUS_608_-759;HEX_CONUS_708_-932;HEX_CONUS_708_-759;HEX_CONUS_758_-845",0,0,0,0,0,0,6,1320.4,1320.4,302.19,0,0.32,"Under 0.5",11.94,17.43,5.02,2.07,20.61,16.44,,1,0,0,5,1,0
"HEX_CONUS_658_-672","CONUS","MS","Mississippi","28095","Monroe",657844,-671988,-88.49,34.06,1,"HEX_CONUS_558_-672;HEX_CONUS_608_-759;HEX_CONUS_608_-585;HEX_CONUS_708_-759;HEX_CONUS_708_-585;HEX_CONUS_758_-672",0,0,0,0,0,0,2,4.7,4.7,185.23,235,0.29,"Under 0.5",19.23,11.71,10.96,1.58,9.03,18.86,,1,0,0,5,1,0
"HEX_CONUS_658_-499","CONUS","TN","Tennessee","47077","Henderson",657844,-498783,-88.34,35.53,1,"HEX_CONUS_558_-499;HEX_CONUS_608_-585;HEX_CONUS_608_-412;HEX_CONUS_708_-412;HEX_CONUS_708_-585;HEX_CONUS_758_-499",0,0,0,0,0,0,2,31.8,31.8,74.71,275,0.3,"Under 0.5",0.56,10.12,0.53,1.12,7.34,12.05,,1,1,0,15,2,0
"HEX_CONUS_658_-326","CONUS","KY","Kentucky","21143","Lyon",657844,-325578,-88.17,37,1,"HEX_CONUS_558_-326;HEX_CONUS_608_-412;HEX_CONUS_608_-239;HEX_CONUS_708_-412;HEX_CONUS_708_-239;HEX_CONUS_758_-326",3,85,2,1,0,0,6,829.2,1259.2,105.71,104,0.29,"Under 0.5",3.35,6.62,5.7,0.56,4.32,7.77,,1,0,0,7,2,0
"HEX_CONUS_658_-152","CONUS","IL","Illinois","17047","Edwards",657844,-152373,-88,38.47,1,"HEX_CONUS_558_-152;HEX_CONUS_608_-239;HEX_CONUS_608_-66;HEX_CONUS_708_-239;HEX_CONUS_708_-66;HEX_CONUS_758_-152",0,0,0,0,0,0,11,4233.9,4233.9,326.45,238,0.42,"Under 0.5",0.64,5.9,10.16,0.44,2.79,6.02,,1,0,0,24,1,0
"HEX_CONUS_658_21","CONUS","IL","Illinois","17183","Vermilion",657844,20832,-87.81,39.94,1,"HEX_CONUS_558_21;HEX_CONUS_608_107;HEX_CONUS_608_-66;HEX_CONUS_708_107;HEX_CONUS_708_-66;HEX_CONUS_758_21",0,0,0,0,0,0,22,2901.6,2902.6,514.33,743,0.46,"Under 0.5",11.77,13.05,14.15,0.73,9.84,20.08,,1,0,0,24,1,2
"HEX_CONUS_658_194","CONUS","IL","Illinois","17197","Will",657844,194037,-87.62,41.4,1,"HEX_CONUS_558_194;HEX_CONUS_608_107;HEX_CONUS_608_281;HEX_CONUS_708_107;HEX_CONUS_708_281;HEX_CONUS_758_194",17,5250,6,1,11,6,75,10755.1,11325.8,1196.76,1138.6,0.4,"Under 0.5",1545.65,10.66,1.65,1.3,7.51,13.4,24,1,0,0,24,1,4
"HEX_CONUS_658_367","CONUS","WI","Wisconsin","55079","Milwaukee",657844,367242,-87.42,42.86,1,"HEX_CONUS_558_367;HEX_CONUS_608_281;HEX_CONUS_608_454;HEX_CONUS_708_281;HEX_CONUS_708_454;HEX_CONUS_758_367",7,1876.6,2,2,3,2,14,2965.1,3566.2,153.03,1438,0.57,"0.5–0.99",1897.92,23.38,1.81,2.31,26.89,34.7,25,1,0,1,15,1,1
"HEX_CONUS_658_540","CONUS","WI","Wisconsin","55071","Manitowoc",657844,540447,-87.22,44.32,1,"HEX_CONUS_558_540;HEX_CONUS_608_454;HEX_CONUS_608_627;HEX_CONUS_708_454;HEX_CONUS_708_627;HEX_CONUS_758_540",1,100,1,0,0,1,7,1707.7,1709.1,139.22,0,0.73,"0.5–0.99",1012.15,8,0,1.18,6.3,8.79,,1,0,1,15,1,2
"HEX_CONUS_658_714","CONUS","MI","Michigan","26041","Delta",657844,713652,-87,45.78,1,"HEX_CONUS_558_714;HEX_CONUS_608_627;HEX_CONUS_608_800;HEX_CONUS_708_627;HEX_CONUS_708_800;HEX_CONUS_758_714",0,0,0,0,0,0,7,253.1,253.1,29.07,205,0.48,"Under 0.5",43.7,5.78,3.52,4.94,5.44,0,,1,0,1,25,2,1
"HEX_CONUS_658_887","CONUS","MI","Michigan","26003","Alger",657844,886857,-86.77,47.24,0.95,"HEX_CONUS_558_887;HEX_CONUS_608_973;HEX_CONUS_608_800;HEX_CONUS_708_800;HEX_CONUS_758_887",0,0,0,0,0,0,0,0,0,0,0,0.39,"Under 0.5",4.75,3.26,1.79,3.49,2.18,0,,1,0,1,25,2,0
"HEX_CONUS_708_-412","CONUS","TN","Tennessee","47083","Houston",707844,-412181,-87.67,36.23,1,"HEX_CONUS_608_-412;HEX_CONUS_658_-499;HEX_CONUS_658_-326;HEX_CONUS_758_-499;HEX_CONUS_758_-326;HEX_CONUS_808_-412",1,350,1,0,1,0,7,4076.6,4076.6,388.4,,0.3,"Under 0.5",1.23,6.46,0,0.49,6.96,5.13,,1,1,0,15,2,0
"HEX_CONUS_708_107","CONUS","IN","Indiana","18181","White",707844,107434,-87.09,40.63,1,"HEX_CONUS_608_107;HEX_CONUS_658_21;HEX_CONUS_658_194;HEX_CONUS_758_21;HEX_CONUS_758_194;HEX_CONUS_808_107",1,0,0,0,1,0,32,3716.8,3722.3,382.45,2588,0.43,"Under 0.5",7.24,6.42,0.42,0.37,6.19,9.2,,1,1,0,14,4,3
"HEX_CONUS_708_-1105","CONUS","AL","Alabama","01097","Mobile",707844,-1105001,-88.33,30.3,0.68,"HEX_CONUS_608_-1105;HEX_CONUS_658_-1192;HEX_CONUS_658_-1018;HEX_CONUS_758_-1018;HEX_CONUS_808_-1105",0,0,0,0,0,0,4,2728.9,2728.9,309.77,1216,0.22,"Under 0.5",783.99,32.66,12.92,23.79,24.04,17.55,10,1,0,0,4,2,0
"HEX_CONUS_708_-932","CONUS","AL","Alabama","01023","Choctaw",707844,-931796,-88.17,31.8,1,"HEX_CONUS_608_-932;HEX_CONUS_658_-1018;HEX_CONUS_658_-845;HEX_CONUS_758_-1018;HEX_CONUS_758_-845;HEX_CONUS_808_-932",0,0,0,0,0,0,3,864.6,864.6,232.17,,0.3,"Under 0.5",48.46,11.16,6.47,3.07,11.38,9.64,,1,0,0,4,2,0
"HEX_CONUS_708_-759","CONUS","AL","Alabama","01107","Pickens",707844,-758591,-88.01,33.28,1,"HEX_CONUS_608_-759;HEX_CONUS_658_-845;HEX_CONUS_658_-672;HEX_CONUS_758_-845;HEX_CONUS_758_-672;HEX_CONUS_808_-759",0,0,0,0,0,0,3,972.5,976.5,111.45,0,0.29,"Under 0.5",7.11,11.41,19.17,1.87,8.68,10.15,,1,0,0,4,2,0
"HEX_CONUS_708_-585","CONUS","AL","Alabama","01077","Lauderdale",707844,-585386,-87.84,34.76,1,"HEX_CONUS_608_-585;HEX_CONUS_658_-672;HEX_CONUS_658_-499;HEX_CONUS_758_-672;HEX_CONUS_758_-499;HEX_CONUS_808_-585",0,0,0,0,0,0,7,2854.8,2854.8,149.82,0,0.26,"Under 0.5",15.81,14.09,1.11,1.85,12.6,18.48,,1,0,0,4,2,0
"HEX_CONUS_708_-239","CONUS","KY","Kentucky","21101","Henderson",707844,-238976,-87.48,37.7,1,"HEX_CONUS_608_-239;HEX_CONUS_658_-326;HEX_CONUS_658_-152;HEX_CONUS_758_-326;HEX_CONUS_758_-152;HEX_CONUS_808_-239",0,0,0,0,0,0,9,5105.7,5272.3,199.42,1250,0.34,"Under 0.5",17.24,12.85,11.89,0.39,13.09,12.83,3,1,0,0,7,2,2
"HEX_CONUS_708_-66","CONUS","IN","Indiana","18153","Sullivan",707844,-65771,-87.29,39.17,1,"HEX_CONUS_608_-66;HEX_CONUS_658_-152;HEX_CONUS_658_21;HEX_CONUS_758_-152;HEX_CONUS_758_21;HEX_CONUS_808_-66",1,430,1,0,1,1,13,3149.2,3162.4,765.16,7976.8,0.42,"Under 0.5",432.11,6.6,8.1,0.72,7.24,9.2,,1,1,0,14,4,0
"HEX_CONUS_708_281","CONUS","MI","Michigan","26021","Berrien",707844,280640,-86.89,42.09,1,"HEX_CONUS_608_281;HEX_CONUS_658_194;HEX_CONUS_658_367;HEX_CONUS_758_194;HEX_CONUS_758_367;HEX_CONUS_808_281",0,0,0,0,0,0,10,4032.7,4844.5,189.47,280,0.42,"Under 0.5",2125.76,10.72,0,0.97,12.47,12.01,,1,0,1,25,2,1
"HEX_CONUS_708_454","CONUS","MI","Michigan","26127","Oceana",707844,453845,-86.67,43.55,1,"HEX_CONUS_608_454;HEX_CONUS_658_367;HEX_CONUS_658_540;HEX_CONUS_758_367;HEX_CONUS_758_540;HEX_CONUS_808_454",0,0,0,0,0,0,6,2246,2246,166.21,470,0.39,"Under 0.5",8.28,5.86,0,3.57,6.69,6.09,,1,0,1,25,2,0
"HEX_CONUS_708_627","CONUS","MI","Michigan","26089","Leelanau",707844,627050,-86.44,45.01,1,"HEX_CONUS_608_627;HEX_CONUS_658_540;HEX_CONUS_658_714;HEX_CONUS_758_540;HEX_CONUS_758_714;HEX_CONUS_808_627",0,0,0,0,0,0,0,0,0,0,0,0.35,"Under 0.5",4.05,4.87,0,1.91,3.22,0,,1,0,1,25,2,1
"HEX_CONUS_708_800","CONUS","MI","Michigan","26153","Schoolcraft",707844,800255,-86.2,46.46,1,"HEX_CONUS_608_800;HEX_CONUS_658_714;HEX_CONUS_658_887;HEX_CONUS_758_714;HEX_CONUS_758_887;HEX_CONUS_808_800",0,0,0,0,0,0,1,0,6.2,0,0,0.38,"Under 0.5",3.99,3.5,0,7.62,1.78,0,,1,0,1,25,2,0
"HEX_CONUS_758_-1018","CONUS","AL","Alabama","01003","Baldwin",757844,-1018399,-87.7,31.01,1,"HEX_CONUS_658_-1018;HEX_CONUS_708_-1105;HEX_CONUS_708_-932;HEX_CONUS_808_-1105;HEX_CONUS_808_-932;HEX_CONUS_858_-1018",2,8,1,0,2,1,9,4770,4770,738.86,459,0.21,"Under 0.5",84.7,13.56,12.64,16.5,13.59,9.43,5,1,0,0,4,2,0
"HEX_CONUS_758_-845","CONUS","AL","Alabama","01065","Hale",757844,-845193,-87.54,32.5,1,"HEX_CONUS_658_-845;HEX_CONUS_708_-932;HEX_CONUS_708_-759;HEX_CONUS_808_-932;HEX_CONUS_808_-759;HEX_CONUS_858_-845",0,0,0,0,0,0,3,1436.9,1436.9,254.44,0,0.29,"Under 0.5",21.09,8.83,10.92,1.94,7,10.1,,1,0,0,4,2,0
"HEX_CONUS_758_-672","CONUS","AL","Alabama","01127","Walker",757844,-671988,-87.36,33.98,1,"HEX_CONUS_658_-672;HEX_CONUS_708_-759;HEX_CONUS_708_-585;HEX_CONUS_808_-759;HEX_CONUS_808_-585;HEX_CONUS_858_-672",0,0,0,0,0,0,2,3003,3003,275.22,150,0.27,"Under 0.5",710.17,11.81,8.9,2.66,8.59,13.67,,1,0,0,4,2,1
"HEX_CONUS_758_-499","CONUS","TN","Tennessee","47119","Maury",757844,-498783,-87.18,35.46,1,"HEX_CONUS_658_-499;HEX_CONUS_708_-412;HEX_CONUS_708_-585;HEX_CONUS_808_-585;HEX_CONUS_808_-412;HEX_CONUS_858_-499",0,0,0,0,0,0,0,0,0,163.16,100,0.28,"Under 0.5",13.62,14.69,0.8,0.88,11.71,9.32,,1,1,0,15,2,2
"HEX_CONUS_758_-326","CONUS","KY","Kentucky","21141","Logan",757844,-325578,-86.99,36.93,1,"HEX_CONUS_658_-326;HEX_CONUS_708_-412;HEX_CONUS_708_-239;HEX_CONUS_808_-239;HEX_CONUS_808_-412;HEX_CONUS_858_-326",3,15,1,1,2,2,4,2032.6,2032.6,143.85,173,0.31,"Under 0.5",3.09,9.5,7.95,0.82,7.92,12.29,,1,0,0,7,2,3
"HEX_CONUS_758_-152","CONUS","IN","Indiana","18037","Dubois",757844,-152373,-86.79,38.39,1,"HEX_CONUS_658_-152;HEX_CONUS_708_-239;HEX_CONUS_708_-66;HEX_CONUS_808_-239;HEX_CONUS_808_-66;HEX_CONUS_858_-152",1,480,1,0,1,0,13,1948.3,1948.3,630.26,610,0.33,"Under 0.5",7.66,7.63,7.82,0.42,9.22,6.97,,1,1,0,14,4,1
"HEX_CONUS_758_21","CONUS","IN","Indiana","18063","Hendricks",757844,20832,-86.58,39.86,1,"HEX_CONUS_658_21;HEX_CONUS_708_107;HEX_CONUS_708_-66;HEX_CONUS_808_-66;HEX_CONUS_808_107;HEX_CONUS_858_21",13,1658.4,6,4,6,5,35,2203.5,2218,606.06,0,0.39,"Under 0.5",10.29,5.03,5.21,0.33,3.99,4.21,,1,1,0,14,4,6
"HEX_CONUS_758_194","CONUS","IN","Indiana","18099","Marshall",757844,194037,-86.36,41.32,1,"HEX_CONUS_658_194;HEX_CONUS_708_107;HEX_CONUS_708_281;HEX_CONUS_808_107;HEX_CONUS_808_281;HEX_CONUS_858_194",7,2200,1,1,4,2,15,1678.5,1680.5,887.7,350,0.43,"Under 0.5",7.26,6.57,2.83,0.34,4.63,7.29,,1,1,0,14,4,7
"HEX_CONUS_758_367","CONUS","MI","Michigan","26139","Ottawa",757844,367242,-86.13,42.78,1,"HEX_CONUS_658_367;HEX_CONUS_708_281;HEX_CONUS_708_454;HEX_CONUS_808_281;HEX_CONUS_808_454;HEX_CONUS_858_367",4,320,1,0,4,0,21,3013.6,3019.6,331.04,2248,0.44,"Under 0.5",821.92,7.86,0,1.26,8.17,10.37,7,1,0,1,25,2,5
"HEX_CONUS_758_540","CONUS","MI","Michigan","26101","Manistee",757844,540447,-85.89,44.23,1,"HEX_CONUS_658_540;HEX_CONUS_708_454;HEX_CONUS_708_627;HEX_CONUS_808_454;HEX_CONUS_808_627;HEX_CONUS_858_540",0,0,0,0,0,0,7,232.6,232.6,116.83,0,0.36,"Under 0.5",32.26,5.38,0,5.65,7.85,0,,1,0,1,25,2,1
"HEX_CONUS_758_714","CONUS","MI","Michigan","26029","Charlevoix",757844,713652,-85.64,45.69,1,"HEX_CONUS_658_714;HEX_CONUS_708_627;HEX_CONUS_708_800;HEX_CONUS_808_627;HEX_CONUS_808_800;HEX_CONUS_858_714",1,0,0,0,1,1,2,4.8,8.1,0,,0.24,"Under 0.5",18.87,4.27,0,2,1.83,0,,1,0,1,25,2,0
"HEX_CONUS_758_887","CONUS","MI","Michigan","26095","Luce",757844,886857,-85.37,47.15,0.44,"HEX_CONUS_658_887;HEX_CONUS_708_800;HEX_CONUS_808_800",0,0,0,0,0,0,0,0,0,0,,0.39,"Under 0.5",1.97,2.44,0,5.32,0,0,,1,0,1,25,2,0
"HEX_CONUS_808_-1105","CONUS","FL","Florida","12033","Escambia",807844,-1105001,-87.25,30.23,0.55,"HEX_CONUS_708_-1105;HEX_CONUS_758_-1018;HEX_CONUS_858_-1018;HEX_CONUS_908_-1105",0,0,0,0,0,0,9,2674.1,2687.8,229.05,0,0.21,"Under 0.5",261.64,27.16,10.57,15.24,23.54,12.73,11,1,1,0,9,2,2
"HEX_CONUS_808_-932","CONUS","AL","Alabama","01099","Monroe",807844,-931796,-87.07,31.72,1,"HEX_CONUS_708_-932;HEX_CONUS_758_-1018;HEX_CONUS_758_-845;HEX_CONUS_858_-1018;HEX_CONUS_858_-845;HEX_CONUS_908_-932",0,0,0,0,0,0,3,194.4,194.4,205.05,71,0.3,"Under 0.5",53.13,9.96,12.07,5.47,5.23,12.49,,1,0,0,4,2,0
"HEX_CONUS_808_-759","CONUS","AL","Alabama","01117","Shelby",807844,-758591,-86.89,33.2,1,"HEX_CONUS_708_-759;HEX_CONUS_758_-845;HEX_CONUS_758_-672;HEX_CONUS_858_-845;HEX_CONUS_858_-672;HEX_CONUS_908_-759",5,3008,4,1,4,3,6,2422.7,2422.7,844.88,0,0.3,"Under 0.5",485.33,8.47,2.96,1.2,4.19,8.81,12,1,0,0,4,2,4
"HEX_CONUS_808_-585","CONUS","AL","Alabama","01089","Madison",807844,-585386,-86.7,34.68,1,"HEX_CONUS_708_-585;HEX_CONUS_758_-672;HEX_CONUS_758_-499;HEX_CONUS_858_-672;HEX_CONUS_858_-499;HEX_CONUS_908_-585",3,0,0,2,0,1,8,5831.3,5831.3,316.98,110,0.25,"Under 0.5",78.26,13.67,1.73,1.38,7.21,16.58,26,1,0,0,4,2,1
"HEX_CONUS_808_-239","CONUS","KY","Kentucky","21027","Breckinridge",807844,-238976,-86.29,37.62,1,"HEX_CONUS_708_-239;HEX_CONUS_758_-326;HEX_CONUS_758_-152;HEX_CONUS_858_-326;HEX_CONUS_858_-152;HEX_CONUS_908_-239",1,0,0,0,0,1,3,178.3,178.3,191.43,100,0.31,"Under 0.5",2.93,8.67,6.54,1.24,10.97,7.27,,1,0,0,7,2,3
"HEX_CONUS_808_-66","CONUS","IN","Indiana","18005","Bartholomew",807844,-65771,-86.07,39.08,1,"HEX_CONUS_708_-66;HEX_CONUS_758_-152;HEX_CONUS_758_21;HEX_CONUS_858_-152;HEX_CONUS_858_21;HEX_CONUS_908_-66",1,0,0,1,0,0,5,412.3,412.3,477.87,150,0.37,"Under 0.5",18.53,11.4,4.42,1.3,16.85,6.31,,1,1,0,14,4,0
"HEX_CONUS_808_107","CONUS","IN","Indiana","18053","Grant",807844,107434,-85.84,40.54,1,"HEX_CONUS_708_107;HEX_CONUS_758_21;HEX_CONUS_758_194;HEX_CONUS_858_21;HEX_CONUS_858_194;HEX_CONUS_908_107",0,0,0,0,0,0,19,982.7,984.5,533.24,324,0.45,"Under 0.5",10.57,12.77,12.33,0.4,13.1,8.49,3,1,1,0,14,4,7
"HEX_CONUS_808_281","CONUS","MI","Michigan","26149","St. Joseph",807844,280640,-85.61,42,1,"HEX_CONUS_708_281;HEX_CONUS_758_194;HEX_CONUS_758_367;HEX_CONUS_858_194;HEX_CONUS_858_367;HEX_CONUS_908_281",3,31,2,1,1,1,19,1359,1361,256.1,682,0.47,"Under 0.5",56.38,8.82,15.41,0.69,4.36,8.13,,1,0,1,25,2,8
"HEX_CONUS_808_454","CONUS","MI","Michigan","26117","Montcalm",807844,453845,-85.36,43.46,1,"HEX_CONUS_708_454;HEX_CONUS_758_367;HEX_CONUS_758_540;HEX_CONUS_858_367;HEX_CONUS_858_540;HEX_CONUS_908_454",1,0,0,0,1,0,15,1619.3,1622.4,208.44,1347,0.54,"0.5–0.99",56.55,7.36,0,2.97,3.99,8.25,,1,0,1,25,2,3
"HEX_CONUS_808_627","CONUS","MI","Michigan","26009","Antrim",807844,627050,-85.1,44.91,1,"HEX_CONUS_708_627;HEX_CONUS_758_540;HEX_CONUS_758_714;HEX_CONUS_858_540;HEX_CONUS_858_714;HEX_CONUS_908_627",1,1000,1,0,0,1,8,797,797,123.43,0,0.25,"Under 0.5",40.35,5.78,0,4.24,2.3,0,,1,0,1,25,2,3
"HEX_CONUS_808_800","CONUS","MI","Michigan","26033","Chippewa",807844,800255,-84.82,46.37,0.86,"HEX_CONUS_708_800;HEX_CONUS_758_714;HEX_CONUS_758_887;HEX_CONUS_858_714;HEX_CONUS_908_800",0,0,0,0,0,0,4,83.4,83.4,0,0,0.44,"Under 0.5",14.39,4.68,0,9.21,4.41,0,,1,0,1,25,2,0
"HEX_CONUS_808_-412","CONUS","TN","Tennessee","47189","Wilson",807844,-412181,-86.5,36.15,1,"HEX_CONUS_708_-412;HEX_CONUS_758_-499;HEX_CONUS_758_-326;HEX_CONUS_858_-499;HEX_CONUS_858_-326;HEX_CONUS_908_-412",4,30,1,1,3,1,8,2174.6,2179.8,267.35,0,0.29,"Under 0.5",17.12,8.57,4.08,0.34,9.85,7.02,3,1,1,0,15,2,2
"HEX_CONUS_858_-1018","CONUS","FL","Florida","12091","Okaloosa",857844,-1018399,-86.62,30.93,1,"HEX_CONUS_758_-1018;HEX_CONUS_808_-1105;HEX_CONUS_808_-932;HEX_CONUS_908_-1105;HEX_CONUS_908_-932;HEX_CONUS_958_-1018",0,0,0,0,0,0,10,665.6,665.6,398.17,0,0.2,"Under 0.5",25.4,13.61,5.81,10.75,8.12,9.1,8,1,1,0,9,2,0
"HEX_CONUS_858_-845","CONUS","AL","Alabama","01001","Autauga",857844,-845193,-86.43,32.42,1,"HEX_CONUS_758_-845;HEX_CONUS_808_-932;HEX_CONUS_808_-759;HEX_CONUS_908_-932;HEX_CONUS_908_-759;HEX_CONUS_958_-845",1,150,1,0,1,0,13,4241.8,4280,460.01,478,0.36,"Under 0.5",56.41,5.75,4.19,1.49,5.4,9.1,,1,0,0,4,2,0
"HEX_CONUS_858_-672","CONUS","AL","Alabama","01115","St. Clair",857844,-671988,-86.23,33.9,1,"HEX_CONUS_758_-672;HEX_CONUS_808_-759;HEX_CONUS_808_-585;HEX_CONUS_908_-759;HEX_CONUS_908_-585;HEX_CONUS_958_-672",0,0,0,0,0,0,4,832.3,832.3,299.24,,0.29,"Under 0.5",18.33,7.77,6.04,2.13,5.73,8.96,,1,0,0,4,2,2
"HEX_CONUS_858_-499","CONUS","TN","Tennessee","47031","Coffee",857844,-498783,-86.02,35.37,1,"HEX_CONUS_758_-499;HEX_CONUS_808_-585;HEX_CONUS_808_-412;HEX_CONUS_908_-585;HEX_CONUS_908_-412;HEX_CONUS_958_-499",2,25,1,0,2,0,4,254.7,254.7,143.52,0,0.27,"Under 0.5",36.29,11.42,10.63,1.13,6.96,0,,1,1,0,15,2,4
"HEX_CONUS_858_-326","CONUS","KY","Kentucky","21009","Barren",857844,-325578,-85.8,36.84,1,"HEX_CONUS_758_-326;HEX_CONUS_808_-239;HEX_CONUS_808_-412;HEX_CONUS_908_-239;HEX_CONUS_908_-412;HEX_CONUS_958_-326",1,1200,1,0,0,1,3,110,110,0,285,0.31,"Under 0.5",9.83,11.35,9.31,1.64,7.52,13.65,,1,0,0,7,2,2
"HEX_CONUS_858_-152","CONUS","KY","Kentucky","21111","Jefferson",857844,-152373,-85.58,38.31,1,"HEX_CONUS_758_-152;HEX_CONUS_808_-239;HEX_CONUS_808_-66;HEX_CONUS_908_-239;HEX_CONUS_908_-66;HEX_CONUS_958_-152",5,733,3,0,4,3,12,7027.2,7382.7,508.96,3236,0.36,"Under 0.5",397.28,27.46,2.49,0.91,24.84,18.84,42,1,0,0,7,2,6
"HEX_CONUS_858_21","CONUS","IN","Indiana","18139","Rush",857844,20832,-85.34,39.77,1,"HEX_CONUS_758_21;HEX_CONUS_808_-66;HEX_CONUS_808_107;HEX_CONUS_908_-66;HEX_CONUS_908_107;HEX_CONUS_958_21",5,7600,1,0,2,3,30,1474.5,1474.5,561.29,100,0.38,"Under 0.5",2.62,6.41,9.91,0.28,4.29,5.12,,1,1,0,14,4,6
"HEX_CONUS_858_194","CONUS","IN","Indiana","18003","Allen",857844,194037,-85.1,41.23,1,"HEX_CONUS_758_194;HEX_CONUS_808_107;HEX_CONUS_808_281;HEX_CONUS_908_107;HEX_CONUS_908_281;HEX_CONUS_958_194",1,300,1,0,1,1,17,1466.4,1466.4,403.11,467.2,0.48,"Under 0.5",48.26,13.71,11.93,0.41,12.34,14.13,11,1,1,0,14,4,1
"HEX_CONUS_858_367","CONUS","MI","Michigan","26045","Eaton",857844,367242,-84.84,42.68,1,"HEX_CONUS_758_367;HEX_CONUS_808_281;HEX_CONUS_808_454;HEX_CONUS_908_281;HEX_CONUS_908_454;HEX_CONUS_958_367",3,24,1,0,1,1,22,1103.6,1108.4,159.46,928,0.51,"0.5–0.99",8.61,7.51,0,0.59,5.98,7.63,11,1,0,1,25,2,6
"HEX_CONUS_858_540","CONUS","MI","Michigan","26051","Gladwin",857844,540447,-84.57,44.14,1,"HEX_CONUS_758_540;HEX_CONUS_808_454;HEX_CONUS_808_627;HEX_CONUS_908_454;HEX_CONUS_908_627;HEX_CONUS_958_540",1,1000,1,0,1,0,6,48.8,48.8,84.12,295,0.54,"0.5–0.99",2.05,6.04,0,5.86,4.01,0,,1,0,1,25,2,0
"HEX_CONUS_858_714","CONUS","MI","Michigan","26031","Cheboygan",857844,713652,-84.28,45.59,1,"HEX_CONUS_758_714;HEX_CONUS_808_627;HEX_CONUS_808_800;HEX_CONUS_908_627;HEX_CONUS_908_800;HEX_CONUS_958_714",0,0,0,0,0,0,3,24.6,24.6,0,201.8,0.42,"Under 0.5",3.45,5.8,0,4.29,2.78,0,,1,0,1,25,2,1
"HEX_CONUS_908_-1105","CONUS","FL","Florida","12131","Walton",907844,-1105001,-86.17,30.14,0.51,"HEX_CONUS_808_-1105;HEX_CONUS_858_-1018;HEX_CONUS_958_-1192;HEX_CONUS_958_-1018;HEX_CONUS_1008_-1105",0,0,0,0,0,0,2,736,736,135.86,74.5,0.21,"Under 0.5",16.48,14.37,13.14,10.83,16.41,4.99,4,1,1,0,9,2,0
"HEX_CONUS_908_-932","CONUS","AL","Alabama","01109","Pike",907844,-931796,-85.97,31.63,1,"HEX_CONUS_808_-932;HEX_CONUS_858_-1018;HEX_CONUS_858_-845;HEX_CONUS_958_-1018;HEX_CONUS_958_-845;HEX_CONUS_1008_-932",0,0,0,0,0,0,3,667.6,667.6,291.77,0,0.34,"Under 0.5",6.93,10.55,22.4,1.42,4.12,9.37,,1,0,0,4,2,0
"HEX_CONUS_908_-759","CONUS","AL","Alabama","01027","Clay",907844,-758591,-85.77,33.12,1,"HEX_CONUS_808_-759;HEX_CONUS_858_-845;HEX_CONUS_858_-672;HEX_CONUS_958_-845;HEX_CONUS_958_-672;HEX_CONUS_1008_-759",0,0,0,0,0,0,5,1346.2,1346.2,284.89,,0.31,"Under 0.5",2.6,7.78,12.2,3.18,5.71,8.07,,1,0,0,4,2,0
"HEX_CONUS_908_-585","CONUS","AL","Alabama","01049","DeKalb",907844,-585386,-85.55,34.59,1,"HEX_CONUS_808_-585;HEX_CONUS_858_-672;HEX_CONUS_858_-499;HEX_CONUS_958_-672;HEX_CONUS_958_-499;HEX_CONUS_1008_-585",7,900,2,2,5,1,7,1106.9,1130.9,490.28,200,0.27,"Under 0.5",12.62,13.34,22.22,3.19,9.15,7.08,,1,0,0,4,2,3
"HEX_CONUS_908_-239","CONUS","KY","Kentucky","21155","Marion",907844,-238976,-85.1,37.53,1,"HEX_CONUS_808_-239;HEX_CONUS_858_-326;HEX_CONUS_858_-152;HEX_CONUS_958_-326;HEX_CONUS_958_-152;HEX_CONUS_1008_-239",2,645,1,0,2,2,5,1542.9,1542.9,182.91,287.8,0.32,"Under 0.5",5.21,6.04,4.54,0.72,4.97,4.39,,1,0,0,7,2,2
"HEX_CONUS_908_-66","CONUS","IN","Indiana","18115","Ohio",907844,-65771,-84.85,38.99,1,"HEX_CONUS_808_-66;HEX_CONUS_858_-152;HEX_CONUS_858_21;HEX_CONUS_958_-152;HEX_CONUS_958_21;HEX_CONUS_1008_-66",4,4,1,1,2,0,19,5574.4,5588.2,738.18,,0.35,"Under 0.5",1.07,6.13,2.5,0,7.6,5.55,,1,1,0,14,4,3
"HEX_CONUS_908_107","CONUS","OH","Ohio","39107","Mercer",907844,107434,-84.6,40.45,1,"HEX_CONUS_808_107;HEX_CONUS_858_21;HEX_CONUS_858_194;HEX_CONUS_958_21;HEX_CONUS_958_194;HEX_CONUS_1008_107",2,0,0,0,2,0,21,597.7,629.7,183.2,0,0.47,"Under 0.5",8.2,6.57,0,0.06,8.81,4.95,,1,0,0,9,1,2
"HEX_CONUS_908_281","CONUS","MI","Michigan","26091","Lenawee",907844,280640,-84.33,41.9,1,"HEX_CONUS_808_281;HEX_CONUS_858_194;HEX_CONUS_858_367;HEX_CONUS_958_194;HEX_CONUS_958_367;HEX_CONUS_1008_281",1,1400,1,0,1,1,13,1016,1016,99.98,2095,0.54,"0.5–0.99",12.1,9.72,0,0.6,5.62,10.66,,1,0,1,25,2,6
"HEX_CONUS_908_454","CONUS","MI","Michigan","26145","Saginaw",907844,453845,-84.05,43.36,1,"HEX_CONUS_808_454;HEX_CONUS_858_367;HEX_CONUS_858_540;HEX_CONUS_958_367;HEX_CONUS_958_540;HEX_CONUS_1008_454",0,0,0,0,0,0,36,4837,5225.9,477.63,2045.32,0.59,"0.5–0.99",3.79,13.92,0,1.31,14.7,18.04,8,1,0,1,25,2,3
"HEX_CONUS_908_627","CONUS","MI","Michigan","26001","Alcona",907844,627050,-83.76,44.81,1,"HEX_CONUS_808_627;HEX_CONUS_858_540;HEX_CONUS_858_714;HEX_CONUS_958_540;HEX_CONUS_958_714;HEX_CONUS_1008_627",0,0,0,0,0,0,12,96.4,123.9,55.37,451.9,0.6,"0.5–0.99",6.08,5.92,0,7.28,4.25,0,,1,0,1,25,2,0
"HEX_CONUS_908_800","CONUS","MI","Michigan","26033","Chippewa",907844,800255,-83.45,46.26,0.14,"HEX_CONUS_808_800;HEX_CONUS_858_714;HEX_CONUS_958_714",0,0,0,0,0,0,1,6,6,0,0,0.44,"Under 0.5",14.39,4.68,0,9.21,4.41,0,,1,0,1,25,2,0
"HEX_CONUS_908_-412","CONUS","TN","Tennessee","47141","Putnam",907844,-412181,-85.33,36.06,1,"HEX_CONUS_808_-412;HEX_CONUS_858_-499;HEX_CONUS_858_-326;HEX_CONUS_958_-499;HEX_CONUS_958_-326;HEX_CONUS_1008_-412",0,0,0,0,0,0,2,173.7,173.7,105,0,0.28,"Under 0.5",13.4,12,3.84,3.26,10.87,0,,1,1,0,15,2,1
"HEX_CONUS_958_-1192","CONUS","FL","Florida","12005","Bay",957844,-1191604,-85.74,29.35,0.07,"HEX_CONUS_908_-1105;HEX_CONUS_1008_-1105;HEX_CONUS_1058_-1192",0,0,0,0,0,0,0,0,0,0,400,0.38,"Under 0.5",224.29,22.61,4.18,10.53,19.62,7.19,7,1,1,0,9,2,0
"HEX_CONUS_958_-1018","CONUS","FL","Florida","12063","Jackson",957844,-1018399,-85.53,30.84,1,"HEX_CONUS_858_-1018;HEX_CONUS_908_-1105;HEX_CONUS_908_-932;HEX_CONUS_1008_-1105;HEX_CONUS_1008_-932;HEX_CONUS_1058_-1018",0,0,0,0,0,0,8,459.8,460.4,410.9,149.9,0.31,"Under 0.5",73.98,14.4,18.49,5.48,14.8,8.8,,1,1,0,9,2,2
"HEX_CONUS_958_-845","CONUS","AL","Alabama","01113","Russell",957844,-845193,-85.32,32.33,1,"HEX_CONUS_858_-845;HEX_CONUS_908_-932;HEX_CONUS_908_-759;HEX_CONUS_1008_-932;HEX_CONUS_1008_-759;HEX_CONUS_1058_-845",1,13,1,1,0,0,9,2551.9,2551.9,200.41,0,0.39,"Under 0.5",44.48,8.66,14.59,2.59,6.87,12.88,,1,0,0,4,2,0
"HEX_CONUS_958_-672","CONUS","GA","Georgia","13143","Haralson",957844,-671988,-85.1,33.81,1,"HEX_CONUS_858_-672;HEX_CONUS_908_-759;HEX_CONUS_908_-585;HEX_CONUS_1008_-759;HEX_CONUS_1008_-585;HEX_CONUS_1058_-672",42,5547,24,18,22,2,12,7265.5,7265.5,1079.55,0,0.32,"Under 0.5",3.27,7.32,9.01,2.99,5.83,0,,1,0,1,15,0,7
"HEX_CONUS_958_-499","CONUS","TN","Tennessee","47011","Bradley",957844,-498783,-84.87,35.28,1,"HEX_CONUS_858_-499;HEX_CONUS_908_-585;HEX_CONUS_908_-412;HEX_CONUS_1008_-585;HEX_CONUS_1008_-412;HEX_CONUS_1058_-499",2,0,0,1,1,1,12,7111.9,7111.9,426.25,,0.25,"Under 0.5",19.36,13.36,10.29,2.31,11.99,0,,1,1,0,15,2,1
"HEX_CONUS_958_-326","CONUS","KY","Kentucky","21147","McCreary",957844,-325578,-84.63,36.75,1,"HEX_CONUS_858_-326;HEX_CONUS_908_-239;HEX_CONUS_908_-412;HEX_CONUS_1008_-412;HEX_CONUS_1008_-239;HEX_CONUS_1058_-326",0,0,0,0,0,0,3,684,684,73.72,,0.26,"Under 0.5",2.15,6.12,3.27,8.88,3.4,9.49,3,1,0,0,7,2,0
"HEX_CONUS_958_-152","CONUS","KY","Kentucky","21067","Fayette",957844,-152373,-84.38,38.21,1,"HEX_CONUS_858_-152;HEX_CONUS_908_-239;HEX_CONUS_908_-66;HEX_CONUS_1008_-239;HEX_CONUS_1008_-66;HEX_CONUS_1058_-152",1,0,0,1,0,0,5,1117.5,1117.5,289.33,80,0.33,"Under 0.5",36.98,15.71,8.15,0.48,9.59,10.43,41,1,0,0,7,2,3
"HEX_CONUS_958_21","CONUS","OH","Ohio","39113","Montgomery",957844,20832,-84.11,39.67,1,"HEX_CONUS_858_21;HEX_CONUS_908_-66;HEX_CONUS_908_107;HEX_CONUS_1008_-66;HEX_CONUS_1008_107;HEX_CONUS_1058_21",5,2124,4,1,3,3,15,2950.9,2950.9,455.47,179.9,0.42,"Under 0.5",88.97,18.59,1.75,0.99,16.13,21.48,30,1,0,0,9,1,5
"HEX_CONUS_958_194","CONUS","OH","Ohio","39063","Hancock",957844,194037,-83.84,41.12,1,"HEX_CONUS_858_194;HEX_CONUS_908_107;HEX_CONUS_908_281;HEX_CONUS_1008_107;HEX_CONUS_1008_281;HEX_CONUS_1058_194",4,514,1,0,3,4,27,802.2,805,249.17,297.1,0.49,"Under 0.5",15.13,11.15,0,0.11,15.05,9.5,,1,0,0,9,1,3
"HEX_CONUS_958_367","CONUS","MI","Michigan","26125","Oakland",957844,367242,-83.55,42.58,0.99,"HEX_CONUS_858_367;HEX_CONUS_908_281;HEX_CONUS_908_454;HEX_CONUS_1008_281;HEX_CONUS_1008_454;HEX_CONUS_1058_367",9,2353.5,6,0,6,6,22,1679.3,1746.8,724.23,0,0.54,"0.5–0.99",49.79,15.09,0,1.28,14.67,21.09,127,1,0,1,25,2,27
"HEX_CONUS_958_540","CONUS","MI","Michigan","26063","Huron",957844,540447,-83.25,44.03,1,"HEX_CONUS_858_540;HEX_CONUS_908_454;HEX_CONUS_908_627;HEX_CONUS_1008_454;HEX_CONUS_1008_627;HEX_CONUS_1058_540",0,0,0,0,0,0,19,1025.8,1032.8,89.28,3855,0.63,"0.5–0.99",6.78,8.03,0,0.81,6.99,9.4,5,1,0,1,25,2,1
"HEX_CONUS_958_714","CONUS","MI","Michigan","26141","Presque Isle",957844,713652,-82.94,45.48,0.53,"HEX_CONUS_858_714;HEX_CONUS_908_627;HEX_CONUS_908_800;HEX_CONUS_1008_627",0,0,0,0,0,0,0,0,0,0,551.5,0.57,"0.5–0.99",26.66,4.52,0,2.72,0.01,0,,1,0,1,25,2,0
"HEX_CONUS_1008_-1105","CONUS","FL","Florida","12077","Liberty",1007844,-1105001,-85.1,30.05,1,"HEX_CONUS_908_-1105;HEX_CONUS_958_-1192;HEX_CONUS_958_-1018;HEX_CONUS_1058_-1192;HEX_CONUS_1058_-1018;HEX_CONUS_1108_-1105",0,0,0,0,0,0,7,453.7,453.7,204.98,149.8,0.35,"Under 0.5",1.63,4.32,2.1,7.97,3.41,2.05,,1,1,0,9,2,0
"HEX_CONUS_1008_-932","CONUS","GA","Georgia","13061","Clay",1007844,-931796,-84.88,31.54,1,"HEX_CONUS_908_-932;HEX_CONUS_958_-1018;HEX_CONUS_958_-845;HEX_CONUS_1058_-1018;HEX_CONUS_1058_-845;HEX_CONUS_1108_-932",1,0,0,0,1,0,11,2428.9,2428.9,193.8,0,0.45,"Under 0.5",4.22,9.53,21.02,5.98,1.73,6.34,,1,0,1,15,0,0
"HEX_CONUS_1008_-759","CONUS","GA","Georgia","13199","Meriwether",1007844,-758591,-84.65,33.02,1,"HEX_CONUS_908_-759;HEX_CONUS_958_-845;HEX_CONUS_958_-672;HEX_CONUS_1058_-845;HEX_CONUS_1058_-672;HEX_CONUS_1108_-759",13,2957.5,5,1,11,2,17,3244.7,3244.7,572.03,125,0.38,"Under 0.5",1.64,7.69,10.77,3.42,7.48,0,,1,0,1,15,0,7
"HEX_CONUS_1008_-585","CONUS","GA","Georgia","13227","Pickens",1007844,-585386,-84.41,34.49,1,"HEX_CONUS_908_-585;HEX_CONUS_958_-672;HEX_CONUS_958_-499;HEX_CONUS_1058_-672;HEX_CONUS_1058_-499;HEX_CONUS_1108_-585",9,827,7,4,4,2,12,1950.8,1969.6,668.24,,0.29,"Under 0.5",4.89,7.15,4.94,1.37,4.38,0,,1,0,1,15,0,7
"HEX_CONUS_1008_-412","CONUS","TN","Tennessee","47093","Knox",1007844,-412181,-84.17,35.96,1,"HEX_CONUS_908_-412;HEX_CONUS_958_-499;HEX_CONUS_958_-326;HEX_CONUS_1058_-499;HEX_CONUS_1058_-326;HEX_CONUS_1108_-412",0,0,0,0,0,0,10,2179.5,2206.5,339.43,0,0.28,"Under 0.5",67.47,15.65,7.44,2.83,12.05,0,20,1,1,0,15,2,10
"HEX_CONUS_1008_-239","CONUS","KY","Kentucky","21109","Jackson",1007844,-238976,-83.91,37.42,1,"HEX_CONUS_908_-239;HEX_CONUS_958_-326;HEX_CONUS_958_-152;HEX_CONUS_1058_-326;HEX_CONUS_1058_-152;HEX_CONUS_1108_-239",0,0,0,0,0,0,2,4.1,4.1,0.59,0,0.31,"Under 0.5",1.73,7.24,4.37,16.35,5.53,9.11,5,1,0,0,7,2,0
"HEX_CONUS_1008_-66","CONUS","OH","Ohio","39001","Adams",1007844,-65771,-83.64,38.88,1,"HEX_CONUS_908_-66;HEX_CONUS_958_-152;HEX_CONUS_958_21;HEX_CONUS_1058_-152;HEX_CONUS_1058_21;HEX_CONUS_1108_-66",3,10900,3,0,3,1,8,2548.3,2548.3,757.08,190.4,0.39,"Under 0.5",493.88,10.05,12.87,2.86,15.55,10.1,,1,0,0,9,1,5
"HEX_CONUS_1008_107","CONUS","OH","Ohio","39159","Union",1007844,107434,-83.36,40.34,1,"HEX_CONUS_908_107;HEX_CONUS_958_21;HEX_CONUS_958_194;HEX_CONUS_1058_21;HEX_CONUS_1058_194;HEX_CONUS_1108_107",13,417.6,10,8,3,4,13,1220.2,1227.2,432.1,776.55,0.44,"Under 0.5",8.7,4.06,0,0.15,4.75,4.52,,1,0,0,9,1,4
"HEX_CONUS_1008_281","CONUS","OH","Ohio","39095","Lucas",1007844,280640,-83.06,41.79,0.68,"HEX_CONUS_908_281;HEX_CONUS_958_194;HEX_CONUS_958_367;HEX_CONUS_1058_194;HEX_CONUS_1058_367;HEX_CONUS_1108_281",4,500,1,0,3,3,21,8353.6,8421.1,380.87,135,0.5,"Under 0.5",299.28,17.46,0,0.88,19.63,16.2,13,1,0,0,9,1,5
"HEX_CONUS_1008_454","CONUS","MI","Michigan","26151","Sanilac",1007844,453845,-82.75,43.25,0.87,"HEX_CONUS_908_454;HEX_CONUS_958_367;HEX_CONUS_958_540;HEX_CONUS_1058_367;HEX_CONUS_1058_540",0,0,0,0,0,0,12,1270.1,1280.2,197.62,2361.18,0.65,"0.5–0.99",5.98,7.29,0,0.91,4.48,9.29,,1,0,1,25,2,1
"HEX_CONUS_1008_627","CONUS","MI","Michigan","26001","Alcona",1007844,627050,-82.43,44.7,0.55,"HEX_CONUS_908_627;HEX_CONUS_958_540;HEX_CONUS_958_714;HEX_CONUS_1058_540",0,0,0,0,0,0,0,0,0,0,451.9,0.6,"0.5–0.99",6.08,5.92,0,7.28,4.25,0,,1,0,1,25,2,0
"HEX_CONUS_1058_-1192","CONUS","FL","Florida","12037","Franklin",1057844,-1191604,-84.67,29.25,0.12,"HEX_CONUS_958_-1192;HEX_CONUS_1008_-1105;HEX_CONUS_1108_-1105;HEX_CONUS_1158_-1192",0,0,0,0,0,0,0,0,0,0,,0.32,"Under 0.5",2.25,11.28,0,13.04,8.84,5.92,,1,1,0,9,2,0
"HEX_CONUS_1058_-1018","CONUS","GA","Georgia","13087","Decatur",1057844,-1018399,-84.45,30.74,1,"HEX_CONUS_958_-1018;HEX_CONUS_1008_-1105;HEX_CONUS_1008_-932;HEX_CONUS_1108_-1105;HEX_CONUS_1108_-932;HEX_CONUS_1158_-1018",0,0,0,0,0,0,15,1544.6,1544.6,355.1,579.03,0.43,"Under 0.5",61.82,15.52,8.61,8.42,9.76,6.97,,1,0,1,15,0,2
"HEX_CONUS_1058_-845","CONUS","GA","Georgia","13249","Schley",1057844,-845193,-84.21,32.23,1,"HEX_CONUS_958_-845;HEX_CONUS_1008_-932;HEX_CONUS_1008_-759;HEX_CONUS_1108_-932;HEX_CONUS_1108_-759;HEX_CONUS_1158_-845",1,0,0,0,1,0,19,1119.6,1119.6,368.49,0,0.46,"Under 0.5",0.74,3.43,7.42,1.69,0.99,4.93,,1,0,1,15,0,1
"HEX_CONUS_1058_-672","CONUS","GA","Georgia","13247","Rockdale",1057844,-671988,-83.97,33.7,1,"HEX_CONUS_958_-672;HEX_CONUS_1008_-759;HEX_CONUS_1008_-585;HEX_CONUS_1108_-759;HEX_CONUS_1108_-585;HEX_CONUS_1158_-672",83,3443.4,48,58,21,5,30,4237.4,4270.6,1420.16,0,0.41,"Under 0.5",13.37,10.93,3.33,2.41,7.24,8.87,3,1,0,1,15,0,9
"HEX_CONUS_1058_-499","CONUS","NC","North Carolina","37113","Macon",1057844,-498783,-83.72,35.17,1,"HEX_CONUS_958_-499;HEX_CONUS_1008_-585;HEX_CONUS_1008_-412;HEX_CONUS_1108_-585;HEX_CONUS_1108_-412;HEX_CONUS_1158_-499",0,0,0,0,0,0,19,965.3,983.2,0,2,0.23,"Under 0.5",574.73,13.58,7.6,7.21,13.4,0,3,1,1,0,3,0,5
"HEX_CONUS_1058_-326","CONUS","VA","Virginia","51105","Lee",1057844,-325578,-83.45,36.64,1,"HEX_CONUS_958_-326;HEX_CONUS_1008_-412;HEX_CONUS_1008_-239;HEX_CONUS_1108_-412;HEX_CONUS_1108_-239;HEX_CONUS_1158_-326",0,0,0,0,0,0,3,1153.9,1153.9,197.14,0,0.3,"Under 0.5",3.17,11.11,23.61,11.81,7.54,0,,1,0,1,79,15,1
"HEX_CONUS_1058_-152","CONUS","KY","Kentucky","21063","Elliott",1057844,-152373,-83.18,38.1,1,"HEX_CONUS_958_-152;HEX_CONUS_1008_-239;HEX_CONUS_1008_-66;HEX_CONUS_1108_-239;HEX_CONUS_1108_-66;HEX_CONUS_1158_-152",1,500,1,0,1,1,4,1434.3,1434.3,109.16,,0.38,"Under 0.5",0.53,4.81,3.14,8.73,5.77,6.11,,1,0,0,7,2,1
"HEX_CONUS_1058_21","CONUS","OH","Ohio","39129","Pickaway",1057844,20832,-82.89,39.56,1,"HEX_CONUS_958_21;HEX_CONUS_1008_-66;HEX_CONUS_1008_107;HEX_CONUS_1108_-66;HEX_CONUS_1108_107;HEX_CONUS_1158_21",8,1000,2,1,4,4,11,1744.1,1762.8,433.49,228.23,0.44,"Under 0.5",13.56,4.7,0,0.67,6.2,5.63,3,1,0,0,9,1,7
"HEX_CONUS_1058_194","CONUS","OH","Ohio","39077","Huron",1057844,194037,-82.59,41.01,1,"HEX_CONUS_958_194;HEX_CONUS_1008_107;HEX_CONUS_1008_281;HEX_CONUS_1108_107;HEX_CONUS_1108_281;HEX_CONUS_1158_194",0,0,0,0,0,0,15,108,109,171.21,80,0.44,"Under 0.5",7.16,8.3,0,0.32,10.18,8.06,3,1,0,0,9,1,2
"HEX_CONUS_1058_367","CONUS","MI","Michigan","26147","St. Clair",1057844,367242,-82.27,42.46,0.14,"HEX_CONUS_958_367;HEX_CONUS_1008_281;HEX_CONUS_1008_454;HEX_CONUS_1108_281;HEX_CONUS_1158_367",0,0,0,0,0,0,7,3329.5,3339.1,110.53,920,0.66,"0.5–0.99",1379.88,10.45,0,1.47,9.64,13.27,3,1,0,1,25,2,1
"HEX_CONUS_1058_540","CONUS","MI","Michigan","26063","Huron",1057844,540447,-81.94,43.91,0.27,"HEX_CONUS_958_540;HEX_CONUS_1008_454;HEX_CONUS_1008_627",0,0,0,0,0,0,0,0,0,0,3855,0.63,"0.5–0.99",6.78,8.03,0,0.81,6.99,9.4,5,1,0,1,25,2,0
"HEX_CONUS_1108_-1105","CONUS","FL","Florida","12065","Jefferson",1107844,-1105001,-84.03,29.95,0.74,"HEX_CONUS_1008_-1105;HEX_CONUS_1058_-1192;HEX_CONUS_1058_-1018;HEX_CONUS_1158_-1192;HEX_CONUS_1158_-1018;HEX_CONUS_1208_-1105",0,0,0,0,0,0,3,317.2,317.2,128.57,0,0.48,"Under 0.5",6.24,7.63,10.58,8.28,8.66,0.29,,1,1,0,9,2,1
"HEX_CONUS_1108_-932","CONUS","GA","Georgia","13321","Worth",1107844,-931796,-83.79,31.43,1,"HEX_CONUS_1008_-932;HEX_CONUS_1058_-1018;HEX_CONUS_1058_-845;HEX_CONUS_1158_-1018;HEX_CONUS_1158_-845;HEX_CONUS_1208_-932",1,1250,1,0,1,0,19,984.6,986.7,602.24,0,0.53,"0.5–0.99",25.82,11.22,19.52,2.64,9.05,6.97,,1,0,1,15,0,2
"HEX_CONUS_1108_-759","CONUS","GA","Georgia","13169","Jones",1107844,-758591,-83.54,32.91,1,"HEX_CONUS_1008_-759;HEX_CONUS_1058_-845;HEX_CONUS_1058_-672;HEX_CONUS_1158_-845;HEX_CONUS_1158_-672;HEX_CONUS_1208_-759",9,2700,3,0,6,4,18,4705.1,4711.6,801.74,0,0.45,"Under 0.5",4.51,4.7,6.01,2.22,2.63,6.81,,1,0,1,15,0,4
"HEX_CONUS_1108_-585","CONUS","GA","Georgia","13119","Franklin",1107844,-585386,-83.28,34.38,1,"HEX_CONUS_1008_-585;HEX_CONUS_1058_-672;HEX_CONUS_1058_-499;HEX_CONUS_1158_-672;HEX_CONUS_1158_-499;HEX_CONUS_1208_-585",4,150,1,0,4,3,19,3069.2,3158.8,478.39,0,0.38,"Under 0.5",4.65,10.83,20.72,3.64,3.73,0,,1,0,1,15,0,3
"HEX_CONUS_1108_-412","CONUS","TN","Tennessee","47029","Cocke",1107844,-412181,-83.01,35.85,1,"HEX_CONUS_1008_-412;HEX_CONUS_1058_-499;HEX_CONUS_1058_-326;HEX_CONUS_1158_-499;HEX_CONUS_1158_-326;HEX_CONUS_1208_-412",0,0,0,0,0,0,13,297.4,300.9,40.92,0,0.27,"Under 0.5",6.99,10.7,17.86,2.37,8.42,0,,1,1,0,15,2,9
"HEX_CONUS_1108_-239","CONUS","KY","Kentucky","21071","Floyd",1107844,-238976,-82.72,37.31,1,"HEX_CONUS_1008_-239;HEX_CONUS_1058_-326;HEX_CONUS_1058_-152;HEX_CONUS_1158_-326;HEX_CONUS_1158_-152;HEX_CONUS_1208_-239",2,0,0,0,1,0,1,3,3,98.78,,0.4,"Under 0.5",5.27,12.52,2.26,21.23,14.86,12.19,,1,0,0,7,2,0
"HEX_CONUS_1108_-66","CONUS","OH","Ohio","39053","Gallia",1107844,-65771,-82.43,38.77,1,"HEX_CONUS_1008_-66;HEX_CONUS_1058_-152;HEX_CONUS_1058_21;HEX_CONUS_1158_-152;HEX_CONUS_1158_21;HEX_CONUS_1208_-66",6,7000,2,0,6,2,11,8475.3,8475.3,720.7,0,0.45,"Under 0.5",969.66,6.94,3.39,8.33,10.46,5.51,,1,0,0,9,1,2
"HEX_CONUS_1108_107","CONUS","OH","Ohio","39031","Coshocton",1107844,107434,-82.12,40.22,1,"HEX_CONUS_1008_107;HEX_CONUS_1058_21;HEX_CONUS_1058_194;HEX_CONUS_1158_21;HEX_CONUS_1158_194;HEX_CONUS_1208_107",11,2135.5,4,2,9,0,4,689.4,689.4,470.53,200,0.4,"Under 0.5",38.95,7.49,0,0.73,12.02,5.78,,1,0,0,9,1,1
"HEX_CONUS_1108_281","CONUS","OH","Ohio","39035","Cuyahoga",1107844,280640,-81.8,41.67,0.82,"HEX_CONUS_1008_281;HEX_CONUS_1058_194;HEX_CONUS_1058_367;HEX_CONUS_1158_194;HEX_CONUS_1158_367;HEX_CONUS_1208_281",5,307,4,2,2,2,13,2040.7,2093.7,377.67,0,0.31,"Under 0.5",356.41,23.89,0,0,26.13,24.97,118,1,0,0,9,1,1
"HEX_CONUS_1158_-1192","CONUS","FL","Florida","12075","Levy",1157844,-1191604,-83.61,29.14,0.2,"HEX_CONUS_1058_-1192;HEX_CONUS_1108_-1105;HEX_CONUS_1208_-1278;HEX_CONUS_1208_-1105;HEX_CONUS_1258_-1192",0,0,0,0,0,0,0,0,0,0,144.9,0.48,"Under 0.5",19.29,11.47,4.8,23.28,7.89,0,,1,1,0,9,2,0
"HEX_CONUS_1158_-1018","CONUS","FL","Florida","12079","Madison",1157844,-1018399,-83.37,30.63,1,"HEX_CONUS_1058_-1018;HEX_CONUS_1108_-1105;HEX_CONUS_1108_-932;HEX_CONUS_1208_-1105;HEX_CONUS_1208_-932;HEX_CONUS_1258_-1018",1,0,0,0,1,1,21,1039.5,1048.4,242.92,299.2,0.6,"0.5–0.99",17.19,6.45,2.8,8.65,10.07,0,,1,1,0,9,2,3
"HEX_CONUS_1158_-845","CONUS","GA","Georgia","13091","Dodge",1157844,-845193,-83.11,32.11,1,"HEX_CONUS_1058_-845;HEX_CONUS_1108_-932;HEX_CONUS_1108_-759;HEX_CONUS_1208_-932;HEX_CONUS_1208_-759;HEX_CONUS_1258_-845",0,0,0,0,0,0,5,88,88,288.17,510.2,0.5,"Under 0.5",9.33,4.28,8.18,1.67,2.71,8.06,,1,0,1,15,0,0
"HEX_CONUS_1158_-672","CONUS","GA","Georgia","13265","Taliaferro",1157844,-671988,-82.85,33.59,1,"HEX_CONUS_1058_-672;HEX_CONUS_1108_-759;HEX_CONUS_1108_-585;HEX_CONUS_1208_-759;HEX_CONUS_1208_-585;HEX_CONUS_1258_-672",4,500,1,0,4,1,6,484.2,484.2,368.49,150,0.54,"0.5–0.99",0.13,5.07,6.28,1.75,3.71,5.74,,1,0,1,15,0,0
"HEX_CONUS_1158_-499","CONUS","SC","South Carolina","45045","Greenville",1157844,-498783,-82.57,35.06,1,"HEX_CONUS_1058_-499;HEX_CONUS_1108_-585;HEX_CONUS_1108_-412;HEX_CONUS_1208_-585;HEX_CONUS_1208_-412;HEX_CONUS_1258_-499",2,0,0,2,0,1,30,6374,6391.7,639.21,0,0.43,"Under 0.5",50.48,15.12,3.39,3.25,10.48,0,20,1,1,1,11,1,2
"HEX_CONUS_1158_-326","CONUS","TN","Tennessee","47163","Sullivan",1157844,-325578,-82.28,36.52,1,"HEX_CONUS_1058_-326;HEX_CONUS_1108_-412;HEX_CONUS_1108_-239;HEX_CONUS_1208_-412;HEX_CONUS_1208_-239;HEX_CONUS_1258_-326",2,0,0,1,1,0,15,1962.5,1972.9,320.49,0,0.36,"Under 0.5",533.7,10.67,11.26,4.14,9.92,0,,1,1,0,15,2,4
"HEX_CONUS_1158_-152","CONUS","WV","West Virginia","54045","Logan",1157844,-152373,-81.98,37.98,1,"HEX_CONUS_1058_-152;HEX_CONUS_1108_-239;HEX_CONUS_1108_-66;HEX_CONUS_1208_-239;HEX_CONUS_1208_-66;HEX_CONUS_1258_-152",2,4797,2,0,2,2,2,125.4,125.4,189.99,,0.34,"Under 0.5",11.63,10.49,0.49,14.5,16.56,5.13,,1,0,0,24,3,0
"HEX_CONUS_1158_21","CONUS","OH","Ohio","39167","Washington",1157844,20832,-81.67,39.43,1,"HEX_CONUS_1058_21;HEX_CONUS_1108_-66;HEX_CONUS_1108_107;HEX_CONUS_1208_107;HEX_CONUS_1208_-66;HEX_CONUS_1258_21",0,0,0,0,0,0,6,3473.3,3473.3,310.73,24,0.36,"Under 0.5",146.9,7.81,0,0.48,12.47,5.72,,1,0,0,9,1,0
"HEX_CONUS_1158_194","CONUS","OH","Ohio","39151","Stark",1157844,194037,-81.34,40.88,1,"HEX_CONUS_1058_194;HEX_CONUS_1108_107;HEX_CONUS_1108_281;HEX_CONUS_1208_107;HEX_CONUS_1208_281;HEX_CONUS_1258_194",6,2148.25,5,3,2,4,19,2002.1,2022.6,676.52,0,0.39,"Under 0.5",45.36,15.5,0,0.95,19.4,14.39,18,1,0,0,9,1,9
"HEX_CONUS_1158_367","CONUS","OH","Ohio","39007","Ashtabula",1157844,367242,-80.99,42.33,0.37,"HEX_CONUS_1058_367;HEX_CONUS_1108_281;HEX_CONUS_1208_281;HEX_CONUS_1258_367",0,0,0,0,0,0,0,0,0,0,0,0.29,"Under 0.5",215.18,8.1,0,0.2,12.23,7.73,4,1,0,0,9,1,0
"HEX_CONUS_1208_107","CONUS","OH","Ohio","39013","Belmont",1207844,107434,-80.89,40.09,1,"HEX_CONUS_1108_107;HEX_CONUS_1158_21;HEX_CONUS_1158_194;HEX_CONUS_1258_21;HEX_CONUS_1258_194;HEX_CONUS_1308_107",3,300,2,0,3,1,8,6247.6,6255.4,532.61,150,0.38,"Under 0.5",11.55,10.6,0,0.27,15.29,10.06,,1,0,0,9,1,0
"HEX_CONUS_1208_-1278","CONUS","FL","Florida","12101","Pasco",1207844,-1278206,-83.21,28.34,0.2,"HEX_CONUS_1158_-1192;HEX_CONUS_1258_-1365;HEX_CONUS_1258_-1192;HEX_CONUS_1308_-1278",0,0,0,0,0,0,1,1112.4,1112.4,77.74,861.61,0.79,"0.5–0.99",1851.18,22.57,17.82,30.53,15.51,0,14,1,1,0,9,2,0
"HEX_CONUS_1208_-1105","CONUS","FL","Florida","12067","Lafayette",1207844,-1105001,-82.96,29.83,1,"HEX_CONUS_1108_-1105;HEX_CONUS_1158_-1192;HEX_CONUS_1158_-1018;HEX_CONUS_1258_-1192;HEX_CONUS_1258_-1018;HEX_CONUS_1308_-1105",0,0,0,0,0,0,12,863.3,863.3,203.42,,0.46,"Under 0.5",10.56,3.33,1.07,5.16,5.39,0,,1,1,0,9,2,0
"HEX_CONUS_1208_-932","CONUS","GA","Georgia","13003","Atkinson",1207844,-931796,-82.7,31.32,1,"HEX_CONUS_1108_-932;HEX_CONUS_1158_-1018;HEX_CONUS_1158_-845;HEX_CONUS_1258_-1018;HEX_CONUS_1258_-845;HEX_CONUS_1308_-932",0,0,0,0,0,0,8,388.6,388.6,346.26,0,0.61,"0.5–0.99",3.09,5.89,12.34,5.63,3.22,6.34,,1,0,1,15,0,0
"HEX_CONUS_1208_-759","CONUS","GA","Georgia","13163","Jefferson",1207844,-758591,-82.43,32.79,1,"HEX_CONUS_1108_-759;HEX_CONUS_1158_-845;HEX_CONUS_1158_-672;HEX_CONUS_1258_-845;HEX_CONUS_1258_-672;HEX_CONUS_1308_-759",1,175,1,1,0,0,9,1036,1036,492.51,1276.5,0.62,"0.5–0.99",25.57,10.68,15.15,3.8,2.54,10.85,,1,0,1,15,0,0
"HEX_CONUS_1208_-585","CONUS","SC","South Carolina","45047","Greenwood",1207844,-585386,-82.14,34.26,1,"HEX_CONUS_1108_-585;HEX_CONUS_1158_-672;HEX_CONUS_1158_-499;HEX_CONUS_1258_-672;HEX_CONUS_1258_-499;HEX_CONUS_1308_-585",0,0,0,0,0,0,18,1485.4,1649.4,313.86,253.02,0.54,"0.5–0.99",6.74,15.28,4.62,2.78,7.27,12.78,,1,1,1,11,1,3
"HEX_CONUS_1208_-412","CONUS","NC","North Carolina","37023","Burke",1207844,-412181,-81.85,35.73,1,"HEX_CONUS_1108_-412;HEX_CONUS_1158_-499;HEX_CONUS_1158_-326;HEX_CONUS_1258_-499;HEX_CONUS_1258_-326;HEX_CONUS_1308_-412",5,0,0,1,3,0,26,149.3,149.3,109.48,2.67,0.34,"Under 0.5",34.11,14.7,23.34,4.67,13.39,0,,1,1,0,3,0,1
"HEX_CONUS_1208_-239","CONUS","VA","Virginia","51185","Tazewell",1207844,-238976,-81.54,37.19,1,"HEX_CONUS_1108_-239;HEX_CONUS_1158_-326;HEX_CONUS_1158_-152;HEX_CONUS_1258_-326;HEX_CONUS_1258_-152;HEX_CONUS_1308_-239",0,0,0,0,0,0,2,108,108,237.14,150,0.35,"Under 0.5",5.31,9.54,7.55,6.83,15.72,0,,1,0,1,79,15,0
"HEX_CONUS_1208_-66","CONUS","WV","West Virginia","54087","Roane",1207844,-65771,-81.22,38.64,1,"HEX_CONUS_1108_-66;HEX_CONUS_1158_-152;HEX_CONUS_1158_21;HEX_CONUS_1258_-152;HEX_CONUS_1258_21;HEX_CONUS_1308_-66",0,0,0,0,0,0,2,2947,2947,167.93,,0.29,"Under 0.5",1.5,8.06,0,3.03,14.05,4.35,,1,0,0,24,3,0
"HEX_CONUS_1208_281","CONUS","OH","Ohio","39007","Ashtabula",1207844,280640,-80.54,41.54,1,"HEX_CONUS_1108_281;HEX_CONUS_1158_194;HEX_CONUS_1158_367;HEX_CONUS_1258_194;HEX_CONUS_1258_367;HEX_CONUS_1308_281",1,30,1,0,1,0,6,68.9,81.9,203.97,0,0.29,"Under 0.5",215.18,8.1,0,0.2,12.23,7.73,4,1,0,0,9,1,3
"HEX_CONUS_1258_-1711","CONUS","FL","Florida","12087","Monroe",1257844,-1711219,-83.3,24.51,0.09,"HEX_CONUS_1308_-1625;HEX_CONUS_1358_-1711",0,0,0,0,0,0,0,0,0,0,,0.58,"0.5–0.99",1.07,17.53,0,5.19,15.33,0,4,1,1,0,9,2,0
"HEX_CONUS_1258_-1365","CONUS","FL","Florida","12081","Manatee",1257844,-1364809,-82.81,27.53,0.57,"HEX_CONUS_1208_-1278;HEX_CONUS_1308_-1451;HEX_CONUS_1308_-1278;HEX_CONUS_1358_-1365",0,0,0,0,0,0,14,7345.1,7345.1,593.63,683,0.44,"Under 0.5",104.22,24.48,33.81,24.77,15.44,0,17,1,1,0,9,2,2
"HEX_CONUS_1258_-1192","CONUS","FL","Florida","12017","Citrus",1257844,-1191604,-82.56,29.03,0.96,"HEX_CONUS_1158_-1192;HEX_CONUS_1208_-1278;HEX_CONUS_1208_-1105;HEX_CONUS_1308_-1278;HEX_CONUS_1308_-1105;HEX_CONUS_1358_-1192",1,0,0,0,0,1,4,3527.9,3527.9,485.4,299,0.8,"0.5–0.99",1288.93,26.85,2.75,43.94,24.73,0,5,1,1,0,9,2,1
"HEX_CONUS_1258_-1018","CONUS","FL","Florida","12003","Baker",1257844,-1018399,-82.29,30.51,1,"HEX_CONUS_1158_-1018;HEX_CONUS_1208_-1105;HEX_CONUS_1208_-932;HEX_CONUS_1308_-1105;HEX_CONUS_1308_-932;HEX_CONUS_1358_-1018",0,0,0,0,0,0,11,1289.3,1289.3,486.41,149,0.6,"0.5–0.99",3.62,5.26,1.06,12.59,4.05,0,,1,1,0,9,2,1
"HEX_CONUS_1258_-845","CONUS","GA","Georgia","13267","Tattnall",1257844,-845193,-82.02,31.99,1,"HEX_CONUS_1158_-845;HEX_CONUS_1208_-932;HEX_CONUS_1208_-759;HEX_CONUS_1308_-932;HEX_CONUS_1308_-759;HEX_CONUS_1358_-845",0,0,0,0,0,0,15,2400.6,2400.6,440.88,160,0.57,"0.5–0.99",11.6,7.55,15.73,5.82,4.39,6.58,,1,0,1,15,0,0
"HEX_CONUS_1258_-672","CONUS","SC","South Carolina","45003","Aiken",1257844,-671988,-81.73,33.47,1,"HEX_CONUS_1158_-672;HEX_CONUS_1208_-759;HEX_CONUS_1208_-585;HEX_CONUS_1308_-759;HEX_CONUS_1308_-585;HEX_CONUS_1358_-672",2,100,1,0,2,0,28,6609.6,6609.6,698.13,657,0.41,"Under 0.5",159.99,11.25,6.85,5.08,5.03,15.17,,1,1,1,11,1,1
"HEX_CONUS_1258_-499","CONUS","SC","South Carolina","45091","York",1257844,-498783,-81.43,34.93,1,"HEX_CONUS_1158_-499;HEX_CONUS_1208_-585;HEX_CONUS_1208_-412;HEX_CONUS_1308_-585;HEX_CONUS_1308_-412;HEX_CONUS_1358_-499",5,649,3,2,2,2,63,7516.5,7963.3,702.86,139,0.4,"Under 0.5",177.01,13.97,4.84,2.19,6.77,10.23,8,1,1,1,11,1,5
"HEX_CONUS_1258_-326","CONUS","NC","North Carolina","37193","Wilkes",1257844,-325578,-81.12,36.39,1,"HEX_CONUS_1158_-326;HEX_CONUS_1208_-412;HEX_CONUS_1208_-239;HEX_CONUS_1308_-412;HEX_CONUS_1308_-239;HEX_CONUS_1358_-326",1,200,1,0,1,0,17,203.7,203.7,266.53,120,0.36,"Under 0.5",12.87,11.23,11.34,4.11,11.78,0,,1,1,0,3,0,5
"HEX_CONUS_1258_-152","CONUS","WV","West Virginia","54089","Summers",1257844,-152373,-80.79,37.85,1,"HEX_CONUS_1158_-152;HEX_CONUS_1208_-239;HEX_CONUS_1208_-66;HEX_CONUS_1308_-239;HEX_CONUS_1308_-66;HEX_CONUS_1358_-152",0,0,0,0,0,0,7,379.6,379.6,96.55,0,0.34,"Under 0.5",3.11,6.54,0,8.06,9.63,0,,1,0,0,24,3,0
"HEX_CONUS_1258_21","CONUS","WV","West Virginia","54033","Harrison",1257844,20832,-80.45,39.3,1,"HEX_CONUS_1158_21;HEX_CONUS_1208_107;HEX_CONUS_1208_-66;HEX_CONUS_1308_-66;HEX_CONUS_1308_107;HEX_CONUS_1358_21",2,200,1,0,2,0,3,2153.2,2153.2,312.49,625,0.29,"Under 0.5",20.87,7.39,0,1.62,11.29,4.72,,1,0,0,24,3,0
"HEX_CONUS_1258_194","CONUS","PA","Pennsylvania","42019","Butler",1257844,194037,-80.09,40.75,1,"HEX_CONUS_1158_194;HEX_CONUS_1208_107;HEX_CONUS_1208_281;HEX_CONUS_1308_107;HEX_CONUS_1308_281;HEX_CONUS_1358_194",24,6688.4,15,13,9,8,25,5963.7,5968.4,507.2,48.3,0.32,"Under 0.5",14.91,6.07,0,0.37,8.63,5.06,10,1,0,1,16,1,10
"HEX_CONUS_1258_367","CONUS","NY","New York","36013","Chautauqua",1257844,367242,-79.72,42.19,0.89,"HEX_CONUS_1158_367;HEX_CONUS_1208_281;HEX_CONUS_1308_281;HEX_CONUS_1308_454;HEX_CONUS_1358_367",0,0,0,0,0,0,15,452.3,452.3,203.01,930.9,0.24,"Under 0.5",134.05,11.73,0,1.78,17.71,0.17,,1,0,1,16,0,0
"HEX_CONUS_1258_540","CONUS","NY","New York","36063","Niagara",1257844,540447,-79.33,43.64,0.12,"HEX_CONUS_1308_454;HEX_CONUS_1358_540",0,0,0,0,0,0,0,0,0,0,735,0.35,"Under 0.5",298.5,9.09,0.85,2.27,11.04,6.96,6,1,0,1,16,0,0
"HEX_CONUS_1308_-1625","CONUS","FL","Florida","12087","Monroe",1307844,-1624616,-82.68,25.21,0.01,"HEX_CONUS_1258_-1711;HEX_CONUS_1358_-1711;HEX_CONUS_1358_-1538;HEX_CONUS_1408_-1625",0,0,0,0,0,0,0,0,0,0,,0.58,"0.5–0.99",1.07,17.53,0,5.19,15.33,0,4,1,1,0,9,2,0
"HEX_CONUS_1308_-1451","CONUS","FL","Florida","12071","Lee",1307844,-1451411,-82.43,26.72,0.53,"HEX_CONUS_1258_-1365;HEX_CONUS_1358_-1538;HEX_CONUS_1358_-1365;HEX_CONUS_1408_-1451",0,0,0,0,0,0,2,9.4,9.4,250.27,0,0.6,"0.5–0.99",743.69,48.81,20.54,51.05,49.56,0,33,1,1,0,9,2,1
"HEX_CONUS_1308_-1278","CONUS","FL","Florida","12101","Pasco",1307844,-1278206,-82.17,28.22,1,"HEX_CONUS_1208_-1278;HEX_CONUS_1258_-1365;HEX_CONUS_1258_-1192;HEX_CONUS_1358_-1365;HEX_CONUS_1358_-1192;HEX_CONUS_1408_-1278",2,0,0,0,2,0,37,5639.9,5674.8,1031.28,861.61,0.79,"0.5–0.99",1851.18,22.57,17.82,30.53,15.51,0,14,1,1,0,9,2,2
"HEX_CONUS_1308_-1105","CONUS","FL","Florida","12107","Putnam",1307844,-1105001,-81.89,29.71,1,"HEX_CONUS_1208_-1105;HEX_CONUS_1258_-1192;HEX_CONUS_1258_-1018;HEX_CONUS_1358_-1192;HEX_CONUS_1358_-1018;HEX_CONUS_1408_-1105",0,0,0,0,0,0,24,3534.2,4394.1,754.89,274.5,0.59,"0.5–0.99",70.53,17.09,2.83,29.82,12.16,0,,1,1,0,9,2,1
"HEX_CONUS_1308_-932","CONUS","GA","Georgia","13127","Glynn",1307844,-931796,-81.61,31.19,0.86,"HEX_CONUS_1208_-932;HEX_CONUS_1258_-1018;HEX_CONUS_1258_-845;HEX_CONUS_1358_-1018;HEX_CONUS_1358_-845",0,0,0,0,0,0,6,682.3,712.3,484.51,900,0.63,"0.5–0.99",43.44,18.91,1.03,43.34,11.1,15.94,,1,0,1,15,0,2
"HEX_CONUS_1308_-759","CONUS","SC","South Carolina","45049","Hampton",1307844,-758591,-81.32,32.66,1,"HEX_CONUS_1208_-759;HEX_CONUS_1258_-845;HEX_CONUS_1258_-672;HEX_CONUS_1358_-845;HEX_CONUS_1358_-672;HEX_CONUS_1408_-759",3,3200.1,2,1,2,1,23,4181.7,4232.1,535.36,550,0.47,"Under 0.5",8.73,8.67,15.98,5.52,3.75,10.31,,1,1,1,11,1,1
"HEX_CONUS_1308_-585","CONUS","SC","South Carolina","45079","Richland",1307844,-585386,-81.02,34.13,1,"HEX_CONUS_1208_-585;HEX_CONUS_1258_-672;HEX_CONUS_1258_-499;HEX_CONUS_1358_-672;HEX_CONUS_1358_-499;HEX_CONUS_1408_-585",1,0,0,0,1,0,29,4352.1,4381.7,999.34,375.9,0.42,"Under 0.5",74.39,17.59,2.99,4.94,17.04,16.47,16,1,1,1,11,1,2
"HEX_CONUS_1308_-412","CONUS","NC","North Carolina","37159","Rowan",1307844,-412181,-80.7,35.6,1,"HEX_CONUS_1208_-412;HEX_CONUS_1258_-499;HEX_CONUS_1258_-326;HEX_CONUS_1358_-499;HEX_CONUS_1358_-326;HEX_CONUS_1408_-412",7,402,2,2,4,3,83,9932.2,9935.2,752.67,2558,0.44,"Under 0.5",24.89,13.15,20.7,4.07,8.93,7.22,,1,1,0,3,0,4
"HEX_CONUS_1308_-239","CONUS","VA","Virginia","51121","Montgomery",1307844,-238976,-80.37,37.05,1,"HEX_CONUS_1208_-239;HEX_CONUS_1258_-326;HEX_CONUS_1258_-152;HEX_CONUS_1358_-326;HEX_CONUS_1358_-152;HEX_CONUS_1408_-239",4,75,1,1,3,0,13,153.1,172.2,326.61,110.43,0.38,"Under 0.5",28.46,4.33,4.53,0.84,5.33,0,,1,0,1,79,15,0
"HEX_CONUS_1308_-66","CONUS","WV","West Virginia","54083","Randolph",1307844,-65771,-80.02,38.5,1,"HEX_CONUS_1208_-66;HEX_CONUS_1258_-152;HEX_CONUS_1258_21;HEX_CONUS_1358_-152;HEX_CONUS_1358_21;HEX_CONUS_1408_-66",0,0,0,0,0,0,2,2868,2868,48.2,103,0.21,"Under 0.5",12.68,6.58,0,2.59,11.73,0,,1,0,0,24,3,0
"HEX_CONUS_1308_107","CONUS","PA","Pennsylvania","42051","Fayette",1307844,107434,-79.66,39.95,1,"HEX_CONUS_1208_107;HEX_CONUS_1258_21;HEX_CONUS_1258_194;HEX_CONUS_1358_21;HEX_CONUS_1358_194;HEX_CONUS_1408_107",3,1500,2,0,3,2,24,4891.5,4960.4,266.41,439,0.25,"Under 0.5",51.67,10.45,0,1.49,13.27,6.35,5,1,0,1,16,1,2
"HEX_CONUS_1308_281","CONUS","PA","Pennsylvania","42031","Clarion",1307844,280640,-79.28,41.4,1,"HEX_CONUS_1208_281;HEX_CONUS_1258_194;HEX_CONUS_1258_367;HEX_CONUS_1358_194;HEX_CONUS_1358_367;HEX_CONUS_1408_281",1,63,1,1,0,0,5,526.3,526.3,233.58,74.5,0.24,"Under 0.5",4.46,5.96,0,1.56,9.58,4.09,,1,0,1,16,1,1
"HEX_CONUS_1308_454","CONUS","NY","New York","36029","Erie",1307844,453845,-78.89,42.84,0.72,"HEX_CONUS_1258_367;HEX_CONUS_1258_540;HEX_CONUS_1358_367;HEX_CONUS_1358_540;HEX_CONUS_1408_454",9,1981,8,4,3,4,65,3132.1,3545.3,542.5,170,0.28,"Under 0.5",340.75,15.97,7.66,3.12,13.13,0,30,1,0,1,16,0,1
"HEX_CONUS_1358_-1711","CONUS","FL","Florida","12087","Monroe",1357844,-1711219,-82.3,24.39,0.18,"HEX_CONUS_1258_-1711;HEX_CONUS_1308_-1625;HEX_CONUS_1408_-1625;HEX_CONUS_1458_-1711",0,0,0,0,0,0,0,0,0,0,,0.58,"0.5–0.99",1.07,17.53,0,5.19,15.33,0,4,1,1,0,9,2,0
"HEX_CONUS_1358_-1538","CONUS","FL","Florida","12021","Collier",1357844,-1538014,-82.05,25.9,0.31,"HEX_CONUS_1308_-1625;HEX_CONUS_1308_-1451;HEX_CONUS_1408_-1625;HEX_CONUS_1408_-1451;HEX_CONUS_1458_-1538",0,0,0,0,0,0,1,4,4,33.65,1117.5,0.61,"0.5–0.99",201.61,31.21,27.26,46.53,27.89,0,17,1,1,0,9,2,0
"HEX_CONUS_1358_-1365","CONUS","FL","Florida","12049","Hardee",1357844,-1364809,-81.78,27.4,1,"HEX_CONUS_1258_-1365;HEX_CONUS_1308_-1451;HEX_CONUS_1308_-1278;HEX_CONUS_1408_-1451;HEX_CONUS_1408_-1278;HEX_CONUS_1458_-1365",1,0,0,0,1,1,29,7735.9,7743.4,811.74,0,0.77,"0.5–0.99",39.32,15.47,29.24,20.29,11.97,0,,1,1,0,9,2,1
"HEX_CONUS_1358_-1192","CONUS","FL","Florida","12069","Lake",1357844,-1191604,-81.51,28.9,1,"HEX_CONUS_1258_-1192;HEX_CONUS_1308_-1278;HEX_CONUS_1308_-1105;HEX_CONUS_1408_-1278;HEX_CONUS_1408_-1105;HEX_CONUS_1458_-1192",1,0,0,0,1,0,13,3330.6,3426.6,1066.89,0,0.82,"0.5–0.99",106.32,22.31,5.7,43.11,11.85,0,4,1,1,0,9,2,2
"HEX_CONUS_1358_-1018","CONUS","FL","Florida","12031","Duval",1357844,-1018399,-81.22,30.38,0.38,"HEX_CONUS_1258_-1018;HEX_CONUS_1308_-1105;HEX_CONUS_1308_-932;HEX_CONUS_1408_-1105",1,0,0,0,1,0,14,2402.2,2402.2,206.24,994.6,0.54,"0.5–0.99",799.86,21.16,1.33,21.55,27.25,0,71,1,1,0,9,2,0
"HEX_CONUS_1358_-845","CONUS","GA","Georgia","13051","Chatham",1357844,-845193,-80.92,31.86,0.54,"HEX_CONUS_1258_-845;HEX_CONUS_1308_-932;HEX_CONUS_1308_-759;HEX_CONUS_1408_-759",0,0,0,0,0,0,7,379,379,209.85,0,0.62,"0.5–0.99",171.2,18.11,6.02,34.33,9.87,18.43,3,1,0,1,15,0,4
"HEX_CONUS_1358_-672","CONUS","SC","South Carolina","45075","Orangeburg",1357844,-671988,-80.61,33.33,1,"HEX_CONUS_1258_-672;HEX_CONUS_1308_-759;HEX_CONUS_1308_-585;HEX_CONUS_1408_-759;HEX_CONUS_1408_-585;HEX_CONUS_1458_-672",2,45,1,0,2,1,22,3404,3404,850.06,451.8,0.54,"0.5–0.99",36.33,15.32,7.95,9.88,14.46,13.87,,1,1,1,11,1,0
"HEX_CONUS_1358_-499","CONUS","SC","South Carolina","45025","Chesterfield",1357844,-498783,-80.29,34.8,1,"HEX_CONUS_1258_-499;HEX_CONUS_1308_-585;HEX_CONUS_1308_-412;HEX_CONUS_1408_-585;HEX_CONUS_1408_-412;HEX_CONUS_1458_-499",2,0,0,0,1,0,32,4586.6,4586.6,702.35,400.7,0.46,"Under 0.5",10.47,11.59,7.39,8.23,4.27,10.9,,1,1,1,11,1,2
"HEX_CONUS_1358_-326","CONUS","NC","North Carolina","37081","Guilford",1357844,-325578,-79.95,36.25,1,"HEX_CONUS_1258_-326;HEX_CONUS_1308_-412;HEX_CONUS_1308_-239;HEX_CONUS_1408_-412;HEX_CONUS_1408_-239;HEX_CONUS_1458_-326",7,502.5,5,2,4,2,44,3452.8,4431.1,416.48,0,0.53,"0.5–0.99",63.7,16.64,17.52,3.5,12.09,13.48,24,1,1,0,3,0,3
"HEX_CONUS_1358_-152","CONUS","VA","Virginia","51163","Rockbridge",1357844,-152373,-79.6,37.71,1,"HEX_CONUS_1258_-152;HEX_CONUS_1308_-239;HEX_CONUS_1308_-66;HEX_CONUS_1408_-239;HEX_CONUS_1408_-66;HEX_CONUS_1458_-152",2,0,0,0,2,0,13,294.4,300.2,260.56,0,0.39,"Under 0.5",3.98,6.78,2.92,11.36,10.15,0,,1,0,1,79,15,1
"HEX_CONUS_1358_21","CONUS","WV","West Virginia","54023","Grant",1357844,20832,-79.24,39.16,1,"HEX_CONUS_1258_21;HEX_CONUS_1308_-66;HEX_CONUS_1308_107;HEX_CONUS_1408_-66;HEX_CONUS_1408_107;HEX_CONUS_1458_21",1,1656,1,0,1,1,16,2591.4,2591.4,374,147,0.38,"Under 0.5",1125.39,5.81,5.8,7.94,9.73,0,,1,0,0,24,3,0
"HEX_CONUS_1358_194","CONUS","PA","Pennsylvania","42021","Cambria",1357844,194037,-78.86,40.6,1,"HEX_CONUS_1258_194;HEX_CONUS_1308_107;HEX_CONUS_1308_281;HEX_CONUS_1408_107;HEX_CONUS_1408_281;HEX_CONUS_1458_194",2,4503,2,1,1,1,21,7113.6,7796.8,761.67,831.68,0.26,"Under 0.5",17.72,9.52,0,2.1,10.17,0,16,1,0,1,16,1,0
"HEX_CONUS_1358_367","CONUS","NY","New York","36009","Cattaraugus",1357844,367242,-78.45,42.04,1,"HEX_CONUS_1258_367;HEX_CONUS_1308_281;HEX_CONUS_1308_454;HEX_CONUS_1408_281;HEX_CONUS_1408_454;HEX_CONUS_1458_367",0,0,0,0,0,0,19,602.5,602.5,195.89,434.1,0.24,"Under 0.5",18.61,11,0,3.04,17.42,0,,1,0,1,16,0,1
"HEX_CONUS_1358_540","CONUS","NY","New York","36073","Orleans",1357844,540447,-78.04,43.48,0.71,"HEX_CONUS_1258_540;HEX_CONUS_1308_454;HEX_CONUS_1408_454;HEX_CONUS_1408_627;HEX_CONUS_1458_540",1,500,1,0,0,0,34,229.4,284.5,102.09,200,0.37,"Under 0.5",5.17,4.83,1.67,1.08,4.57,4.09,,1,0,1,16,0,0
"HEX_CONUS_1408_-1625","CONUS","FL","Florida","12087","Monroe",1407844,-1624616,-81.67,25.08,0.3,"HEX_CONUS_1308_-1625;HEX_CONUS_1358_-1711;HEX_CONUS_1358_-1538;HEX_CONUS_1458_-1711;HEX_CONUS_1458_-1538;HEX_CONUS_1508_-1625",0,0,0,0,0,0,0,0,0,0,,0.58,"0.5–0.99",1.07,17.53,0,5.19,15.33,0,4,1,1,0,9,2,0
"HEX_CONUS_1408_-1451","CONUS","FL","Florida","12051","Hendry",1407844,-1451411,-81.4,26.59,1,"HEX_CONUS_1308_-1451;HEX_CONUS_1358_-1538;HEX_CONUS_1358_-1365;HEX_CONUS_1458_-1538;HEX_CONUS_1458_-1365;HEX_CONUS_1508_-1451",0,0,0,0,0,0,14,3618.4,3618.4,599.72,2980,0.72,"0.5–0.99",388.23,17.36,31,29.39,13.58,0,,1,1,0,9,2,0
"HEX_CONUS_1408_-1278","CONUS","FL","Florida","12097","Osceola",1407844,-1278206,-81.12,28.09,1,"HEX_CONUS_1308_-1278;HEX_CONUS_1358_-1365;HEX_CONUS_1358_-1192;HEX_CONUS_1458_-1365;HEX_CONUS_1458_-1192;HEX_CONUS_1508_-1278",1,300,1,0,0,0,21,6046.8,6046.8,960.59,1995.3,0.61,"0.5–0.99",67.24,26.52,20.87,45.01,23.02,0,9,1,1,0,9,2,0
"HEX_CONUS_1408_-1105","CONUS","FL","Florida","12035","Flagler",1407844,-1105001,-80.83,29.57,0.23,"HEX_CONUS_1308_-1105;HEX_CONUS_1358_-1192;HEX_CONUS_1358_-1018;HEX_CONUS_1458_-1192",0,0,0,0,0,0,1,1.6,1.6,236.92,0,0.52,"0.5–0.99",25.11,19.56,2.45,30.34,14.56,0,4,1,1,0,9,2,1
"HEX_CONUS_1408_-759","CONUS","SC","South Carolina","45019","Charleston",1407844,-758591,-80.22,32.53,0.6,"HEX_CONUS_1308_-759;HEX_CONUS_1358_-845;HEX_CONUS_1358_-672;HEX_CONUS_1458_-672",1,1000,1,0,1,1,4,278.8,278.8,295.15,262.6,0.59,"0.5–0.99",19.19,25.04,6.65,26.9,11,9.2,29,1,1,1,11,1,1
"HEX_CONUS_1408_-585","CONUS","SC","South Carolina","45041","Florence",1407844,-585386,-79.89,33.99,1,"HEX_CONUS_1308_-585;HEX_CONUS_1358_-672;HEX_CONUS_1358_-499;HEX_CONUS_1458_-672;HEX_CONUS_1458_-499;HEX_CONUS_1508_-585",1,0,0,0,0,1,37,270.2,272.7,724.27,84.49,0.5,"0.5–0.99",42.15,20.41,13.59,10.27,13.39,20.75,4,1,1,1,11,1,0
"HEX_CONUS_1408_-412","CONUS","NC","North Carolina","37125","Moore",1407844,-412181,-79.55,35.45,1,"HEX_CONUS_1308_-412;HEX_CONUS_1358_-499;HEX_CONUS_1358_-326;HEX_CONUS_1458_-499;HEX_CONUS_1458_-326;HEX_CONUS_1508_-412",1,0,0,0,1,0,68,1489.5,1493.9,461.4,0,0.51,"0.5–0.99",18.51,20.01,30.15,15.64,13.06,16.9,,1,1,0,3,0,3
"HEX_CONUS_1408_-239","CONUS","VA","Virginia","51143","Pittsylvania",1407844,-238976,-79.2,36.91,1,"HEX_CONUS_1308_-239;HEX_CONUS_1358_-326;HEX_CONUS_1358_-152;HEX_CONUS_1458_-326;HEX_CONUS_1458_-152;HEX_CONUS_1508_-239",2,3500,1,0,1,1,34,2483.9,2485.7,194.61,1284,0.49,"Under 0.5",7.93,6.97,7.63,3.78,10.27,5.85,,1,0,1,79,15,1
"HEX_CONUS_1408_-66","CONUS","VA","Virginia","51165","Rockingham",1407844,-65771,-78.83,38.36,1,"HEX_CONUS_1308_-66;HEX_CONUS_1358_-152;HEX_CONUS_1358_21;HEX_CONUS_1458_-152;HEX_CONUS_1458_21;HEX_CONUS_1508_-66",1,0,0,0,0,0,12,121.2,121.2,405.63,406,0.48,"Under 0.5",36.92,8.41,7.38,11.4,12.19,6.56,,1,0,1,79,15,0
"HEX_CONUS_1408_107","CONUS","PA","Pennsylvania","42009","Bedford",1407844,107434,-78.44,39.8,1,"HEX_CONUS_1308_107;HEX_CONUS_1358_21;HEX_CONUS_1358_194;HEX_CONUS_1458_21;HEX_CONUS_1458_194;HEX_CONUS_1508_107",1,600,1,0,1,0,22,664.2,904.2,103.23,15.97,0.37,"Under 0.5",16.6,5.96,0,2.78,9.6,0,,1,0,1,16,1,0
"HEX_CONUS_1408_281","CONUS","PA","Pennsylvania","42035","Clinton",1407844,280640,-78.03,41.24,1,"HEX_CONUS_1308_281;HEX_CONUS_1358_194;HEX_CONUS_1358_367;HEX_CONUS_1458_194;HEX_CONUS_1458_367;HEX_CONUS_1508_281",0,0,0,0,0,0,3,666,672,404.09,0,0.28,"Under 0.5",15.85,6.68,0,2.31,9.71,5.39,,1,0,1,16,1,1
"HEX_CONUS_1408_454","CONUS","NY","New York","36051","Livingston",1407844,453845,-77.61,42.68,1,"HEX_CONUS_1308_454;HEX_CONUS_1358_367;HEX_CONUS_1358_540;HEX_CONUS_1458_367;HEX_CONUS_1458_540;HEX_CONUS_1508_454",0,0,0,0,0,0,58,1097.7,1131.2,205.21,347.5,0.39,"Under 0.5",16.24,7.67,14.86,1.54,8.27,5.32,,1,0,1,16,0,1
"HEX_CONUS_1408_627","CONUS","NY","New York","36045","Jefferson",1407844,627050,-77.17,44.12,0.01,"HEX_CONUS_1358_540;HEX_CONUS_1458_540;HEX_CONUS_1458_714;HEX_CONUS_1508_627",0,0,0,0,0,0,0,0,0,0,529,0.18,"Under 0.5",22.06,6.51,0,1.97,4.66,0,,1,0,1,16,0,0
"HEX_CONUS_1458_-1711","CONUS","FL","Florida","12087","Monroe",1457844,-1711219,-81.31,24.26,0.12,"HEX_CONUS_1358_-1711;HEX_CONUS_1408_-1625;HEX_CONUS_1508_-1625",0,0,0,0,0,0,1,126.5,126.5,0,,0.58,"0.5–0.99",1.07,17.53,0,5.19,15.33,0,4,1,1,0,9,2,0
"HEX_CONUS_1458_-1538","CONUS","FL","Florida","12087","Monroe",1457844,-1538014,-81.03,25.77,0.98,"HEX_CONUS_1358_-1538;HEX_CONUS_1408_-1625;HEX_CONUS_1408_-1451;HEX_CONUS_1508_-1451;HEX_CONUS_1508_-1625;HEX_CONUS_1558_-1538",0,0,0,0,0,0,0,0,0,0,,0.58,"0.5–0.99",1.07,17.53,0,5.19,15.33,0,4,1,1,0,9,2,0
"HEX_CONUS_1458_-1365","CONUS","FL","Florida","12093","Okeechobee",1457844,-1364809,-80.75,27.27,1,"HEX_CONUS_1358_-1365;HEX_CONUS_1408_-1451;HEX_CONUS_1408_-1278;HEX_CONUS_1508_-1451;HEX_CONUS_1508_-1278;HEX_CONUS_1558_-1365",2,1000,1,0,0,1,26,8382,8382,933.38,74.5,0.66,"0.5–0.99",19.84,17.95,25.52,24.07,10.24,0,,1,1,0,9,2,1
"HEX_CONUS_1458_-1192","CONUS","FL","Florida","12009","Brevard",1457844,-1191604,-80.46,28.76,0.3,"HEX_CONUS_1358_-1192;HEX_CONUS_1408_-1278;HEX_CONUS_1408_-1105;HEX_CONUS_1508_-1278",0,0,0,0,0,0,5,1722.3,2331.3,100.23,448.5,0.48,"Under 0.5",598.25,30.22,15.1,50.02,21.21,0,28,1,1,0,9,2,0
"HEX_CONUS_1458_-672","CONUS","SC","South Carolina","45015","Berkeley",1457844,-671988,-79.5,33.19,0.76,"HEX_CONUS_1358_-672;HEX_CONUS_1408_-759;HEX_CONUS_1408_-585;HEX_CONUS_1508_-585",0,0,0,0,0,0,8,2328.9,2330.2,504.05,1025.8,0.62,"0.5–0.99",513.97,13.89,3.64,11.65,6.39,7.58,9,1,1,1,11,1,0
"HEX_CONUS_1458_-499","CONUS","NC","North Carolina","37155","Robeson",1457844,-498783,-79.16,34.65,1,"HEX_CONUS_1358_-499;HEX_CONUS_1408_-585;HEX_CONUS_1408_-412;HEX_CONUS_1508_-412;HEX_CONUS_1508_-585;HEX_CONUS_1558_-499",0,0,0,0,0,0,103,998.7,1029.2,896.42,945.88,0.48,"Under 0.5",32.71,25.98,37.99,14.83,17.62,23.58,,1,1,0,3,0,1
"HEX_CONUS_1458_-326","CONUS","NC","North Carolina","37077","Granville",1457844,-325578,-78.8,36.11,1,"HEX_CONUS_1358_-326;HEX_CONUS_1408_-412;HEX_CONUS_1408_-239;HEX_CONUS_1508_-412;HEX_CONUS_1508_-239;HEX_CONUS_1558_-326",6,254,2,0,2,3,65,3693.5,3707.6,1105.46,234.9,0.49,"Under 0.5",6.61,8.69,0,1.44,3.39,7.67,,1,1,0,3,0,8
"HEX_CONUS_1458_-152","CONUS","VA","Virginia","51029","Buckingham",1457844,-152373,-78.42,37.56,1,"HEX_CONUS_1358_-152;HEX_CONUS_1408_-239;HEX_CONUS_1408_-66;HEX_CONUS_1508_-239;HEX_CONUS_1508_-66;HEX_CONUS_1558_-152",3,300,1,0,2,0,19,1772.5,1776.5,254.67,344.4,0.4,"Under 0.5",5.11,4.81,5.21,1.96,5.15,4.15,,1,0,1,79,15,1
"HEX_CONUS_1458_21","CONUS","VA","Virginia","51043","Clarke",1457844,20832,-78.03,39,1,"HEX_CONUS_1358_21;HEX_CONUS_1408_-66;HEX_CONUS_1408_107;HEX_CONUS_1508_107;HEX_CONUS_1508_-66;HEX_CONUS_1558_21",300,2409.7,20,146,126,5,21,3085.2,3085.2,645.89,50,0.46,"Under 0.5",1.53,4.18,6.07,4.73,5.69,3.22,,1,0,1,79,15,6
"HEX_CONUS_1458_194","CONUS","PA","Pennsylvania","42067","Juniata",1457844,194037,-77.62,40.44,1,"HEX_CONUS_1358_194;HEX_CONUS_1408_107;HEX_CONUS_1408_281;HEX_CONUS_1508_107;HEX_CONUS_1508_281;HEX_CONUS_1558_194",4,1575,1,1,3,0,12,142.4,150.2,558.53,80,0.34,"Under 0.5",3.76,5.16,0,1.37,7.95,5.23,,1,0,1,16,1,1
"HEX_CONUS_1458_367","CONUS","PA","Pennsylvania","42117","Tioga",1457844,367242,-77.2,41.88,1,"HEX_CONUS_1358_367;HEX_CONUS_1408_281;HEX_CONUS_1408_454;HEX_CONUS_1508_281;HEX_CONUS_1508_454;HEX_CONUS_1558_367",1,0,0,0,1,0,21,501.9,501.9,289.33,85,0.36,"Under 0.5",7.57,5.44,0,3.75,8.52,0,,1,0,1,16,1,0
"HEX_CONUS_1458_540","CONUS","NY","New York","36117","Wayne",1457844,540447,-76.75,43.32,0.96,"HEX_CONUS_1358_540;HEX_CONUS_1408_454;HEX_CONUS_1408_627;HEX_CONUS_1508_454;HEX_CONUS_1508_627;HEX_CONUS_1558_540",1,300,1,0,1,1,67,6761.3,6766.8,529.05,0,0.4,"Under 0.5",447.93,6.09,3.49,1.36,6.39,6.21,,1,0,1,16,0,3
"HEX_CONUS_1458_714","CONUS","NY","New York","36089","St. Lawrence",1457844,713652,-76.28,44.75,0.02,"HEX_CONUS_1408_627;HEX_CONUS_1508_627;HEX_CONUS_1558_714",0,0,0,0,0,0,0,0,0,0,672.1,0.23,"Under 0.5",31.05,8.27,0,2.13,8.88,0,,1,0,1,16,0,0
"HEX_CONUS_1508_107","CONUS","MD","Maryland","24013","Carroll",1507844,107434,-77.22,39.64,1,"HEX_CONUS_1408_107;HEX_CONUS_1458_21;HEX_CONUS_1458_194;HEX_CONUS_1558_21;HEX_CONUS_1558_194;HEX_CONUS_1608_107",4,1555,4,1,3,1,58,1603.9,1607.2,641.43,0,0.38,"Under 0.5",15.94,4.43,4.33,0.39,4.65,6.27,8,1,0,1,26,4,3
"HEX_CONUS_1508_-1451","CONUS","FL","Florida","12099","Palm Beach",1507844,-1451411,-80.39,26.45,0.9,"HEX_CONUS_1408_-1451;HEX_CONUS_1458_-1538;HEX_CONUS_1458_-1365;HEX_CONUS_1558_-1538;HEX_CONUS_1558_-1365",1,0,0,0,0,1,14,10232.8,10261.3,1509.16,0,0.72,"0.5–0.99",1340.61,53.71,49.76,41.31,33.31,0,122,1,1,0,9,2,1
"HEX_CONUS_1508_-412","CONUS","NC","North Carolina","37101","Johnston",1507844,-412181,-78.41,35.3,1,"HEX_CONUS_1408_-412;HEX_CONUS_1458_-499;HEX_CONUS_1458_-326;HEX_CONUS_1558_-499;HEX_CONUS_1558_-326;HEX_CONUS_1608_-412",1,0,0,0,1,0,121,2871.7,2876.3,704.45,117.1,0.48,"Under 0.5",25.32,15.15,20.67,2.74,13.97,11.41,,1,1,0,3,0,3
"HEX_CONUS_1508_-1625","CONUS","FL","Florida","12087","Monroe",1507844,-1624616,-80.67,24.94,0.59,"HEX_CONUS_1408_-1625;HEX_CONUS_1458_-1711;HEX_CONUS_1458_-1538;HEX_CONUS_1558_-1538",0,0,0,0,0,0,1,0,11,0,,0.58,"0.5–0.99",1.07,17.53,0,5.19,15.33,0,4,1,1,0,9,2,0
"HEX_CONUS_1508_-1278","CONUS","FL","Florida","12061","Indian River",1507844,-1278206,-80.09,27.94,0.15,"HEX_CONUS_1408_-1278;HEX_CONUS_1458_-1365;HEX_CONUS_1458_-1192;HEX_CONUS_1558_-1365",0,0,0,0,0,0,2,149,149,67.83,596,0.5,"0.5–0.99",77.5,37.31,23.32,26.07,18.39,0,3,1,1,0,9,2,0
"HEX_CONUS_1508_-585","CONUS","SC","South Carolina","45051","Horry",1507844,-585386,-78.77,33.84,0.71,"HEX_CONUS_1408_-585;HEX_CONUS_1458_-672;HEX_CONUS_1458_-499;HEX_CONUS_1558_-499;HEX_CONUS_1608_-585",0,0,0,0,0,0,11,201.3,201.3,285.93,138.8,0.46,"Under 0.5",64.02,26.25,18.02,25.81,20.3,14.32,12,1,1,1,11,1,0
"HEX_CONUS_1508_-239","CONUS","VA","Virginia","51117","Mecklenburg",1507844,-238976,-78.03,36.75,1,"HEX_CONUS_1408_-239;HEX_CONUS_1458_-326;HEX_CONUS_1458_-152;HEX_CONUS_1558_-326;HEX_CONUS_1558_-152;HEX_CONUS_1608_-239",9,0,0,1,7,0,43,5053.8,5053.8,378.77,389,0.53,"0.5–0.99",5.46,10.03,20.47,2.34,5.38,10.54,,1,0,1,79,15,1
"HEX_CONUS_1508_-66","CONUS","VA","Virginia","51177","Spotsylvania",1507844,-65771,-77.63,38.2,1,"HEX_CONUS_1408_-66;HEX_CONUS_1458_-152;HEX_CONUS_1458_21;HEX_CONUS_1558_-152;HEX_CONUS_1558_21;HEX_CONUS_1608_-66",73,6934.5,10,3,65,3,22,7767.6,7767.6,753.59,700,0.49,"Under 0.5",15.08,4.62,4.22,0.79,4.51,4.1,,1,0,1,79,15,1
"HEX_CONUS_1508_281","CONUS","PA","Pennsylvania","42097","Northumberland",1507844,280640,-76.79,41.08,1,"HEX_CONUS_1408_281;HEX_CONUS_1458_194;HEX_CONUS_1458_367;HEX_CONUS_1558_194;HEX_CONUS_1558_367;HEX_CONUS_1608_281",6,1010,2,1,3,2,15,7568.7,7621.4,491.37,51.8,0.29,"Under 0.5",31.14,7.91,0,1.23,10.16,7.84,4,1,0,1,16,1,8
"HEX_CONUS_1508_454","CONUS","NY","New York","36109","Tompkins",1507844,453845,-76.34,42.51,1,"HEX_CONUS_1408_454;HEX_CONUS_1458_367;HEX_CONUS_1458_540;HEX_CONUS_1558_367;HEX_CONUS_1558_540;HEX_CONUS_1608_454",2,205,2,1,1,2,52,420.9,424.7,238.71,460,0.34,"Under 0.5",148.86,6.7,5.49,2.6,8.6,5.63,,1,0,1,16,0,5
"HEX_CONUS_1508_627","CONUS","NY","New York","36045","Jefferson",1507844,627050,-75.87,43.95,0.95,"HEX_CONUS_1408_627;HEX_CONUS_1458_540;HEX_CONUS_1458_714;HEX_CONUS_1558_540;HEX_CONUS_1558_714;HEX_CONUS_1608_627",0,0,0,0,0,0,61,1054.5,1055.9,222.76,529,0.18,"Under 0.5",22.06,6.51,0,1.97,4.66,0,,1,0,1,16,0,0
"HEX_CONUS_1558_-1538","CONUS","FL","Florida","12086","Miami-Dade",1557844,-1538014,-80.03,25.63,0.39,"HEX_CONUS_1458_-1538;HEX_CONUS_1508_-1451;HEX_CONUS_1508_-1625",1,16,1,0,1,0,9,3070.8,3070.9,587.53,2674.5,0.63,"0.5–0.99",468.19,63.93,31.27,54.45,77.21,0,223,1,1,0,9,2,0
"HEX_CONUS_1558_-1365","CONUS","FL","Florida","12085","Martin",1557844,-1364809,-79.72,27.12,0.12,"HEX_CONUS_1458_-1365;HEX_CONUS_1508_-1451;HEX_CONUS_1508_-1278",0,0,0,0,0,0,0,0,0,35.6,1028.5,0.72,"0.5–0.99",154.13,30.86,20.55,24.22,14.34,0,10,1,1,0,9,2,0
"HEX_CONUS_1558_-499","CONUS","NC","North Carolina","37141","Pender",1557844,-498783,-78.03,34.49,0.95,"HEX_CONUS_1458_-499;HEX_CONUS_1508_-412;HEX_CONUS_1508_-585;HEX_CONUS_1608_-585;HEX_CONUS_1608_-412;HEX_CONUS_1658_-499",0,0,0,0,0,0,39,1295.9,1295.9,737.05,3.1,0.44,"Under 0.5",10.93,15.94,14.05,16.74,9.3,12.34,,1,1,0,3,0,1
"HEX_CONUS_1558_-326","CONUS","NC","North Carolina","37065","Edgecombe",1557844,-325578,-77.65,35.95,1,"HEX_CONUS_1458_-326;HEX_CONUS_1508_-412;HEX_CONUS_1508_-239;HEX_CONUS_1608_-239;HEX_CONUS_1608_-412;HEX_CONUS_1658_-326",1,900,1,0,0,1,92,1052.6,1066.2,408.9,109.4,0.29,"Under 0.5",9.11,23.8,23.46,1.88,28.27,20.76,,1,1,0,3,0,5
"HEX_CONUS_1558_-152","CONUS","VA","Virginia","51036","Charles City",1557844,-152373,-77.25,37.39,1,"HEX_CONUS_1458_-152;HEX_CONUS_1508_-239;HEX_CONUS_1508_-66;HEX_CONUS_1608_-239;HEX_CONUS_1608_-66;HEX_CONUS_1658_-152",41,7041.5,11,14,21,3,31,2489.5,2494.5,1101.6,549.15,0.42,"Under 0.5",2,2.97,0,0.73,2.25,4.87,,1,0,1,79,15,1
"HEX_CONUS_1558_21","CONUS","MD","Maryland","24033","Prince George's",1557844,20832,-76.83,38.84,0.98,"HEX_CONUS_1458_21;HEX_CONUS_1508_107;HEX_CONUS_1508_-66;HEX_CONUS_1608_-66;HEX_CONUS_1608_107;HEX_CONUS_1658_21",29,1977.5,4,14,11,2,91,6791.7,6930.7,1426.24,885.69,0.43,"Under 0.5",540.73,14.22,7.55,2.28,7.05,22.74,51,1,0,1,26,4,7
"HEX_CONUS_1558_194","CONUS","PA","Pennsylvania","42075","Lebanon",1557844,194037,-76.4,40.27,1,"HEX_CONUS_1458_194;HEX_CONUS_1508_107;HEX_CONUS_1508_281;HEX_CONUS_1608_107;HEX_CONUS_1608_281;HEX_CONUS_1658_194",13,414,5,5,7,3,36,4347.8,5341.2,1002.61,0,0.29,"Under 0.5",15.01,9.54,9.09,0.97,9.29,11.07,4,1,0,1,16,1,6
"HEX_CONUS_1558_367","CONUS","PA","Pennsylvania","42115","Susquehanna",1557844,367242,-75.94,41.71,1,"HEX_CONUS_1458_367;HEX_CONUS_1508_281;HEX_CONUS_1508_454;HEX_CONUS_1608_281;HEX_CONUS_1608_454;HEX_CONUS_1658_367",16,3130,5,1,12,6,16,2884.9,2884.9,252.55,15.6,0.29,"Under 0.5",4.12,7.66,0,2.78,11.82,3.23,,1,0,1,16,1,5
"HEX_CONUS_1558_540","CONUS","NY","New York","36065","Oneida",1557844,540447,-75.47,43.14,1,"HEX_CONUS_1458_540;HEX_CONUS_1508_454;HEX_CONUS_1508_627;HEX_CONUS_1608_454;HEX_CONUS_1608_627;HEX_CONUS_1658_540",1,200,1,0,1,1,65,603.9,654.3,689.03,40,0.21,"Under 0.5",54.32,14.68,0,2.75,21.77,7.88,3,1,0,1,16,0,2
"HEX_CONUS_1558_714","CONUS","NY","New York","36089","St. Lawrence",1557844,713652,-74.97,44.57,0.91,"HEX_CONUS_1458_714;HEX_CONUS_1508_627;HEX_CONUS_1608_627;HEX_CONUS_1608_800;HEX_CONUS_1658_714",4,1135,3,0,2,1,63,1297.5,1387.7,423.41,672.1,0.23,"Under 0.5",31.05,8.27,0,2.13,8.88,0,,1,0,1,16,0,1
"HEX_CONUS_1608_-585","CONUS","NC","North Carolina","37019","Brunswick",1607844,-585386,-77.66,33.68,0.09,"HEX_CONUS_1508_-585;HEX_CONUS_1558_-499;HEX_CONUS_1658_-499",0,0,0,0,0,0,2,2003.2,2055.7,98.77,26,0.44,"Under 0.5",1367.09,20.62,11.81,28.61,18.69,18.47,,1,1,0,3,0,1
"HEX_CONUS_1608_-239","CONUS","VA","Virginia","51800","Suffolk",1607844,-238976,-76.87,36.59,1,"HEX_CONUS_1508_-239;HEX_CONUS_1558_-326;HEX_CONUS_1558_-152;HEX_CONUS_1658_-326;HEX_CONUS_1658_-152;HEX_CONUS_1708_-239",0,0,0,0,0,0,50,1325.6,1718.4,595.93,269,0.47,"Under 0.5",46.78,8,13.78,3.42,4.39,8.75,,1,0,1,79,15,3
"HEX_CONUS_1608_-66","CONUS","MD","Maryland","24037","St. Mary's",1607844,-65771,-76.45,38.03,1,"HEX_CONUS_1508_-66;HEX_CONUS_1558_-152;HEX_CONUS_1558_21;HEX_CONUS_1658_-152;HEX_CONUS_1658_21;HEX_CONUS_1708_-66",2,500,1,0,1,0,15,2217.2,2217.2,164.76,0,0.43,"Under 0.5",8.61,3.74,3.15,2.11,3.23,5.36,3,1,0,1,26,4,1
"HEX_CONUS_1608_107","CONUS","MD","Maryland","24015","Cecil",1607844,107434,-76.01,39.47,1,"HEX_CONUS_1508_107;HEX_CONUS_1558_21;HEX_CONUS_1558_194;HEX_CONUS_1658_21;HEX_CONUS_1658_194;HEX_CONUS_1708_107",5,2030,3,1,3,1,83,13491.4,13702.2,887.54,60.48,0.35,"Under 0.5",10.78,10.43,21.37,1.59,6.29,7.99,4,1,0,1,26,4,5
"HEX_CONUS_1608_281","CONUS","PA","Pennsylvania","42025","Carbon",1607844,280640,-75.55,40.9,1,"HEX_CONUS_1508_281;HEX_CONUS_1558_194;HEX_CONUS_1558_367;HEX_CONUS_1658_194;HEX_CONUS_1658_367;HEX_CONUS_1708_281",18,2030,4,3,13,7,43,5628.4,5799.9,870.57,193.76,0.21,"Under 0.5",25.42,8.49,0,3.2,10.89,8.55,4,1,0,1,16,1,7
"HEX_CONUS_1608_454","CONUS","NY","New York","36025","Delaware",1607844,453845,-75.08,42.33,1,"HEX_CONUS_1508_454;HEX_CONUS_1558_367;HEX_CONUS_1558_540;HEX_CONUS_1658_367;HEX_CONUS_1658_540;HEX_CONUS_1708_454",1,0,0,0,0,1,11,1145.8,1151.4,305.02,135,0.29,"Under 0.5",410.12,16,0,2.73,27.02,4.36,,1,0,1,16,0,1
"HEX_CONUS_1608_627","CONUS","NY","New York","36041","Hamilton",1607844,627050,-74.58,43.76,1,"HEX_CONUS_1508_627;HEX_CONUS_1558_540;HEX_CONUS_1558_714;HEX_CONUS_1658_540;HEX_CONUS_1658_714;HEX_CONUS_1708_627",0,0,0,0,0,0,5,21.9,21.9,0,0,0.21,"Under 0.5",1,4.05,0,0.43,6.05,0.25,,1,0,1,16,0,0
"HEX_CONUS_1608_800","CONUS","NY","New York","36033","Franklin",1607844,800255,-74.05,45.19,0.23,"HEX_CONUS_1558_714;HEX_CONUS_1658_714;HEX_CONUS_1708_800",0,0,0,0,0,0,22,643.6,643.6,219.19,1710,0.24,"Under 0.5",11.31,6.83,0,1.47,9.82,0,,1,0,1,16,0,0
"HEX_CONUS_1608_-412","CONUS","NC","North Carolina","37049","Craven",1607844,-412181,-77.27,35.14,1,"HEX_CONUS_1508_-412;HEX_CONUS_1558_-499;HEX_CONUS_1558_-326;HEX_CONUS_1658_-499;HEX_CONUS_1658_-326;HEX_CONUS_1708_-412",0,0,0,0,0,0,66,620.2,620.2,568.67,0,0.44,"Under 0.5",30.99,16.42,8.95,18.18,8.26,18.43,5,1,1,0,3,0,0
"HEX_CONUS_1658_-499","CONUS","NC","North Carolina","37031","Carteret",1657844,-498783,-76.9,34.33,0.17,"HEX_CONUS_1558_-499;HEX_CONUS_1608_-585;HEX_CONUS_1608_-412;HEX_CONUS_1708_-412",0,0,0,0,0,0,1,2.5,2.5,6.55,0,0.42,"Under 0.5",10.67,20.27,6.18,24.38,16.04,16.85,,1,1,0,3,0,0
"HEX_CONUS_1658_-326","CONUS","NC","North Carolina","37187","Washington",1657844,-325578,-76.5,35.78,1,"HEX_CONUS_1558_-326;HEX_CONUS_1608_-239;HEX_CONUS_1608_-412;HEX_CONUS_1708_-239;HEX_CONUS_1708_-412;HEX_CONUS_1758_-326",0,0,0,0,0,0,26,648.9,648.9,131.42,694,0.45,"Under 0.5",5.26,17.09,2.98,8.78,10.8,14.47,,1,1,0,3,0,0
"HEX_CONUS_1658_-152","CONUS","VA","Virginia","51131","Northampton",1657844,-152373,-76.08,37.22,0.8,"HEX_CONUS_1558_-152;HEX_CONUS_1608_-239;HEX_CONUS_1608_-66;HEX_CONUS_1708_-239;HEX_CONUS_1708_-66",2,0,0,1,1,0,13,2200.9,2287.7,337.94,20,-1,"Under 0.5",3.23,12.33,18.72,3.93,13.75,8.15,,1,0,1,79,15,0
"HEX_CONUS_1658_21","CONUS","DE","Delaware","10005","Sussex",1657844,20832,-75.64,38.66,1,"HEX_CONUS_1558_21;HEX_CONUS_1608_-66;HEX_CONUS_1608_107;HEX_CONUS_1708_107;HEX_CONUS_1708_-66;HEX_CONUS_1758_21",0,0,0,0,0,0,29,832.5,832.5,300.25,225,0.44,"Under 0.5",118.75,18.25,13.53,11.84,11.68,17.42,14,0,0,1,4,2,7
"HEX_CONUS_1658_194","CONUS","PA","Pennsylvania","42091","Montgomery",1657844,194037,-75.18,40.1,1,"HEX_CONUS_1558_194;HEX_CONUS_1608_107;HEX_CONUS_1608_281;HEX_CONUS_1708_107;HEX_CONUS_1708_281;HEX_CONUS_1758_194",27,789.2,6,16,7,6,149,11337.1,11471.2,1559.65,0,0.29,"Under 0.5",120.93,10.68,6.79,1.9,12.8,18.41,123,1,0,1,16,1,9
"HEX_CONUS_1658_367","CONUS","NY","New York","36105","Sullivan",1657844,367242,-74.7,41.53,1,"HEX_CONUS_1558_367;HEX_CONUS_1608_281;HEX_CONUS_1608_454;HEX_CONUS_1708_281;HEX_CONUS_1708_454;HEX_CONUS_1758_367",0,0,0,0,0,0,82,1172.2,1172.2,310.15,300,0.26,"Under 0.5",96.9,15.38,3.53,3.27,24.5,5,,1,0,1,16,0,1
"HEX_CONUS_1658_540","CONUS","NY","New York","36057","Montgomery",1657844,540447,-74.19,42.95,1,"HEX_CONUS_1558_540;HEX_CONUS_1608_454;HEX_CONUS_1608_627;HEX_CONUS_1708_454;HEX_CONUS_1708_627;HEX_CONUS_1758_540",1,100,1,0,1,1,116,1704.1,1766.5,437.9,1090.5,0.22,"Under 0.5",4.6,9.29,0,2.06,13.9,4.64,,1,0,1,16,0,1
"HEX_CONUS_1658_714","CONUS","NY","New York","36031","Essex",1657844,713652,-73.67,44.38,1,"HEX_CONUS_1558_714;HEX_CONUS_1608_627;HEX_CONUS_1608_800;HEX_CONUS_1708_627;HEX_CONUS_1708_800;HEX_CONUS_1758_714",0,0,0,0,0,0,42,626.1,657.2,36.94,70,0.23,"Under 0.5",23.13,9.64,0,1.6,15.49,0,,1,0,1,16,0,1
"HEX_CONUS_1708_107","CONUS","NJ","New Jersey","34009","Cape May",1707844,107434,-74.81,39.29,0.78,"HEX_CONUS_1608_107;HEX_CONUS_1658_21;HEX_CONUS_1658_194;HEX_CONUS_1758_21;HEX_CONUS_1758_194",2,1150,1,0,2,1,46,628.3,712.1,417.56,20,0.32,"Under 0.5",32.76,25.4,9.25,20.37,20.57,13.65,,1,0,1,29,4,2
"HEX_CONUS_1708_-239","CONUS","NC","North Carolina","37053","Currituck",1707844,-238976,-75.71,36.41,0.46,"HEX_CONUS_1608_-239;HEX_CONUS_1658_-326;HEX_CONUS_1658_-152;HEX_CONUS_1758_-326",2,25,1,0,0,0,13,422.5,422.5,290.07,249.5,0.5,"0.5–0.99",7.28,5.14,1.06,4.16,5.41,5.41,,1,1,0,3,0,2
"HEX_CONUS_1708_-66","CONUS","VA","Virginia","51001","Accomack",1707844,-65771,-75.27,37.85,0.44,"HEX_CONUS_1608_-66;HEX_CONUS_1658_-152;HEX_CONUS_1658_21;HEX_CONUS_1758_21",0,0,0,0,0,0,12,572.4,621,0,20,0.46,"Under 0.5",17.64,17.84,9.77,13.94,13.87,8.52,,1,0,1,79,15,1
"HEX_CONUS_1708_281","CONUS","NJ","New Jersey","34039","Union",1707844,280640,-74.33,40.72,0.98,"HEX_CONUS_1608_281;HEX_CONUS_1658_194;HEX_CONUS_1658_367;HEX_CONUS_1758_194;HEX_CONUS_1758_367;HEX_CONUS_1808_281",15,97,8,11,2,2,286,18474,19345.3,1144.01,307.47,0.37,"Under 0.5",143.06,17.01,0,3.57,20.69,17.56,15,1,0,1,29,4,14
"HEX_CONUS_1708_454","CONUS","NY","New York","36021","Columbia",1707844,453845,-73.82,42.14,1,"HEX_CONUS_1608_454;HEX_CONUS_1658_367;HEX_CONUS_1658_540;HEX_CONUS_1758_367;HEX_CONUS_1758_540;HEX_CONUS_1808_454",0,0,0,0,0,0,70,2936.6,2979.4,551.53,310,0.22,"Under 0.5",6.55,8.72,0,4.45,10.91,4.59,,1,0,1,16,0,1
"HEX_CONUS_1708_627","CONUS","NY","New York","36115","Washington",1707844,627050,-73.29,43.57,1,"HEX_CONUS_1608_627;HEX_CONUS_1658_540;HEX_CONUS_1658_714;HEX_CONUS_1758_540;HEX_CONUS_1758_714;HEX_CONUS_1808_627",0,0,0,0,0,0,43,314.8,315.7,93.31,160,0.23,"Under 0.5",33.91,6.66,0,3.65,9.23,5.8,,1,0,1,16,0,0
"HEX_CONUS_1708_800","CONUS","VT","Vermont","50011","Franklin",1707844,800255,-72.74,44.99,0.53,"HEX_CONUS_1608_800;HEX_CONUS_1658_714;HEX_CONUS_1758_714;HEX_CONUS_1758_887;HEX_CONUS_1808_800",0,0,0,0,0,0,19,207.6,207.6,0,19.3,-1,"Under 0.5",7.06,4.82,0,0.85,6.62,0,4,0,0,1,3,0,0
"HEX_CONUS_1708_-412","CONUS","NC","North Carolina","37031","Carteret",1707844,-412181,-76.14,34.96,0.57,"HEX_CONUS_1608_-412;HEX_CONUS_1658_-499;HEX_CONUS_1658_-326;HEX_CONUS_1758_-326",0,0,0,0,0,0,1,4,4,2.6,0,0.42,"Under 0.5",10.67,20.27,6.18,24.38,16.04,16.85,,1,1,0,3,0,0
"HEX_CONUS_1758_-326","CONUS","NC","North Carolina","37055","Dare",1757844,-325578,-75.36,35.6,0.39,"HEX_CONUS_1658_-326;HEX_CONUS_1708_-239;HEX_CONUS_1708_-412",0,0,0,0,0,0,1,15,15,0,,0.48,"Under 0.5",8.35,19.85,0,11.05,20.75,12.66,,1,1,0,3,0,0
"HEX_CONUS_1758_21","CONUS","DE","Delaware","10005","Sussex",1757844,20832,-74.45,38.47,0.03,"HEX_CONUS_1658_21;HEX_CONUS_1708_107;HEX_CONUS_1708_-66",0,0,0,0,0,0,0,0,0,0,225,0.44,"Under 0.5",118.75,18.25,13.53,11.84,11.68,17.42,14,0,0,1,4,2,0
"HEX_CONUS_1758_194","CONUS","NJ","New Jersey","34029","Ocean",1757844,194037,-73.96,39.91,0.44,"HEX_CONUS_1658_194;HEX_CONUS_1708_107;HEX_CONUS_1708_281;HEX_CONUS_1808_281",1,10,1,1,0,0,36,660.9,903.7,323.14,249.1,0.28,"Under 0.5",651.35,45.52,8.95,22.06,28.65,12.98,8,1,0,1,29,4,2
"HEX_CONUS_1758_367","CONUS","CT","Connecticut","09190","Western Connecticut",1757844,367242,-73.46,41.33,1,"HEX_CONUS_1658_367;HEX_CONUS_1708_281;HEX_CONUS_1708_454;HEX_CONUS_1808_281;HEX_CONUS_1808_454;HEX_CONUS_1858_367",3,1300,3,0,2,0,91,10690.3,10763.5,596.42,,,,,,,,,,51,1,1,0,2,0,4
"HEX_CONUS_1758_540","CONUS","VT","Vermont","50025","Windham",1757844,540447,-72.93,42.76,1,"HEX_CONUS_1658_540;HEX_CONUS_1708_454;HEX_CONUS_1708_627;HEX_CONUS_1808_454;HEX_CONUS_1808_627;HEX_CONUS_1858_540",0,0,0,0,0,0,83,2532.2,2533.4,443.48,0,0.21,"Under 0.5",4.4,6.92,0,4.09,8.52,3.77,,0,0,1,3,0,1
"HEX_CONUS_1758_714","CONUS","VT","Vermont","50017","Orange",1757844,713652,-72.37,44.18,1,"HEX_CONUS_1658_714;HEX_CONUS_1708_627;HEX_CONUS_1708_800;HEX_CONUS_1808_627;HEX_CONUS_1808_800;HEX_CONUS_1858_714",0,0,0,0,0,0,29,518.4,518.7,280.02,0,0.25,"Under 0.5",3.79,4.81,0,2.18,8.29,0,,0,0,1,3,0,2
"HEX_CONUS_1758_887","CONUS","NH","New Hampshire","33007","Coos",1757844,886857,-71.79,45.6,0.01,"HEX_CONUS_1708_800;HEX_CONUS_1808_800;HEX_CONUS_1808_973;HEX_CONUS_1858_887",0,0,0,0,0,0,0,0,0,89.85,0,0.22,"Under 0.5",13.3,8.78,0,0.85,13.99,0,,0,0,1,5,1,0
"HEX_CONUS_1808_281","CONUS","NY","New York","36103","Suffolk",1807844,280640,-73.1,40.52,0.35,"HEX_CONUS_1708_281;HEX_CONUS_1758_194;HEX_CONUS_1758_367;HEX_CONUS_1858_367",1,176,1,0,1,1,47,3562.2,3625.1,0,2611,0.66,"0.5–0.99",1344.81,11.78,0.83,4.39,14.97,6.12,64,1,0,1,16,0,1
"HEX_CONUS_1808_454","CONUS","CT","Connecticut","09110","Capitol",1807844,453845,-72.57,41.94,1,"HEX_CONUS_1708_454;HEX_CONUS_1758_367;HEX_CONUS_1758_540;HEX_CONUS_1858_367;HEX_CONUS_1858_540;HEX_CONUS_1908_454",3,304,2,0,3,1,208,4140.6,4161.5,544.67,,,,,,,,,,57,1,1,0,2,0,2
"HEX_CONUS_1808_627","CONUS","NH","New Hampshire","33013","Merrimack",1807844,627050,-72.02,43.36,1,"HEX_CONUS_1708_627;HEX_CONUS_1758_540;HEX_CONUS_1758_714;HEX_CONUS_1858_540;HEX_CONUS_1858_714;HEX_CONUS_1908_627",0,0,0,0,0,0,39,851.9,854,374.6,0,0.24,"Under 0.5",87.53,6.92,5.39,4.73,8.53,3.82,8,0,0,1,5,1,1
"HEX_CONUS_1808_800","CONUS","NH","New Hampshire","33007","Coos",1807844,800255,-71.43,44.78,0.91,"HEX_CONUS_1708_800;HEX_CONUS_1758_714;HEX_CONUS_1758_887;HEX_CONUS_1858_714;HEX_CONUS_1858_887;HEX_CONUS_1908_800",0,0,0,0,0,0,16,357.3,357.3,102.44,0,0.22,"Under 0.5",13.3,8.78,0,0.85,13.99,0,,0,0,1,5,1,0
"HEX_CONUS_1808_973","CONUS","ME","Maine","23025","Somerset",1807844,973460,-70.82,46.2,0.06,"HEX_CONUS_1758_887;HEX_CONUS_1858_887;HEX_CONUS_1858_1060;HEX_CONUS_1908_973",0,0,0,0,0,0,0,0,0,31.67,182.7,0.24,"Under 0.5",53.7,12.45,26.26,0.75,12.31,0,,0,0,1,2,2,0
"HEX_CONUS_1858_367","CONUS","NY","New York","36103","Suffolk",1857844,367242,-72.23,41.13,0.77,"HEX_CONUS_1758_367;HEX_CONUS_1808_281;HEX_CONUS_1808_454;HEX_CONUS_1908_454;HEX_CONUS_1958_367",2,1500,1,0,1,0,52,3293.6,3327.9,186.65,2611,0.66,"0.5–0.99",1344.81,11.78,0.83,4.39,14.97,6.12,64,1,0,1,16,0,2
"HEX_CONUS_1858_540","CONUS","MA","Massachusetts","25017","Middlesex",1857844,540447,-71.67,42.55,1,"HEX_CONUS_1758_540;HEX_CONUS_1808_454;HEX_CONUS_1808_627;HEX_CONUS_1908_454;HEX_CONUS_1908_627;HEX_CONUS_1958_540",3,3,1,2,0,1,211,2051.6,3937.5,778.45,1337.25,0.26,"Under 0.5",149.4,10.29,12.01,4.36,13,3.62,209,1,1,0,7,2,1
"HEX_CONUS_1858_714","CONUS","NH","New Hampshire","33003","Carroll",1857844,713652,-71.09,43.96,1,"HEX_CONUS_1758_714;HEX_CONUS_1808_627;HEX_CONUS_1808_800;HEX_CONUS_1908_627;HEX_CONUS_1908_800;HEX_CONUS_1958_714",0,0,0,0,0,0,17,124.4,127.2,29.56,0,0.21,"Under 0.5",6.88,8.62,0,3.21,13.32,0.47,,0,0,1,5,1,0
"HEX_CONUS_1858_887","CONUS","ME","Maine","23025","Somerset",1857844,886857,-70.48,45.38,0.77,"HEX_CONUS_1758_887;HEX_CONUS_1808_800;HEX_CONUS_1808_973;HEX_CONUS_1908_800;HEX_CONUS_1908_973;HEX_CONUS_1958_887",0,0,0,0,0,0,5,265.3,265.3,131.37,182.7,0.24,"Under 0.5",53.7,12.45,26.26,0.75,12.31,0,,0,0,1,2,2,0
"HEX_CONUS_1858_1060","CONUS","ME","Maine","23003","Aroostook",1857844,1060062,-69.84,46.79,0.52,"HEX_CONUS_1808_973;HEX_CONUS_1908_973;HEX_CONUS_1908_1147;HEX_CONUS_1958_1060",0,0,0,0,0,0,0,0,0,0,0,0.26,"Under 0.5",24.64,10.08,11.31,1.17,13.58,0,,0,0,1,2,2,0
"HEX_CONUS_1908_454","CONUS","RI","Rhode Island","44001","Bristol",1907844,453845,-71.33,41.73,0.96,"HEX_CONUS_1808_454;HEX_CONUS_1858_367;HEX_CONUS_1858_540;HEX_CONUS_1958_367;HEX_CONUS_1958_540;HEX_CONUS_2008_454",0,0,0,0,0,0,268,6574.9,6580.4,596.32,,,"Unknown",0.27,4.08,0,0.82,7.02,2.37,3,0,0,0,3,0,4
"HEX_CONUS_1908_627","CONUS","ME","Maine","23031","York",1907844,627050,-70.75,43.15,0.72,"HEX_CONUS_1808_627;HEX_CONUS_1858_540;HEX_CONUS_1858_714;HEX_CONUS_1958_540;HEX_CONUS_1958_714",1,0,0,0,0,1,31,2449.7,2602.1,402.94,216.42,0.23,"Under 0.5",24.41,10.52,9.27,5.16,12.44,5.02,3,0,0,1,2,2,2
"HEX_CONUS_1908_800","CONUS","ME","Maine","23007","Franklin",1907844,800255,-70.14,44.56,1,"HEX_CONUS_1808_800;HEX_CONUS_1858_714;HEX_CONUS_1858_887;HEX_CONUS_1958_714;HEX_CONUS_1958_887;HEX_CONUS_2008_800",0,0,0,0,0,0,79,1254.8,1426.1,231.55,0,0.24,"Under 0.5",42.96,6.76,0,0.73,9.84,0,,0,0,1,2,2,0
"HEX_CONUS_1908_973","CONUS","ME","Maine","23021","Piscataquis",1907844,973460,-69.5,45.97,1,"HEX_CONUS_1808_973;HEX_CONUS_1858_887;HEX_CONUS_1858_1060;HEX_CONUS_1958_887;HEX_CONUS_1958_1060;HEX_CONUS_2008_973",0,0,0,0,0,0,1,3.6,3.6,0,0,0.24,"Under 0.5",1.68,7.47,15.75,1.03,8.87,0,,0,0,1,2,2,0
"HEX_CONUS_1908_1147","CONUS","ME","Maine","23003","Aroostook",1907844,1146665,-68.83,47.38,0.39,"HEX_CONUS_1858_1060;HEX_CONUS_1958_1060;HEX_CONUS_2008_1147",0,0,0,0,0,0,6,40.6,40.6,0,0,0.26,"Under 0.5",24.64,10.08,11.31,1.17,13.58,0,,0,0,1,2,2,0
"HEX_CONUS_1958_367","CONUS","MA","Massachusetts","25007","Dukes",1957844,367242,-71,40.91,0.04,"HEX_CONUS_1858_367;HEX_CONUS_1908_454;HEX_CONUS_2008_454",0,0,0,0,0,0,2,160,160,0,0,,"Unknown",4.64,3.42,0,4.51,1.58,0,,1,1,0,7,2,0
"HEX_CONUS_1958_540","CONUS","MA","Massachusetts","25023","Plymouth",1957844,540447,-70.42,42.33,0.47,"HEX_CONUS_1858_540;HEX_CONUS_1908_454;HEX_CONUS_1908_627;HEX_CONUS_2008_454",2,30,1,1,1,0,38,2175.1,2330.4,49.72,6.75,0.25,"Under 0.5",561.35,9.75,10.07,7.2,13.56,5.28,13,1,1,0,7,2,1
"HEX_CONUS_1958_714","CONUS","ME","Maine","23023","Sagadahoc",1957844,713652,-69.81,43.74,0.64,"HEX_CONUS_1858_714;HEX_CONUS_1908_627;HEX_CONUS_1908_800;HEX_CONUS_2008_800;HEX_CONUS_2058_714",2,0,0,0,1,1,29,1639.9,1704,305.95,0,0.23,"Under 0.5",2.68,4.63,0,1.98,4.01,2.45,,0,0,1,2,2,4
"HEX_CONUS_1958_887","CONUS","ME","Maine","23021","Piscataquis",1957844,886857,-69.17,45.15,1,"HEX_CONUS_1858_887;HEX_CONUS_1908_800;HEX_CONUS_1908_973;HEX_CONUS_2008_973;HEX_CONUS_2008_800;HEX_CONUS_2058_887",0,0,0,0,0,0,33,979.8,1008.3,151.25,0,0.24,"Under 0.5",1.68,7.47,15.75,1.03,8.87,0,,0,0,1,2,2,2
"HEX_CONUS_1958_1060","CONUS","ME","Maine","23003","Aroostook",1957844,1060062,-68.5,46.55,0.99,"HEX_CONUS_1858_1060;HEX_CONUS_1908_973;HEX_CONUS_1908_1147;HEX_CONUS_2008_973;HEX_CONUS_2008_1147;HEX_CONUS_2058_1060",0,0,0,0,0,0,13,76.7,78.2,0,0,0.26,"Under 0.5",24.64,10.08,11.31,1.17,13.58,0,,0,0,1,2,2,0
"HEX_CONUS_2008_973","CONUS","ME","Maine","23003","Aroostook",2007844,973460,-68.19,45.73,0.89,"HEX_CONUS_1908_973;HEX_CONUS_1958_887;HEX_CONUS_1958_1060;HEX_CONUS_2058_887;HEX_CONUS_2058_1060;HEX_CONUS_2108_973",0,0,0,0,0,0,8,456.1,460.5,107.03,0,0.26,"Under 0.5",24.64,10.08,11.31,1.17,13.58,0,,0,0,1,2,2,0
"HEX_CONUS_2008_454","CONUS","MA","Massachusetts","25001","Barnstable",2007844,453845,-70.1,41.51,0.5,"HEX_CONUS_1908_454;HEX_CONUS_1958_367;HEX_CONUS_1958_540",0,0,0,0,0,0,34,1294.6,1624.6,63.63,500,0.25,"Under 0.5",72.62,10.59,0,9.15,13.09,7.87,7,1,1,0,7,2,0
"HEX_CONUS_2008_800","CONUS","ME","Maine","23009","Hancock",2007844,800255,-68.86,44.32,0.98,"HEX_CONUS_1908_800;HEX_CONUS_1958_714;HEX_CONUS_1958_887;HEX_CONUS_2058_714;HEX_CONUS_2058_887;HEX_CONUS_2108_800",0,0,0,0,0,0,21,301.6,302.8,154.41,100,0.21,"Under 0.5",73.66,8.09,9.06,0.94,7.64,0,,0,0,1,2,2,2
"HEX_CONUS_2008_1147","CONUS","ME","Maine","23003","Aroostook",2007844,1146665,-67.49,47.13,0.15,"HEX_CONUS_1908_1147;HEX_CONUS_1958_1060;HEX_CONUS_2058_1060",1,6,1,0,1,0,6,22.4,22.4,0,0,0.26,"Under 0.5",24.64,10.08,11.31,1.17,13.58,0,,0,0,1,2,2,0
"HEX_CONUS_2058_714","CONUS","ME","Maine","23013","Knox",2057844,713652,-68.55,43.5,0.04,"HEX_CONUS_1958_714;HEX_CONUS_2008_800;HEX_CONUS_2108_800",0,0,0,0,0,0,0,0,0,0,268,0.22,"Under 0.5",14.75,5.83,6.54,1.13,5.82,0,,0,0,1,2,2,0
"HEX_CONUS_2058_887","CONUS","ME","Maine","23029","Washington",2057844,886857,-67.88,44.9,1,"HEX_CONUS_1958_887;HEX_CONUS_2008_973;HEX_CONUS_2008_800;HEX_CONUS_2108_800;HEX_CONUS_2108_973;HEX_CONUS_2158_887",0,0,0,0,0,0,11,306.5,340.6,111.08,0,0.22,"Under 0.5",47.75,8.3,0,0.98,8.41,0,,0,0,1,2,2,0
"HEX_CONUS_2058_1060","CONUS","ME","Maine","23003","Aroostook",2057844,1060062,-67.18,46.3,0.04,"HEX_CONUS_1958_1060;HEX_CONUS_2008_973;HEX_CONUS_2008_1147;HEX_CONUS_2108_973",0,0,0,0,0,0,0,0,0,55.97,0,0.26,"Under 0.5",24.64,10.08,11.31,1.17,13.58,0,,0,0,1,2,2,0
"HEX_CONUS_2108_800","CONUS","ME","Maine","23029","Washington",2107844,800255,-67.58,44.08,0.11,"HEX_CONUS_2008_800;HEX_CONUS_2058_714;HEX_CONUS_2058_887;HEX_CONUS_2158_887",0,0,0,0,0,0,0,0,0,0,0,0.22,"Under 0.5",47.75,8.3,0,0.98,8.41,0,,0,0,1,2,2,0
"HEX_CONUS_2108_973","CONUS","ME","Maine","23029","Washington",2107844,973460,-66.89,45.48,0.07,"HEX_CONUS_2008_973;HEX_CONUS_2058_887;HEX_CONUS_2058_1060;HEX_CONUS_2158_887",0,0,0,0,0,0,0,0,0,86.75,0,0.22,"Under 0.5",47.75,8.3,0,0.98,8.41,0,,0,0,1,2,2,0
"HEX_CONUS_2158_887","CONUS","ME","Maine","23029","Washington",2157844,886857,-66.6,44.65,0.1,"HEX_CONUS_2058_887;HEX_CONUS_2108_800;HEX_CONUS_2108_973",1,51,1,0,1,1,0,0,0,4.65,0,0.22,"Under 0.5",47.75,8.3,0,0.98,8.41,0,,0,0,1,2,2,1
"HEX_HI_-6908_1832","HI","HI","Hawaii","15003","Honolulu",-6908341,1832410,-178.8,28.06,0,"HEX_HI_-6808_1832",0,0,0,0,0,0,0,0,0,0,,,"Unknown",618.65,23.02,0.23,,17.71,0,40,0,0,0,4,3,0
"HEX_HI_-6808_1313","HI","HI","Hawaii","15003","Honolulu",-6808341,1312794,-174.08,25.7,0.02,"",0,0,0,0,0,0,0,0,0,0,,,"Unknown",618.65,23.02,0.23,,17.71,0,40,0,0,0,4,3,0
"HEX_HI_-6808_1832","HI","HI","Hawaii","15003","Honolulu",-6808341,1832410,-178.12,28.72,0.04,"HEX_HI_-6908_1832",0,0,0,0,0,0,0,0,0,0,,,"Unknown",618.65,23.02,0.23,,17.71,0,40,0,0,0,4,3,0
"HEX_HI_-6758_1573","HI","HI","Hawaii","15003","Honolulu",-6758341,1572602,-175.71,27.56,0.1,"HEX_HI_-6708_1659",0,0,0,0,0,0,0,0,0,0,,,"Unknown",618.65,23.02,0.23,,17.71,0,40,0,0,0,4,3,0
"HEX_HI_-6708_1659","HI","HI","Hawaii","15003","Honolulu",-6708341,1659205,-176.04,28.39,0,"HEX_HI_-6758_1573",0,0,0,0,0,0,0,0,0,0,,,"Unknown",618.65,23.02,0.23,,17.71,0,40,0,0,0,4,3,0
"HEX_HI_-6608_1140","HI","HI","Hawaii","15003","Honolulu",-6608341,1139589,-171.38,25.92,0.02,"HEX_HI_-6558_1053",0,0,0,0,0,0,0,0,0,0,,,"Unknown",618.65,23.02,0.23,,17.71,0,40,0,0,0,4,3,0
"HEX_HI_-6558_1053","HI","HI","Hawaii","15003","Honolulu",-6558341,1052987,-170.39,25.7,0.01,"HEX_HI_-6608_1140",0,0,0,0,0,0,0,0,0,0,,,"Unknown",618.65,23.02,0.23,,17.71,0,40,0,0,0,4,3,0
"HEX_HI_-6458_880","HI","HI","Hawaii","15003","Honolulu",-6458341,879782,-168.43,25.23,0.01,"HEX_HI_-6408_793",0,0,0,0,0,0,0,0,0,0,,,"Unknown",618.65,23.02,0.23,,17.71,0,40,0,0,0,4,3,0
"HEX_HI_-6408_620","HI","HI","Hawaii","15003","Honolulu",-6408341,619974,-166.28,23.85,0.07,"",0,0,0,0,0,0,0,0,0,0,,,"Unknown",618.65,23.02,0.23,,17.71,0,40,0,0,0,4,3,0
"HEX_HI_-6408_793","HI","HI","Hawaii","15003","Honolulu",-6408341,793179,-167.46,24.97,0,"HEX_HI_-6458_880",0,0,0,0,0,0,0,0,0,0,,,"Unknown",618.65,23.02,0.23,,17.71,0,40,0,0,0,4,3,0
"HEX_HI_-6308_447","HI","HI","Hawaii","15003","Honolulu",-6308341,446769,-164.38,23.3,0.01,"",0,0,0,0,0,0,0,0,0,0,,,"Unknown",618.65,23.02,0.23,,17.71,0,40,0,0,0,4,3,0
"HEX_HI_-6158_14","HI","HI","Hawaii","15007","Kauai",-6158341,13756,-160.52,21.2,0.01,"HEX_HI_-6108_100;HEX_HI_-6058_14",0,0,0,0,0,0,0,0,0,0,,,"Unknown",43.79,11.68,7.49,,20.31,0,,0,0,0,4,3,0
"HEX_HI_-6108_100","HI","HI","Hawaii","15007","Kauai",-6108341,100359,-160.67,22.09,0.02,"HEX_HI_-6158_14;HEX_HI_-6058_14;HEX_HI_-6008_100",0,0,0,0,0,0,0,0,0,0,,,"Unknown",43.79,11.68,7.49,,20.31,0,,0,0,0,4,3,0
"HEX_HI_-6108_274","HI","HI","Hawaii","15003","Honolulu",-6108341,273564,-161.76,23.28,0.02,"",0,0,0,0,0,0,0,0,0,0,,,"Unknown",618.65,23.02,0.23,,17.71,0,40,0,0,0,4,3,0
"HEX_HI_-6058_14","HI","HI","Hawaii","15007","Kauai",-6058341,13756,-159.76,21.77,0.28,"HEX_HI_-6158_14;HEX_HI_-6108_100;HEX_HI_-6008_100;HEX_HI_-5958_14",0,0,0,0,0,0,11,266.2,267.2,0,,,"Unknown",43.79,11.68,7.49,,20.31,0,,0,0,0,4,3,0
"HEX_HI_-6008_100","HI","HI","Hawaii","15007","Kauai",-6008341,100359,-159.91,22.65,0,"HEX_HI_-6108_100;HEX_HI_-6058_14;HEX_HI_-5958_14",0,0,0,0,0,0,0,0,0,0,,,"Unknown",43.79,11.68,7.49,,20.31,0,,0,0,0,4,3,0
"HEX_HI_-5958_-506","HI","HI","Hawaii","15001","Hawaii",-5958341,-505859,-155.98,18.59,0.04,"HEX_HI_-5908_-419;HEX_HI_-5858_-506",0,0,0,0,0,0,1,21,21,0,,,"Unknown",89.89,35.83,0.38,,26.43,0,4,0,0,0,4,3,0
"HEX_HI_-5958_-159","HI","HI","Hawaii","15003","Honolulu",-5958341,-159449,-157.96,21.09,0.24,"HEX_HI_-5908_-246;HEX_HI_-5908_-73;HEX_HI_-5858_-159",1,0,0,0,0,0,25,2180.7,2192.9,0,,,"Unknown",618.65,23.02,0.23,,17.71,0,40,0,0,0,4,3,0
"HEX_HI_-5958_14","HI","HI","Hawaii","15007","Kauai",-5958341,13756,-159,22.32,0.07,"HEX_HI_-6058_14;HEX_HI_-6008_100;HEX_HI_-5908_-73",0,0,0,0,0,0,2,13,13,0,,,"Unknown",43.79,11.68,7.49,,20.31,0,,0,0,0,4,3,0
"HEX_HI_-5908_-419","HI","HI","Hawaii","15001","Hawaii",-5908341,-419256,-156.08,19.49,0.41,"HEX_HI_-5958_-506;HEX_HI_-5858_-506;HEX_HI_-5858_-333;HEX_HI_-5808_-419",0,0,0,0,0,0,1,89.1,89.1,0,,,"Unknown",89.89,35.83,0.38,,26.43,0,4,0,0,0,4,3,0
"HEX_HI_-5908_-246","HI","HI","Hawaii","15009","Maui",-5908341,-246051,-157.07,20.75,0.3,"HEX_HI_-5958_-159;HEX_HI_-5858_-333;HEX_HI_-5858_-159;HEX_HI_-5808_-246",0,0,0,0,0,0,6,88.1,92.6,0,,,"Unknown",308.09,17.89,0.62,,11.86,0,6,0,0,0,4,3,0
"HEX_HI_-5908_-73","HI","HI","Hawaii","15003","Honolulu",-5908341,-72846,-158.09,21.98,0.1,"HEX_HI_-5958_-159;HEX_HI_-5958_14;HEX_HI_-5858_-159",0,0,0,0,0,0,6,184.1,184.1,0,,,"Unknown",618.65,23.02,0.23,,17.71,0,40,0,0,0,4,3,0
"HEX_HI_-5858_-506","HI","HI","Hawaii","15001","Hawaii",-5858341,-505859,-155.22,19.12,0.43,"HEX_HI_-5958_-506;HEX_HI_-5908_-419;HEX_HI_-5808_-419;HEX_HI_-5758_-506",0,0,0,0,0,0,0,0,0,0,,,"Unknown",89.89,35.83,0.38,,26.43,0,4,0,0,0,4,3,0
"HEX_HI_-5858_-333","HI","HI","Hawaii","15009","Maui",-5858341,-332654,-156.19,20.39,0.31,"HEX_HI_-5908_-419;HEX_HI_-5908_-246;HEX_HI_-5808_-419;HEX_HI_-5808_-246;HEX_HI_-5758_-333",0,0,0,0,0,0,5,280.3,280.3,0,,,"Unknown",308.09,17.89,0.62,,11.86,0,6,0,0,0,4,3,0
"HEX_HI_-5858_-159","HI","HI","Hawaii","15009","Maui",-5858341,-159449,-157.19,21.64,0.04,"HEX_HI_-5958_-159;HEX_HI_-5908_-246;HEX_HI_-5908_-73;HEX_HI_-5808_-246",0,0,0,0,0,0,0,0,0,0,,,"Unknown",308.09,17.89,0.62,,11.86,0,6,0,0,0,4,3,0
"HEX_HI_-5808_-419","HI","HI","Hawaii","15001","Hawaii",-5808341,-419256,-155.31,20.02,0.53,"HEX_HI_-5908_-419;HEX_HI_-5858_-506;HEX_HI_-5858_-333;HEX_HI_-5758_-506;HEX_HI_-5758_-333",0,0,0,0,0,0,10,246.5,246.5,0,,,"Unknown",89.89,35.83,0.38,,26.43,0,4,0,0,0,4,3,0
"HEX_HI_-5808_-246","HI","HI","Hawaii","15009","Maui",-5808341,-246051,-156.3,21.28,0.15,"HEX_HI_-5908_-246;HEX_HI_-5858_-333;HEX_HI_-5858_-159;HEX_HI_-5758_-333",0,0,0,0,0,0,5,155,160.8,0,,,"Unknown",308.09,17.89,0.62,,11.86,0,6,0,0,0,4,3,0
"HEX_HI_-5758_-506","HI","HI","Hawaii","15001","Hawaii",-5758341,-505859,-154.44,19.65,0.05,"HEX_HI_-5858_-506;HEX_HI_-5808_-419",0,0,0,0,0,0,1,47.5,51,0,,,"Unknown",89.89,35.83,0.38,,26.43,0,4,0,0,0,4,3,0
"HEX_HI_-5758_-333","HI","HI","Hawaii","15009","Maui",-5758341,-332654,-155.41,20.92,0,"HEX_HI_-5858_-333;HEX_HI_-5808_-419;HEX_HI_-5808_-246",0,0,0,0,0,0,0,0,0,0,,,"Unknown",308.09,17.89,0.62,,11.86,0,6,0,0,0,4,3,0
